order,symbol,result,fail_stage,reason,setup,rank,rank_score,entry,stop,target,risk_pct,ext_atr,hist_r,rvol_used,rvol_is_ibkr,rvol_file,vol_ratio_ibkr,cci5,cci_score,near_miss_rank,n_bars,first_bar,last_bar,open,low,close,ema20,ema40,ema50,atr14,stack_ok,green,risk_pct_if_signal,sector,last_listed,source_file
1,SIG,PASS,,green candle bounced off EMA20,EMA20,31,0.4709,103.38,97.48106606163161,112.22840090755258,5.706068812505695,2.06,6.8,0.7,False,0.7,0.44788824784629155,49.93252361673611,1.2787245029692857,,124,2026-04-13,2026-10-07,101.57,100.97,103.38,99.77433357815102,96.37399474294416,95.26479244285022,3.9326226255789267,True,True,5.706068812505698,Retail,2026-10-07,momentum_7.10.2026
2,VLO,FAIL,2_no_bounce,candle did not touch EMA20 & EMA40,,,,,,,,3.87,,,,0.6,0.3864868489039154,95.84147532975031,0.0,,124,2026-04-13,2026-10-07,423.24,421.24,424.1,395.39364909940224,374.99922519827805,365.6655079055331,15.115030043520383,True,True,5.346037506550476,Oil,2026-10-07,momentum_7.10.2026
3,FRO,FAIL,2_no_bounce,latest candle not green,,,,,,,,3.47,,,,0.99,0.675580762229799,76.58402203856717,0.0,,124,2026-04-13,2026-10-07,53.46,53.0,53.06,49.97162822627368,47.47777437292819,46.460492233601755,1.8998135380917123,True,False,5.3707506730824885,Transportation,2026-10-07,momentum_7.10.2026
4,PLTR,FAIL,2_no_bounce,candle did not touch EMA20 & EMA40,,,,,,,,3.47,,,,0.47,0.7936994459234692,101.60202360877034,0.0,,124,2026-04-13,2026-10-07,192.8,190.11,194.12,185.06119473797668,176.95801663237165,173.25596588947874,6.004588608763227,True,True,4.63985313885475,Internet,2026-10-07,momentum_7.10.2026
5,DELL,FAIL,2_no_bounce,candle did not touch EMA20 & EMA40,,,,,,,,2.64,,,,0.51,0.5102335695443428,85.40583100532182,0.0,,124,2026-04-13,2026-10-07,563.35,560.38,578.96,545.6779962657342,517.8382817288101,504.29960737090676,28.27723386249216,True,True,7.326214383331878,Computer,2026-10-07,momentum_7.10.2026
6,PBF,FAIL,2_no_bounce,latest candle not green,,,,,,,,2.65,,,,0.66,0.47207724357799535,103.0770299367929,0.0,,124,2026-04-13,2026-10-07,83.92,82.9,83.68,77.40219419308833,73.70126918043266,71.8245493530072,4.477971963921399,True,False,8.026957392306523,Oil,2026-10-07,momentum_7.10.2026
7,DHT,FAIL,2_no_bounce,latest candle not green,,,,,,,,3.05,,,,1.05,0.8869767753316469,83.33333333333378,0.0,,124,2026-04-13,2026-10-07,23.74,23.71,23.71,22.419252092919475,21.393260436358783,21.007958204603423,0.8864659351268458,True,False,5.6081775735565955,Transportation,2026-10-07,momentum_7.10.2026
8,HAFN,FAIL,2_no_bounce,candle did not touch EMA20 & EMA40,,,,,,,,3.84,,,,1.73,1.0259822805478291,113.3333333333325,0.0,,124,2026-04-13,2026-10-07,10.19,10.13,10.33,9.607036371897717,9.112870978863638,8.940235020869473,0.3614792262534992,True,True,5.248972307650037,Transportation,2026-10-07,momentum_7.10.2026
9,ANET,FAIL,2_no_bounce,candle did not touch EMA20 & EMA40,,,,,,,,2.94,,,,0.83,1.2113495223760045,94.3867044601111,0.0,,124,2026-04-13,2026-10-07,211.3,209.13,215.83,204.01616028530168,198.04028692129913,195.37946517871785,6.94454698751972,True,True,4.826400630718426,Internet,2026-10-07,momentum_7.10.2026
10,HPE,FAIL,2_no_bounce,candle did not touch EMA20 & EMA40,,,,,,,,3.97,,,,1.2,1.1470945026628871,111.65501165501149,0.0,,124,2026-04-13,2026-10-07,70.11,69.79,72.09,63.444515804956275,59.400515187815905,57.798309990930356,3.599777100587113,True,True,7.490172910085543,Computer,2026-10-07,momentum_7.10.2026
11,ABBV,PASS,,green candle bounced off EMA20,EMA20,49,0.2891,271.36,262.8111778180688,284.1832332728968,3.1503619479404477,2.35,1.0,1.3,False,1.3,1.4172531314178192,148.2718647997303,0.0,,124,2026-04-13,2026-10-07,268.4,266.89,271.36,263.4310033427768,259.9700961609402,257.9824004838288,5.699214787954128,True,True,3.150361947940446,Large Cap Pharma,2026-10-07,momentum_7.10.2026
12,DT,FAIL,2_no_bounce,latest candle not green,,,,,,,,3.91,,,,0.75,0.7211731129701381,44.153104279686794,0.0,,124,2026-04-13,2026-10-07,61.05,59.72,59.81,57.18194023786611,54.31869906901669,53.12346716501004,1.70916283050239,True,False,4.28648093254236,IT Services,2026-10-07,momentum_7.10.2026
13,BIIB,FAIL,2_no_bounce,latest candle not green,,,,,,,,0.94,,,,1.37,1.4547260959240436,63.15952824332846,1.6666666666666998,,124,2026-04-13,2026-10-07,222.93,221.4,222.15,221.94316999251723,218.5131380501495,216.77814085504824,5.725290457253273,True,False,3.865827452568044,Medical,2026-10-07,momentum_7.10.2026
14,EQH,FAIL,2_no_bounce,latest candle not green,,,,,,,,1.36,,,,0.72,0.7935313141671942,16.593460224499303,0.0,,124,2026-04-13,2026-10-07,53.88,52.94,53.23,52.767085162517475,51.84090650096269,51.300416332101356,1.4204484866026836,True,False,4.002766729107694,Insurance,2026-10-07,momentum_7.10.2026
15,PRCH,PASS,,green candle bounced off EMA20,EMA20,32,0.4655,17.31,16.059993553429074,19.185009669856385,7.2212966295258525,1.44,2.8,1.29,False,1.29,0.5997061646000098,15.375153751536716,0.0,,124,2026-04-13,2026-10-07,16.99,16.99,17.31,16.823306287886677,16.406883520923465,16.108223356811134,0.8333376310472825,True,True,7.221296629525846,Internet,2026-10-07,momentum_7.10.2026
16,CON,FAIL,2_no_bounce,latest candle not green,,,,,,,,2.49,,,,1.37,1.0802161011356568,72.22222222222241,0.0,,124,2026-04-13,2026-10-07,36.41,36.3,36.4,35.304235153011675,34.558114150272935,34.105857442354754,0.9195584984573216,True,False,3.7893894167197324,,2026-10-07,momentum_7.10.2026
17,WKC,PASS,,green candle bounced off EMA20 & EMA40,EMA20/40,41,0.4027,36.68,35.33091511789227,38.7036273231616,3.677984956673207,1.24,-2.4,1.14,False,1.14,1.0560591028617112,77.28447263331029,0.0,,124,2026-04-13,2026-10-07,36.52,36.14,36.68,35.899234701952004,35.76129532030199,35.567231279513116,0.8993899214051552,True,True,3.677984956673208,Oil,2026-10-07,momentum_7.10.2026
18,EHC,FAIL,2_no_bounce,EMA20 not rising,,,,,,,,0.92,,,,0.94,0.9728769036616334,79.19914953933393,0.0,,124,2026-04-13,2026-10-07,124.86,121.99,122.48,121.93898084822766,120.59615687609435,119.68766707138286,3.026015089797752,True,False,3.7059296494910416,Medical,2026-10-07,momentum_7.10.2026
19,ILMN,FAIL,2_no_bounce,latest candle not green,,,,,,,,2.65,,,,0.99,0.9676464192979095,-63.97695158292938,0.0,,124,2026-04-13,2026-10-07,271.99,260.45,267.76,256.02287921212314,237.35959665362793,230.30484414436694,14.11984599868998,True,False,7.909982446233556,Medical,2026-10-07,momentum_7.10.2026
20,DINO,FAIL,2_no_bounce,latest candle not green,,,,,,,,3.13,,,,0.83,0.7298339087251003,97.96940928270092,0.0,,124,2026-04-13,2026-10-07,116.3,115.26,115.63,109.50735701364101,104.26373758467628,101.70541038077354,4.449521366306261,True,False,5.772102438345923,Oil,2026-10-07,momentum_7.10.2026
21,NTRA,PASS,,green candle bounced off EMA20,EMA20,37,0.4273,395.56,371.56132475966575,431.5580128605014,6.067012650504159,2.99,8.6,1.81,False,1.81,1.3750685663325874,-158.89991325092248,0.0,,124,2026-04-13,2026-10-07,393.34,383.45,395.56,386.73621829459057,359.0438099434872,347.7246240143384,15.999116826889516,True,True,6.067012650504164,Medical Services,2026-10-07,momentum_7.10.2026
22,TWLO,FAIL,2_no_bounce,latest candle not green,,,,,,,,1.6,,,,1.08,1.1546565585073678,-145.2722295682839,0.0,,124,2026-04-13,2026-10-07,278.36,272.05,273.0,273.0079191740524,255.59843520694784,248.97847823899957,15.001626842555794,True,False,8.242652111294392,Internet,2026-10-07,momentum_7.10.2026
23,CRL,FAIL,2_no_bounce,latest candle not green,,,,,,,,2.06,,,,1.27,1.4603748867731103,5.932616106610166,0.0,,124,2026-04-13,2026-10-07,303.38,294.28,300.3,290.94336828345297,281.166994972013,275.6259064661217,11.96732024038176,True,False,5.977682437753126,Medical Services,2026-10-07,momentum_7.10.2026
24,ABCL,FAIL,2_no_bounce,latest candle not green,,,,,,,,1.94,,,,0.7,0.9474636119472155,-147.3149660100294,0.0,,124,2026-04-13,2026-10-07,12.85,12.56,12.83,12.856470073458704,11.732660059230728,11.212500384210074,0.8353105933169347,True,False,9.765907170501965,Medical,2026-10-07,momentum_7.10.2026
25,NET,FAIL,2_no_bounce,latest candle not green,,,,,,,,1.75,,,,0.67,0.691675408837635,-83.31203680040836,0.0,,124,2026-04-13,2026-10-07,353.03,341.78,342.97,339.6018480047175,322.4611307043834,315.111268761856,15.915213178641713,True,False,6.9606145633619745,Internet,2026-10-07,momentum_7.10.2026
26,ASX,FAIL,2_no_bounce,candle did not touch EMA20 & EMA40,,,,,,,,2.86,,,,0.58,0.6321755926474403,-39.49796973052793,0.0,,124,2026-04-13,2026-10-07,45.45,45.23,45.76,43.60619063179284,41.611603641070886,40.97567186303284,1.6730724628523534,True,True,5.484284734000285,Electronics,2026-10-07,momentum_7.10.2026
27,TSM,FAIL,2_no_bounce,latest candle not green,,,,,,,,3.31,,,,0.71,0.8137223475731262,-4.019523399369101,0.0,,124,2026-04-13,2026-10-07,472.6,471.3,472.2,453.432935924104,441.14770832609184,437.5275585108243,10.485225710152669,True,False,3.3307578494767056,Semi Fab Foundries,2026-10-07,momentum_7.10.2026
28,MGNI,PASS,,green candle bounced off EMA20,EMA20,27,0.5164,25.24,23.6765406593891,27.585189010916345,6.194371397032083,1.84,5.6,0.88,False,0.88,0.9763317809754066,-23.158694001520555,0.9099481376709031,,124,2026-04-13,2026-10-07,24.72,24.41,25.24,24.58236529593646,23.80051135535558,23.324953983060986,1.0423062270739307,True,True,6.194371397032077,Internet,2026-10-07,momentum_7.10.2026
29,GTLB,FAIL,2_no_bounce,candle did not touch EMA20 & EMA40,,,,,,,,3.58,,,,0.5,0.5366407422454824,76.90590965898934,0.0,,124,2026-04-13,2026-10-07,51.69,51.32,51.99,48.71149665181892,45.99068558818223,44.606322444119435,2.062961281519659,True,True,5.951994464857643,Internet,2026-10-07,momentum_7.10.2026
30,CRBG,FAIL,2_no_bounce,latest candle not green,,,,,,,,1.27,,,,0.99,1.0215884229133494,18.29773141248495,0.0,,124,2026-04-13,2026-10-07,34.9,34.21,34.4,34.150840300609,33.60748247863667,33.27299722662506,0.8856294780262639,True,False,3.8617564448819657,Insurance,2026-10-07,momentum_7.10.2026
31,PD,FAIL,2_no_bounce,latest candle not green,,,,,,,,3.46,,,,1.51,2.0990953712254723,-50.50505050505018,0.0,,124,2026-04-13,2026-10-07,15.5,15.32,15.37,14.707526313721214,13.789939710819182,13.361367163344624,0.581255609187521,True,False,5.672631189208078,Internet,2026-10-07,momentum_7.10.2026
32,ITGR,FAIL,2_no_bounce,latest candle not green,,,,,,,,14.6,,,,0.31,0.3506249797255507,114.94252873563725,0.0,37,124,2026-04-13,2026-10-07,126.6,126.47,126.59,126.01916476487709,123.18310380728366,121.25569317000016,0.3652926035407169,True,False,0.43284533163052,Medical Instruments,2026-10-07,momentum_7.10.2026
33,ANF,FAIL,2_no_bounce,latest candle not green,,,,,,,,2.22,,,,0.66,0.7994315035710856,31.661866108055325,0.0,39,124,2026-04-13,2026-10-07,139.49,138.41,139.44,136.63949778706868,130.73510160663824,127.44631314474046,5.407810990218851,True,False,5.817352614262964,Retail,2026-10-07,momentum_7.10.2026
34,VRNS,FAIL,2_no_bounce,latest candle not green,,,,,,,,2.14,,,,1.05,0.789382224252137,75.98039215686266,0.0,45,124,2026-04-13,2026-10-07,49.03,47.92,48.96,47.30699594083699,45.92749727626788,45.18436443835984,1.7660563585854894,True,False,5.4107118829212295,Security,2026-10-07,momentum_7.10.2026
35,DV,PASS,,green candle bounced off EMA20,EMA20,55,0.1855,13.5,13.392163779650893,13.66175433052366,0.7987868174007909,7.23,1.0,0.35,False,0.35,0.3073071727771403,72.9166666666515,0.016339869281021848,,124,2026-04-13,2026-10-07,13.47,13.47,13.5,13.41063028360178,13.146865085187907,12.980060640541382,0.07189081356607091,True,True,0.7987868174007879,Internet,2026-10-07,momentum_7.10.2026
36,PAYC,FAIL,2_no_bounce,candle did not touch EMA20 & EMA40,,,,,,,,1.81,,,,0.59,0.7370183514964281,-8.554486244774996,0.0,11,124,2026-04-13,2026-10-07,222.78,221.51,223.58,222.6159769281334,215.54148022075762,210.48418951529413,7.218704863781261,True,True,4.843034840178858,Internet,2026-10-07,momentum_7.10.2026
37,PARR,FAIL,2_no_bounce,latest candle not green,,,,,,,,1.57,,,,0.71,0.7755084352459091,62.047207291423824,0.0,,124,2026-04-13,2026-10-07,87.22,85.01,86.12,82.49725297041593,80.28895711372982,79.13080482312743,4.460563233195211,True,False,7.769211390841635,Oil,2026-10-07,momentum_7.10.2026
38,AVTR,FAIL,2_no_bounce,latest candle not green,,,,,,,,2.17,,,,0.68,0.706683878756739,-17.063081695967092,0.0,49,124,2026-04-13,2026-10-07,15.38,15.04,15.35,15.16941930022944,14.599633075767299,14.261438232334665,0.5013472412381591,True,False,4.899158709167678,Medical Services,2026-10-07,momentum_7.10.2026
39,CRSR,PASS,,green candle bounced off EMA20,EMA20,48,0.2982,13.59,12.71136146714683,14.907957799279755,6.465331367572995,1.98,5.4,0.57,False,0.57,0.7493437108626785,-111.95445920303679,0.0,,124,2026-04-13,2026-10-07,13.32,13.21,13.59,13.336733817533426,12.737568027961839,12.430963132998885,0.5857590219021138,True,True,6.465331367573,Gaming,2026-10-07,momentum_7.10.2026
40,WAT,FAIL,2_no_bounce,latest candle not green,,,,,,,,1.77,,,,1.01,1.0677791856171843,20.367527642438095,0.0,36,124,2026-04-13,2026-10-07,436.0,427.41,435.99,427.7995463553431,417.89202276360265,413.19902730119185,12.864496501311965,True,False,4.4259604009192755,Medical Instruments,2026-10-07,momentum_7.10.2026
41,TMO,FAIL,2_no_bounce,latest candle not green,,,,,,,,2.18,,,,0.92,0.7930351544770194,-7.335201182971068,0.0,41,124,2026-04-13,2026-10-07,662.4,651.12,662.06,654.1416372390757,632.5112435459764,622.1962196476888,18.256370049232512,True,False,4.136264851199101,Medical Instruments,2026-10-07,momentum_7.10.2026
42,FTRE,FAIL,2_no_bounce,candle did not touch EMA20 & EMA40,,,,,,,,1.48,,,,1.47,0.7741998619441476,18.99725812769284,0.0,,124,2026-04-13,2026-10-07,20.38,20.24,20.56,19.75359250664767,19.155271663634934,18.882263926103768,1.1307805154637587,True,True,8.249857846282287,Medical,2026-10-07,momentum_7.10.2026
43,AVT,FAIL,2_no_bounce,latest candle not green,,,,,,,,1.86,,,,0.67,0.6533852511190802,-42.41017457323895,0.0,,124,2026-04-13,2026-10-07,104.68,102.34,102.53,100.09652201240868,96.73375151013329,95.55096141625346,3.7556820614535056,True,False,5.494511940095833,Electronics,2026-10-07,momentum_7.10.2026
44,VIR,FAIL,2_no_bounce,candle did not touch EMA20 & EMA40,,,,,,,,1.61,,,,1.8,1.306800353513261,50.03313452617644,0.0,,124,2026-04-13,2026-10-07,11.32,11.32,11.52,11.043369532547054,10.68901829986428,10.54948421908141,0.6018321927765348,True,True,7.836356676777798,Medical,2026-10-07,momentum_7.10.2026
45,WST,FAIL,2_no_bounce,latest candle not green,,,,,,,,1.14,,,,0.78,0.5618433440685611,-11.164130728367846,0.0,,124,2026-04-13,2026-10-07,371.66,365.34,366.48,365.5041410803239,359.0442488578564,356.2414691280116,8.957295819168564,True,False,3.666214726247775,Medical,2026-10-07,momentum_7.10.2026
46,AZTA,FAIL,2_no_bounce,latest candle not green,,,,,,,,1.31,,,,1.79,1.658723600659252,-49.43330749067822,0.0,,124,2026-04-13,2026-10-07,38.24,35.55,35.89,35.30412106904798,33.58673836904728,32.85117113271887,2.3152097435294436,True,False,9.676273656434008,Medical Information Systems,2026-10-07,momentum_7.10.2026
47,NVAX,FAIL,2_no_bounce,candle did not touch EMA20 & EMA40,,,,,,,,1.61,,,,1.46,1.1372997439082284,2.226011076942667e-13,0.0,,124,2026-04-13,2026-10-07,11.01,10.91,11.22,10.591675819804248,10.005669051247418,9.818994945771037,0.8702197665948065,True,True,11.633954098861048,Medical,2026-10-07,momentum_7.10.2026
48,ETN,FAIL,2_no_bounce,latest candle not green,,,,,,,,0.61,,,,0.83,0.9231167114176604,-82.77450846220512,0.0,,124,2026-04-13,2026-10-07,435.1,423.83,431.33,429.2603304894888,424.29091514237956,422.6869390014596,14.161907223276327,True,False,4.924967156217859,Machinery,2026-10-07,momentum_7.10.2026
49,CERT,FAIL,2_no_bounce,latest candle not green,,,,,,,,1.49,,,,1.14,1.3298005346227668,-107.0983810709837,0.0,,124,2026-04-13,2026-10-07,9.17,8.93,8.96,8.90107719676136,8.48481012456497,8.303353844590664,0.44027484305082193,True,False,7.370672595716885,Medical,2026-10-07,momentum_7.10.2026
50,V,FAIL,2_no_bounce,EMA20 not rising,,,,,,,,1.18,,,,0.7,0.8334587658465448,92.38620478351648,0.0,12,124,2026-04-13,2026-10-07,369.72,369.6,372.1,367.68151083512896,366.73121656097146,365.1787485750467,5.881248798356587,True,True,2.370833968700586,Financial Transaction Services,2026-10-07,momentum_7.10.2026
51,EXEL,FAIL,2_no_bounce,latest candle not green,,,,,,,,1.19,,,,1.0,1.4301027007746197,30.90909090908872,0.8700585214379497,40,124,2026-04-13,2026-10-07,58.47,57.885,58.44,57.82672603228749,56.90962858695531,56.47232569651079,1.6528941965314006,True,False,4.2425415722058535,Medical,2026-10-07,momentum_7.10.2026
52,AAPL,FAIL,2_no_bounce,latest candle not green,,,,,,,,1.81,,,,0.76,0.7928137259070757,139.75136260640528,0.0,44,124,2026-04-13,2026-10-07,336.91,332.78,336.67,332.1520544312913,327.1452381917008,324.7791882339668,6.58043610189965,True,False,2.931848442941003,Computer,2026-10-07,momentum_7.10.2026
53,SDGR,FAIL,2_no_bounce,latest candle not green,,,,,,,,1.72,,,,2.29,1.247336978346208,-166.6666666666668,0.0,,124,2026-04-13,2026-10-07,27.81,26.87,27.29,27.673415490839137,24.689733199508375,23.5829779306181,2.1558723377614477,True,False,11.849792988795059,Medical Information Systems,2026-10-07,momentum_7.10.2026
54,APPN,FAIL,2_no_bounce,candle did not touch EMA20 & EMA40,,,,,,,,1.34,,,,1.72,2.0470264891453014,17.621145374447995,0.0,13,124,2026-04-13,2026-10-07,37.12,36.7,37.76,37.02001854372336,35.9007790890976,35.09528326640148,1.9899301935512355,True,True,7.904913374806285,Internet,2026-10-07,momentum_7.10.2026
55,HALO,FAIL,2_no_bounce,EMA20 not rising,,,,,,,,2.35,,,,0.94,1.0528745851896009,157.45028602560598,0.0,,124,2026-04-13,2026-10-07,111.62,110.15,110.79,109.72994007394634,105.76668409331965,103.40386065015068,3.148714133828948,True,False,4.263084394569385,Medical,2026-10-07,momentum_7.10.2026
56,EXPD,FAIL,2_no_bounce,latest candle not green,,,,,,,,1.46,,,,0.81,0.631937270263952,3.3846489791456875,0.0,,124,2026-04-13,2026-10-07,191.41,190.39,190.85,189.31153608091148,186.79681040622174,185.16865305712133,3.883783796806662,True,False,3.0524892298716235,Transportation,2026-10-07,momentum_7.10.2026
57,CNK,FAIL,2_no_bounce,EMA20 not rising,,,,,,,,0.73,,,,0.62,0.6597132784633001,-17.790262172284528,1.438953488372102,14,124,2026-04-13,2026-10-07,35.14,35.14,36.42,36.206766579660915,35.812982595385705,35.53393084397804,1.2218955618945704,True,True,5.032518788692629,Movie & TV Production & Dist,2026-10-07,momentum_7.10.2026
58,META,FAIL,2_no_bounce,latest candle not green,,,,,,,,2.52,,,,0.67,0.5674781708321579,-81.99053728679353,0.0,,124,2026-04-13,2026-10-07,738.14,720.15,721.31,706.4709745170843,672.2148341352192,661.8207180954445,23.61536858664505,True,False,4.910933285268134,Internet,2026-10-07,momentum_7.10.2026
59,CORT,PASS,,green candle bounced off EMA20,EMA20,52,0.2518,119.6,111.54658546687426,131.6801217996886,6.733624191576699,1.66,1.2,0.48,False,0.48,0.6041166994652282,55.883532522707426,0.0,,124,2026-04-13,2026-10-07,119.0,117.23,119.6,116.05314627460936,112.92125788383014,110.688785430955,5.368943022083818,True,True,6.733624191576696,Medical,2026-10-07,momentum_7.10.2026
60,PAYO,PASS,,green candle bounced off EMA20 & EMA40,EMA20/40,56,0.14,7.16,7.1164047876151075,7.225392818577339,0.6088716813532488,3.67,1.2,0.43,False,0.43,0.49519919971733206,83.33333333333681,0.0,,124,2026-04-13,2026-10-07,7.15,7.15,7.16,7.139718009707793,7.09929645965192,7.053224437499962,0.02906347492326158,True,True,0.6088716813532453,Financial Transaction Services,2026-10-07,momentum_7.10.2026
61,FROG,FAIL,2_no_bounce,candle did not touch EMA20 & EMA40,,,,,,,,1.52,,,,0.4,0.4259306589783929,14.986376021802037,0.0,43,124,2026-04-13,2026-10-07,97.94,95.97,98.15,94.03405076926758,91.98446855547732,90.85254750088082,4.811343627464418,True,True,7.353046807128505,Internet,2026-10-07,momentum_7.10.2026
62,AMC,FAIL,2_no_bounce,latest candle not green,,,,,,,,1.2,,,,0.81,0.6143967680708506,78.84199424393536,1.0868018498754919,,124,2026-04-13,2026-10-07,2.9,2.85,2.88,2.823176219911973,2.702354921372655,2.6441483526235365,0.19593700554317317,True,False,10.20505237204027,Leisure & Recreation Services,2026-10-07,momentum_7.10.2026
63,PM,FAIL,2_no_bounce,EMA20 not rising,,,,,,,,0.86,,,,0.88,1.178889978642919,118.59337614909833,0.0,15,124,2026-04-13,2026-10-07,191.51,190.38,192.69,190.33304274848308,189.5766714888782,188.99856491864588,4.283459333049568,True,True,3.3344693547015165,Tobacco,2026-10-07,momentum_7.10.2026
64,VSTM,FAIL,2_no_bounce,candle did not touch EMA20 & EMA40,,,,,,,,2.11,,,,1.78,1.8693416301488672,141.44411473788185,0.0,16,124,2026-04-13,2026-10-07,7.73,7.66,8.27,7.800136329845486,7.435102837579788,7.245125757106288,0.48529057312502905,True,True,8.802126477479366,Medical,2026-10-07,momentum_7.10.2026
65,HTFL,FAIL,2_no_bounce,latest candle not green,,,,,,,,1.84,,,,0.73,0.653448244579911,-31.773464504120945,0.0,,124,2026-04-13,2026-10-07,49.76,48.49,49.36,49.04814993535783,46.01027675795129,44.503263303402,2.6348384292680405,True,False,8.007004951179216,Medical Information Systems,2026-10-07,momentum_7.10.2026
66,JANX,FAIL,2_no_bounce,EMA20 not rising,,,,,,,,1.12,,,,1.45,1.680970951152901,153.17713880014256,0.0,17,124,2026-04-13,2026-10-07,16.52,16.42,17.92,17.141453095760273,17.096505741470526,16.985328277004697,0.8343381622286098,True,True,6.983857384726086,Medical,2026-10-07,momentum_7.10.2026
67,EMR,PASS,,green candle bounced off EMA20,EMA20,45,0.3809,159.22,153.3313346085926,168.05299808711106,3.698445792869857,1.44,-1.3,1.16,False,1.16,1.4665528524207192,-41.60554740632059,0.0,,124,2026-04-13,2026-10-07,158.35,157.59,159.22,156.47962295851616,154.4215271979768,153.56616178253697,3.9257769276049266,True,True,3.698445792869859,Machinery,2026-10-07,momentum_7.10.2026
68,TWST,FAIL,2_no_bounce,latest candle not green,,,,,,,,0.72,,,,2.67,2.2560598338421185,-159.06813828039216,0.0,,124,2026-04-13,2026-10-07,158.26,152.5,155.65,167.6178443252441,151.49432731596494,144.7698795640002,15.124678355400066,True,False,14.575661762351494,Medical,2026-10-07,momentum_7.10.2026
69,PGEN,FAIL,2_no_bounce,close below EMA20,,,,,,,,0.96,,,,0.76,0.5313257489501646,-91.45053234370214,1.1809975273961588,,124,2026-04-13,2026-10-07,7.38,7.35,7.54,7.672945155212962,7.282971579820466,7.091957470101258,0.4668987433516723,True,True,9.288436538826373,Medical,2026-10-07,momentum_7.10.2026
70,OABI,FAIL,2_no_bounce,close below EMA20,,,,,,,,1.45,,,,0.86,1.2200930905054372,-78.45921848235047,1.666666666666655,,124,2026-04-13,2026-10-07,4.35,4.335,4.56,4.59917378815202,4.253115776958365,4.07639948745799,0.33358307122654374,True,True,10.973127342978414,Medical,2026-10-07,momentum_7.10.2026
71,FIVN,FAIL,3_risk_guard,risk_pct 8.66 > max_risk_pct 8.0,EMA40/50,,,33.78,30.85607557353918,38.16588663969124,8.655785750328068,0.81,,,,0.73,0.667721059465847,-95.78368469294222,0.0,4,124,2026-04-13,2026-10-07,33.0,32.7,33.78,34.224321397918274,32.95930019130578,32.19157301856746,1.9492829509738816,True,True,8.655785750328072,Internet,2026-10-07,momentum_7.10.2026
72,SWKS,FAIL,2_no_bounce,EMA20 not rising,,,,,,,,1.18,,,,1.28,1.1930772024717937,-28.794194843293315,1.4106817590424172,,124,2026-04-13,2026-10-07,81.14,80.9,83.43,83.77315307200581,79.6476430364873,78.02767571706347,4.563586520993519,True,True,8.204938009697086,Semi Radio Frequency,2026-10-07,momentum_7.10.2026
73,RNG,FAIL,2_no_bounce,latest candle not green,,,,,,,,2.51,,,,0.67,0.4901649701502521,-111.36192626034537,0.0,,124,2026-04-13,2026-10-07,76.88,76.32,76.54,75.30398145306255,70.74794246791404,68.45372595738148,3.2236761060603034,True,False,6.317630205239685,Internet Software Services,2026-10-07,momentum_7.10.2026
74,PFE,FAIL,2_no_bounce,EMA20 not rising,,,,,,,,1.0,,,,0.88,0.921525953837205,34.62321792260769,1.5293244246473747,18,124,2026-04-13,2026-10-07,27.62,27.55,28.0,27.964946651015687,27.637692785722493,27.460974661079074,0.5374423859415638,True,True,2.879155638972663,Large Cap Pharma,2026-10-07,momentum_7.10.2026
75,SNOW,FAIL,2_no_bounce,latest candle not green,,,,,,,,1.03,,,,0.5,0.6144026578792195,-166.66666666666666,0.0,,124,2026-04-13,2026-10-07,333.42,332.0,332.85,334.0584097504096,325.18852142754184,318.8740241655293,13.547737178283349,True,False,6.105334465202049,Internet,2026-10-07,momentum_7.10.2026
76,GO,PASS,,green candle bounced off EMA20 & EMA40,EMA20/40,36,0.4309,11.94,11.176125969646302,13.085811045530546,6.397604944335828,1.74,3.9,0.57,False,0.57,0.6996617539656639,62.0155038759687,0.5691056910569139,,124,2026-04-13,2026-10-07,11.36,11.36,11.94,11.435653468732239,11.211188202035565,11.05538579941187,0.5092493535691319,True,True,6.3976049443358285,Consumer Prdts,2026-10-07,momentum_7.10.2026
77,HNGE,PASS,,green candle bounced off EMA20,EMA20,42,0.3955,97.86,92.03766752585236,106.59349871122146,5.949655093140858,2.05,2.2,1.4,False,1.4,0.6302261196756573,12.121212121213924,0.0,,124,2026-04-13,2026-10-07,97.2,96.83,97.86,94.93959593714115,91.68265459054297,89.89779154331136,3.8815549827650973,True,True,5.94965509314086,Medical Information Systems,2026-10-07,momentum_7.10.2026
78,RAL,FAIL,2_no_bounce,latest candle not green,,,,,,,,2.35,,,,0.88,1.01591056004943,10.017352894778815,0.0,,124,2026-04-13,2026-10-07,73.13,72.11,72.91,69.91884880837824,68.3996185444277,67.8691248561018,2.149325827830146,True,False,4.421874560067507,Technology Services,2026-10-07,momentum_7.10.2026
79,WEAV,FAIL,2_no_bounce,latest candle not green,,,,,,,,5.24,,,,0.21,0.4346432962090919,18.518518518517148,0.0,19,124,2026-04-13,2026-10-07,7.37,7.37,7.37,7.313480829213805,7.133949243429305,7.036748705545066,0.0636051004899978,True,False,1.294540715535912,Internet,2026-10-07,momentum_7.10.2026
80,HPK,FAIL,2_no_bounce,candle did not touch EMA20 & EMA40,,,,,,,,1.39,,,,1.28,1.0654636570252423,137.93103448275855,0.0,20,124,2026-04-13,2026-10-07,8.37,8.14,8.52,8.038915917734977,7.934418090968937,7.870100274300581,0.4684102171690352,True,True,8.246658752975971,Oil,2026-10-07,momentum_7.10.2026
81,SXC,FAIL,2_no_bounce,latest candle not green,,,,,,,,0.79,,,,0.85,1.3533022771302297,-12.847965738757587,0.0,,124,2026-04-13,2026-10-07,9.96,9.67,9.83,9.765137496750144,9.642237694651142,9.547702613927123,0.35856022280596184,True,False,5.4714174385446865,Coal,2026-10-07,momentum_7.10.2026
82,LIND,FAIL,2_no_bounce,latest candle not green,,,,,,,,3.89,,,,1.44,0.9010136972473906,23.934140224620744,0.0,,124,2026-04-13,2026-10-07,35.24,34.57,35.01,31.103497346465364,29.916097423493156,29.512402920838543,1.413540392810959,True,False,6.056299883508822,Leisure & Recreation Services,2026-10-07,momentum_7.10.2026
83,MRVI,FAIL,2_no_bounce,latest candle not green,,,,,,,,0.62,,,,1.27,1.3800760548942639,-83.11091340450754,0.0,,124,2026-04-13,2026-10-07,7.65,7.22,7.43,7.53785528845393,7.279569795720282,7.1370785493815925,0.47078327306852596,True,False,9.50437294216405,Medical Products,2026-10-07,momentum_7.10.2026
84,NNBR,FAIL,2_no_bounce,candle did not touch EMA20 & EMA40,,,,,,,,1.38,,,,0.68,0.5714741539178367,-28.341984260893014,0.0,,124,2026-04-13,2026-10-07,3.95,3.895,4.02,3.7851684697139865,3.660530467679889,3.6062345680529,0.30038705739838945,True,True,11.208472290984682,Metal Production & Fabrication,2026-10-07,momentum_7.10.2026
85,ESTC,FAIL,2_no_bounce,latest candle not green,,,,,,,,2.47,,,,0.39,0.4266942455142555,-17.04260651629124,0.0,,124,2026-04-13,2026-10-07,93.82,93.1,93.1,90.28981288400163,86.10545437323336,83.91183821259116,3.7242083562998407,True,False,6.000335697582988,Internet,2026-10-07,momentum_7.10.2026
86,W,PASS,,green candle bounced off EMA20,EMA20,25,0.5173,104.47,97.26927649176399,115.271085262354,6.8926232490054655,1.08,9.9,0.56,False,0.56,0.6712696439201121,23.45910964980908,0.0,,124,2026-04-13,2026-10-07,102.76,102.69,104.47,102.17745481723244,100.44407180124641,99.26826933546238,4.800482338824005,True,True,6.892623249005464,Internet Commerce,2026-10-07,momentum_7.10.2026
87,IOT,FAIL,2_no_bounce,latest candle not green,,,,,,,,0.83,,,,0.67,0.6684496594741871,-24.588648548715035,0.0,,124,2026-04-13,2026-10-07,41.6,40.18,40.51,39.840511184004214,39.24211361445106,38.851674019814844,1.9940572507705565,True,False,7.38357412035506,Internet,2026-10-07,momentum_7.10.2026
88,DK,FAIL,2_no_bounce,latest candle not green,,,,,,,,1.52,,,,0.61,0.4392553694016233,86.9911416343192,0.0,,124,2026-04-13,2026-10-07,76.14,74.69,75.46,73.10326920986883,70.92548311213284,69.52423631204009,3.896600429473861,True,False,7.745693936139402,Oil,2026-10-07,momentum_7.10.2026
89,CAKE,FAIL,2_no_bounce,latest candle not green,,,,,,,,1.46,,,,0.52,0.42448792567903176,-77.23205206426617,0.0,,124,2026-04-13,2026-10-07,107.45,106.55,106.99,105.67044810218462,103.60873544904842,101.97231318713179,3.435726405748145,True,False,4.816889063110775,Retail,2026-10-07,momentum_7.10.2026
90,WNC,FAIL,2_no_bounce,candle did not touch EMA20 & EMA40,,,,,,,,1.47,,,,0.82,0.766032113396867,6.176529189081328,0.0,,124,2026-04-13,2026-10-07,13.57,13.39,13.71,12.939654841139815,12.732993614808109,12.610855932648986,0.745389524646248,True,True,8.15524644033094,Auto,2026-10-07,momentum_7.10.2026
91,TECH,PASS,,green candle bounced off EMA20 & EMA40,EMA20/40,47,0.3045,72.53,72.23586845183152,72.97119732225272,0.4055308812470421,6.39,-1.2,1.06,False,1.06,0.9599802904817372,55.55555555558626,0.6547619047617644,,124,2026-04-13,2026-10-07,72.43,72.43,72.53,72.42071261736848,71.84337509079229,71.27698078572364,0.19608769877898233,True,True,0.4055308812470336,Medical,2026-10-07,momentum_7.10.2026
92,CBZ,FAIL,2_no_bounce,latest candle not green,,,,,,,,12.93,,,,0.64,0.8229690253643906,131.72043010753615,0.0,42,124,2026-04-13,2026-10-07,54.78,54.73,54.75,54.589907639808416,53.250090192486844,52.20071158388843,0.1972165242358652,True,False,0.5403192444818224,Consulting,2026-10-07,momentum_7.10.2026
93,MRX,FAIL,2_no_bounce,latest candle not green,,,,,,,,0.45,,,,0.91,1.1943300453532768,-39.723661485319205,0.0,,129,2026-04-06,2026-10-07,72.97,69.75,71.88,72.44994337418323,71.24454736502601,70.41955803738034,3.2654678758442226,True,False,6.814415433731684,Finance,2026-10-07,momentum_7.10.2026
94,PSNL,PASS,,green candle bounced off EMA40 & EMA50,EMA40/50,9,0.6791,16.0,15.23775138103464,17.14337292844804,4.764053868533502,1.03,6.6,1.32,False,1.32,1.7984893071918076,-155.28350515463947,0.0,,124,2026-04-13,2026-10-07,15.76,15.68,16.0,16.239013995307026,15.810632467865158,15.477236462320871,0.5081657459769068,True,True,4.764053868533501,Medical,2026-10-07,momentum_7.10.2026
95,LILAK,FAIL,2_no_bounce,candle did not touch EMA20 & EMA40,,,,,,,,2.06,,,,1.65,1.066801022894119,83.64544319600566,0.0,,124,2026-04-13,2026-10-07,8.81,8.81,8.85,8.572849672875135,8.40989070282901,8.288347934069858,0.2725631258014906,True,True,4.619713996635435,Wireless National,2026-10-07,momentum_7.10.2026
96,EDU,PASS,,green candle bounced off EMA40 & EMA50,EMA40/50,53,0.24,57.3,55.184374837257316,60.47343774411402,3.6921905108947315,1.43,-1.9,0.3,False,0.3,0.37932655100860546,76.35829662261351,0.0,,124,2026-04-13,2026-10-07,56.03,56.02,57.3,56.14153092165923,55.63479399752559,55.286242894083344,1.4104167751617884,True,True,3.692190510894734,Schools,2026-10-07,momentum_7.10.2026
97,YEXT,PASS,,green candle bounced off EMA20,EMA20,50,0.2691,6.62,6.212020411985304,7.231969382022044,6.162833655811113,1.76,0.9,0.6,False,0.6,0.6385040337036448,-11.111111111115454,0.0,,124,2026-04-13,2026-10-07,6.56,6.47,6.62,6.465530238559627,6.2671743714972115,6.141695879309719,0.271986392009797,True,True,6.16283365581111,Technology Services,2026-10-07,momentum_7.10.2026
98,RNW,PASS,,green candle bounced off EMA20 & EMA40,EMA20/40,54,0.2191,6.89,6.837702487115736,6.968446269326394,0.7590350200909045,5.69,4.5,0.49,False,0.49,0.8455841238933124,79.71014492753909,0.0,,124,2026-04-13,2026-10-07,6.86,6.86,6.89,6.838056678188591,6.749592739105709,6.691771870204392,0.03486500858950885,True,True,0.7590350200909038,Other Alt Energy,2026-10-07,momentum_7.10.2026
99,GH,PASS,,green candle bounced off EMA50,EMA50,2,0.7718,168.33,155.62897087356188,187.3815436896572,7.545315229868786,0.25,7.2,1.07,False,1.07,1.1842665562993049,-164.39204285445152,0.0,,124,2026-04-13,2026-10-07,166.5,165.0,168.33,173.7826913458687,168.98688633687897,166.22000968791633,8.467352750958753,True,True,7.545315229868786,Medical,2026-10-07,momentum_7.10.2026
100,XNCR,FAIL,3_risk_guard,risk_pct 8.02 > max_risk_pct 8.0,EMA40/50,,,24.26,22.313160591573443,27.18025911263984,8.024894511238907,0.55,,,,1.24,0.6558239550936015,-154.06976744186053,0.0,1,124,2026-04-13,2026-10-07,24.11,23.67,24.26,24.79627337573788,24.128619493841086,23.55115995538232,1.2978929389510383,True,True,8.0248945112389,Medical,2026-10-07,momentum_7.10.2026
101,ATRC,FAIL,2_no_bounce,EMA20 not rising,,,,,,,,1.24,,,,0.66,0.4141344558527997,-105.18067846607633,0.0,,124,2026-04-13,2026-10-07,53.35,52.98,53.31,55.23550317127472,52.01667325574743,50.29699146226696,2.437445182235943,True,False,6.858315087889541,Medical Products,2026-10-07,momentum_7.10.2026
102,IQV,FAIL,2_no_bounce,EMA20 not rising,,,,,,,,0.78,,,,0.97,0.8520587998972545,-95.32726948457407,0.0,,124,2026-04-13,2026-10-07,261.41,255.05,258.11,263.7670006409205,256.7916662449295,252.19267733573932,7.5746322397824795,True,False,4.4019791405500435,Medical Instruments,2026-10-07,momentum_7.10.2026
103,MET,FAIL,2_no_bounce,EMA20 not rising,,,,,,,,0.28,,,,0.95,0.7537517891977924,19.503546099290343,0.0,,124,2026-04-13,2026-10-07,96.34,95.42,95.78,96.1537599401345,95.75392473804465,95.24905821752795,1.9169949354522655,True,False,3.0021845930031303,Insurance,2026-10-07,momentum_7.10.2026
104,ARX,FAIL,2_no_bounce,latest candle not green,,,,,,,,10.14,,,,0.4,0.804369969876079,115.3846153847126,0.0,21,124,2026-04-13,2026-10-07,19.75,19.73,19.75,19.60576348463625,18.79704813653448,18.364813741836425,0.13661693517495543,True,False,1.0375969760123198,Insurance,2026-10-07,momentum_7.10.2026
105,CVLT,FAIL,2_no_bounce,latest candle not green,,,,,,,,1.59,,,,1.25,1.2915739637941968,-24.611692251958058,0.0,,124,2026-04-13,2026-10-07,152.76,148.43,150.28,146.7492528508825,142.85770433238469,141.23190194790197,5.6958860655756505,True,False,5.685273554939763,Computer,2026-10-07,momentum_7.10.2026
106,SONO,FAIL,2_no_bounce,latest candle not green,,,,,,,,1.13,,,,0.98,1.0915724453369837,-155.7971014492746,0.0,,124,2026-04-13,2026-10-07,17.16,16.93,16.98,16.989176669140424,16.41628872659157,16.22274951685653,0.6721344346343001,True,False,5.937583344825973,Audio & Video Products,2026-10-07,momentum_7.10.2026
107,TXG,FAIL,2_no_bounce,latest candle not green,,,,,,,,1.04,,,,2.83,3.119085174905758,-156.23209301465857,0.0,,124,2026-04-13,2026-10-07,77.63,73.0,76.1,80.81668713747953,72.59916214417402,69.09579464087095,6.7422129885214614,True,False,13.28951311797923,Medical Information Systems,2026-10-07,momentum_7.10.2026
108,ADPT,FAIL,2_no_bounce,latest candle not green,,,,,,,,0.38,,,,0.91,0.912609507390868,-157.0385126162023,0.0,,124,2026-04-13,2026-10-07,26.8,25.86,26.28,27.48436864623039,26.33323642364266,25.72803574818032,1.4489202707728706,True,False,8.270092869708167,Medical,2026-10-07,momentum_7.10.2026
109,IMAX,FAIL,2_no_bounce,EMA20 not rising,,,,,,,,0.24,,,,0.89,0.998908196175495,-85.6102003642973,1.6603239656518372,,124,2026-04-13,2026-10-07,51.06,50.5,51.45,52.947999634845424,51.7754840459257,50.9866990936956,1.8979040931708593,True,True,5.533248085046237,Movie & TV Production & Dist,2026-10-07,momentum_7.10.2026
110,AGEN,FAIL,2_no_bounce,EMA20 not rising,,,,,,,,0.08,,,,0.92,1.105433781299353,-107.9229109290985,0.0,,124,2026-04-13,2026-10-07,7.28,7.27,7.57,8.223910252612177,7.769881719859671,7.514462775793086,0.6729492777171016,True,True,13.334529941554191,Medical,2026-10-07,momentum_7.10.2026
111,ACCO,PASS,,green candle bounced off EMA20 & EMA40,EMA20/40,43,0.3936,4.42,4.242661794994148,4.686007307508778,4.012176583842807,1.53,3.2,0.62,False,0.62,0.7231002886137435,85.49222797927408,0.0,,124,2026-04-13,2026-10-07,4.34,4.33,4.42,4.294468821915919,4.26256791329638,4.238989744896054,0.11822547000390157,True,True,4.012176583842813,Consumer Prdts,2026-10-07,momentum_7.10.2026
112,PCTY,FAIL,2_no_bounce,pullback closed below EMA20 (not a shallow pullback),,,,,,,,1.24,,,,0.8,0.5870199551184656,166.66666666666293,0.0,22,124,2026-04-13,2026-10-07,146.62,146.08,148.02,145.7342421900638,144.2213567715556,142.58434046457418,4.3752462561042,True,True,4.433772047126267,Internet,2026-10-07,momentum_7.10.2026
113,HCA,PASS,,green candle bounced off EMA20 & EMA40,EMA20/40,39,0.4164,439.17,421.12707609645196,466.2343858553221,4.1084144872254615,1.57,-0.9,0.76,False,0.76,0.7118052446021169,99.71356963838164,1.179132513661222,,124,2026-04-13,2026-10-07,431.76,427.59,439.17,428.25468468536775,422.2420299524989,420.30907528033214,12.02861593569872,True,True,4.108414487225466,Medical Services,2026-10-07,momentum_7.10.2026
114,SPT,PASS,,green candle bounced off EMA40 & EMA50,EMA40/50,44,0.3836,10.56,9.747498582670804,11.778752125993794,7.694142209556783,1.24,-4.5,0.8,False,0.8,0.6799167144268373,166.00529100529107,0.0,,124,2026-04-13,2026-10-07,10.08,10.03,10.56,10.204721049533097,10.050842149779275,9.886750482824333,0.5416676115527981,True,True,7.694142209556791,Internet,2026-10-07,momentum_7.10.2026
115,SBH,PASS,,green candle bounced off EMA50,EMA50,7,0.7255,16.5,15.6602050460562,17.7596924309157,5.089666387538181,0.81,5.7,1.21,False,1.21,1.3637089600889318,115.72832886506063,0.0,,124,2026-04-13,2026-10-07,16.16,16.11,16.5,16.356552388063154,16.1786110654236,16.047851581223377,0.5598633026292,True,True,5.089666387538182,Retail,2026-10-07,momentum_7.10.2026
116,DNA,FAIL,2_no_bounce,latest candle not green,,,,,,,,1.61,,,,3.19,2.364580472604939,-107.18711276332094,0.0,,124,2026-04-13,2026-10-07,11.8,10.81,11.47,10.503333570511739,9.382603440823999,9.13090521201595,1.4505811797155241,True,False,18.9701113301943,Medical,2026-10-07,momentum_7.10.2026
117,NWL,FAIL,1_no_uptrend_stack,not in general uptrend (need EMA20 > EMA40 > EMA50),,,,,,,,0.44,,,,0.53,0.6659097139217659,111.368909512761,0.0,,124,2026-04-13,2026-10-07,5.52,5.48,5.72,5.591741571295598,5.640754469047017,5.612879062942727,0.24105764015969233,False,True,6.321441612579344,Consumer Prdts,2026-10-07,momentum_7.10.2026
118,SAIL,FAIL,2_no_bounce,latest candle not green,,,,,,,,0.52,,,,1.53,0.9915551376118235,-166.66666666666666,0.0,,124,2026-04-13,2026-10-07,20.37,19.49,19.58,20.06658381256455,19.35535647660914,18.977583287591603,1.162052776549362,True,False,8.902345070602877,Internet,2026-10-07,momentum_7.10.2026
119,DHR,PASS,,green candle bounced off EMA40 & EMA50,EMA40/50,28,0.5055,218.49,208.62315075645043,233.29027386532437,4.515927156185446,1.26,2.5,1.02,False,1.02,0.9808006323470404,24.81755033852011,0.0,,124,2026-04-13,2026-10-07,217.77,214.39,218.49,216.39357222558084,212.17909447455477,210.20128617728494,6.577899495699712,True,True,4.515927156185439,Medical Services,2026-10-07,momentum_7.10.2026
120,MA,FAIL,2_no_bounce,EMA20 not rising,,,,,,,,0.84,,,,0.65,0.864124948475381,100.19765850691769,0.0,23,124,2026-04-13,2026-10-07,567.49,567.0,570.06,565.0192838588008,564.5360191790419,562.2878592260547,9.300479180551699,True,True,2.447236917311783,Financial Transaction Services,2026-10-07,momentum_7.10.2026
121,MTN,FAIL,1_no_uptrend_stack,not in general uptrend (need EMA20 > EMA40 > EMA50),,,,,,,,0.77,,,,0.84,0.5678303361491847,94.7659672584735,0.0,,124,2026-04-13,2026-10-07,144.5,143.63,144.67,140.34570191408253,140.92977518990332,141.03828926223412,4.733352370210255,False,True,4.907740758495461,Leisure & Recreation Services,2026-10-07,momentum_7.10.2026
122,SHO,PASS,,green candle bounced off EMA20 & EMA40,EMA20/40,20,0.57,11.2,10.889542745193268,11.665685882210097,2.7719397750601047,0.13,-4.1,0.68,False,0.68,0.8734699201149531,-117.69759450171868,0.0,,124,2026-04-13,2026-10-07,11.19,11.09,11.2,11.189705049876615,11.179638653425004,11.173793047790479,0.20697150320448757,True,True,2.7719397750601016,REIT,2026-10-07,momentum_7.10.2026
123,CLOV,FAIL,2_no_bounce,pullback closed below EMA20 (not a shallow pullback),,,,,,,,0.63,,,,1.75,1.054838420649906,58.625131351479595,0.0,24,124,2026-04-13,2026-10-07,4.55,4.5276,4.56,4.477962009813888,4.45168211336602,4.426958098348121,0.21256577498829005,True,True,6.992295229877962,Medical Information Systems,2026-10-07,momentum_7.10.2026
124,FAST,FAIL,2_no_bounce,latest candle not green,,,,,,,,0.32,,,,0.95,1.1390268866694455,-58.15709969788589,0.0,,124,2026-04-13,2026-10-07,50.49,49.77,49.83,50.09004949545401,49.74037343229897,49.51861221585027,0.9722656258909618,True,False,2.926747820261775,Industrial Services,2026-10-07,momentum_7.10.2026
125,LTH,FAIL,1_no_uptrend_stack,not in general uptrend (need EMA20 > EMA40 > EMA50),,,,,,,,-0.5,,,,0.51,0.5718734388015599,-6.7829457364341685,0.0,,124,2026-04-13,2026-10-07,40.44,40.09,40.5,40.69226444423076,41.21994215860352,41.15153644606798,1.290768752760809,False,True,4.780625010225218,Leisure & Recreation Services,2026-10-07,momentum_7.10.2026
126,PLX,PASS,,green candle bounced off EMA20,EMA20,30,0.4873,2.71,2.562309612794842,2.9315355808077372,5.449829786168194,1.28,-1.3,1.0,False,1.0,0.9843225131324652,97.37827715356033,0.6258755253151886,,124,2026-04-13,2026-10-07,2.7,2.68,2.71,2.6940352755269843,2.619509106731795,2.58406552884257,0.098460258136772,True,True,5.449829786168192,Medical,2026-10-07,momentum_7.10.2026
127,IVZ,FAIL,1_no_uptrend_stack,not in general uptrend (need EMA20 > EMA40 > EMA50),,,,,,,,-0.35,,,,1.03,0.9362807824954033,-75.6772673733805,0.0,,124,2026-04-13,2026-10-07,30.01,29.86,30.5,30.819775918970215,30.915962578156098,30.793266344824268,0.831848554736168,False,True,4.09105846591558,Finance,2026-10-07,momentum_7.10.2026
128,LNG,FAIL,2_no_bounce,EMA20 not rising,,,,,,,,0.18,,,,0.64,0.5725918168743034,45.34452764541357,0.0,,124,2026-04-13,2026-10-07,275.63,270.95,272.2,273.09119807799544,272.11744412710726,270.89930952994007,7.258431584119007,True,False,3.999870454143464,Oil,2026-10-07,momentum_7.10.2026
129,LNC,FAIL,1_no_uptrend_stack,not in general uptrend (need EMA20 > EMA40 > EMA50),,,,,,,,-0.76,,,,1.65,2.3933632595732135,25.67731500202155,0.0,,124,2026-04-13,2026-10-07,41.5,40.37,41.0,41.61337283126379,42.01612354007392,41.934508731021914,1.2307606075256148,False,False,4.502782710459567,Insurance,2026-10-07,momentum_7.10.2026
130,GDYN,FAIL,2_no_bounce,latest candle not green,,,,,,,,0.3,,,,0.39,0.6250020608251674,-78.00224466891144,0.0,,124,2026-04-13,2026-10-07,7.71,7.65,7.67,7.836464308283489,7.681370119039579,7.57717650622593,0.3073097207588563,True,False,6.009968463341388,IT Services,2026-10-07,momentum_7.10.2026
131,PAY,FAIL,1_no_uptrend_stack,not in general uptrend (need EMA20 > EMA40 > EMA50),,,,,,,,-1.44,,,,0.63,0.43296406408187915,39.999999999999744,0.0,,124,2026-04-13,2026-10-07,31.58,31.24,31.32,32.54901001912938,33.43970582959797,33.34221253481974,1.4090331136621468,False,False,6.74824288152369,Financial Transaction Services,2026-10-07,momentum_7.10.2026
132,SNX,FAIL,2_no_bounce,latest candle not green,,,,,,,,0.88,,,,0.69,0.40186946107863925,-53.18002595939643,0.0,,124,2026-04-13,2026-10-07,275.0,270.71,271.52,267.88798332059656,263.7741456073482,262.201595009966,10.640164741879609,True,False,5.878111046265253,IT Services,2026-10-07,momentum_7.10.2026
133,PEB,FAIL,2_no_bounce,latest candle not green,,,,,,,,0.75,,,,1.53,1.2204910281492776,-69.84412470023983,0.0,,124,2026-04-13,2026-10-07,18.85,18.59,18.71,18.56410516865323,18.40988746761851,18.32770445200036,0.5113805353318389,True,False,4.099790502393151,REIT,2026-10-07,momentum_7.10.2026
134,GEO,FAIL,2_no_bounce,EMA20 not rising,,,,,,,,-0.12,,,,1.15,1.6224000604242708,-85.33042846768299,0.0,,124,2026-04-13,2026-10-07,29.7,29.56,30.52,31.01678393100433,30.92575861147513,30.7014384925219,1.4531077893264295,True,True,7.141748636925441,Government Services,2026-10-07,momentum_7.10.2026
135,SEIC,FAIL,1_no_uptrend_stack,not in general uptrend (need EMA20 > EMA40 > EMA50),,,,,,,,-0.81,,,,0.75,0.5879873618999781,-94.08324733401915,0.0,,124,2026-04-13,2026-10-07,102.84,100.87,102.07,104.42442315576552,104.48868695223497,103.90979681296236,2.258703895749877,False,False,3.3193453939696442,Finance,2026-10-07,momentum_7.10.2026
136,EMBJ,FAIL,2_no_bounce,EMA20 not rising,,,,,,,,-0.55,,,,1.42,1.6024939437192218,-149.08342686120503,0.0,,124,2026-04-13,2026-10-07,74.24,71.25,71.81,74.96314148059083,73.91523108328767,73.21764927154915,2.5572521152222842,True,False,5.341704738662339,Aerospace,2026-10-07,momentum_7.10.2026
137,BDX,FAIL,2_no_bounce,EMA20 not rising,,,,,,,,0.59,,,,1.05,1.1567389939429868,30.87885985748038,0.0,,124,2026-04-13,2026-10-07,180.34,177.91,180.16,180.91153467627575,179.27892930724056,177.73193762587138,4.124536636160532,True,False,3.434061364476465,Medical,2026-10-07,momentum_7.10.2026
138,INTA,FAIL,2_no_bounce,pullback closed below EMA20 (not a shallow pullback),,,,,,,,0.89,,,,1.27,1.2489241618202296,136.44948064211746,0.0,25,124,2026-04-13,2026-10-07,37.03,37.03,37.6,37.205027542572964,36.83743226836473,36.24462977335826,1.524910897786011,True,True,6.0834211347846185,Internet,2026-10-07,momentum_7.10.2026
139,ET,FAIL,1_no_uptrend_stack,not in general uptrend (need EMA20 > EMA40 > EMA50),,,,,,,,-0.42,,,,1.12,1.1953614942272066,24.69135802469203,0.0,,129,2026-04-06,2026-10-07,20.76,20.15,20.48,20.613243350691263,20.685135661181867,20.646975954330138,0.39954726775793303,False,False,2.9263715900239236,Oil Gas Prod Pipeline MLP,2026-10-07,momentum_7.10.2026
140,MMSI,FAIL,2_no_bounce,EMA20 not rising,,,,,,,,0.01,,,,0.57,0.9205251669640826,-140.08859357696565,0.0,,124,2026-04-13,2026-10-07,84.93,84.73,85.09,86.56825294472404,85.90675215629925,85.0755967910705,2.045270024503251,True,True,3.60548247356314,Medical,2026-10-07,momentum_7.10.2026
141,CTAS,FAIL,1_no_uptrend_stack,not in general uptrend (need EMA20 > EMA40 > EMA50),,,,,,,,-0.01,,,,0.83,0.5982490809582288,121.56438677119873,0.0,,124,2026-04-13,2026-10-07,196.39,195.84,197.19,197.46093466407203,197.81965560387746,197.21667470006386,3.7323860302438536,False,True,2.839180001706872,Textile,2026-10-07,momentum_7.10.2026
142,THC,PASS,,green candle bounced off EMA40 & EMA50,EMA40/50,34,0.45,259.83,248.58302005665752,276.7004699150137,4.328591749737316,0.97,-1.5,0.61,False,0.61,0.7196248521313413,25.487347136454183,0.0,,124,2026-04-13,2026-10-07,256.45,256.45,259.83,259.24623541942606,255.9315210020248,252.57009830356034,7.497986628894971,True,True,4.328591749737312,Medical,2026-10-07,momentum_7.10.2026
143,ICLR,FAIL,2_no_bounce,EMA20 not rising,,,,,,,,-0.17,,,,0.92,0.6669347045608295,-78.36391437308856,0.0,,124,2026-04-13,2026-10-07,160.93,157.37,164.08,166.93439312845945,166.38482738808204,165.35998075824833,7.325439110918753,True,True,6.6968300014493725,Medical Services,2026-10-07,momentum_7.10.2026
144,STGW,PASS,,green candle bounced off EMA50,EMA50,19,0.5809,8.65,8.232900051707928,9.27564992243811,4.821964720139569,1.04,-1.0,1.51,False,1.51,1.417565310474142,66.33141762452169,0.0,,124,2026-04-13,2026-10-07,8.41,8.41,8.65,8.453144664617634,8.42337516065679,8.36191958016495,0.278066632194715,True,True,4.821964720139567,Advertising Marketing Services,2026-10-07,momentum_7.10.2026
145,PK,PASS,,green candle bounced off EMA50,EMA50,8,0.7255,15.2,14.59687844639882,16.10468233040177,3.967904957902493,0.23,1.9,1.14,False,1.14,1.6799090716131782,-135.25026624068138,0.0,,124,2026-04-13,2026-10-07,15.15,14.98,15.2,15.314591609445358,15.208355025279223,15.107332514533697,0.4020810357341192,True,True,3.9679049579024928,REIT,2026-10-07,momentum_7.10.2026
146,DE,FAIL,2_no_bounce,EMA20 not rising,,,,,,,,-0.03,,,,0.97,1.1498739152774629,-80.20995489562124,0.0,,124,2026-04-13,2026-10-07,677.66,644.08,656.87,676.9465067852911,663.9500665171886,657.4444388225407,18.647028710749574,True,False,4.25815504835422,Machinery,2026-10-07,momentum_7.10.2026
147,EXFY,FAIL,3_risk_guard,risk_pct 8.71 > max_risk_pct 8.0,EMA50,,,2.27,2.072393499789669,2.566409750315496,8.705132167855986,0.49,,,,0.31,0.4598074214551592,-96.78819444444434,0.0,5,124,2026-04-13,2026-10-07,2.21,2.21,2.27,2.2888677064541416,2.2501390970174677,2.205405876871705,0.13173766680688717,True,True,8.70513216785598,Financial Transaction Services,2026-10-07,momentum_7.10.2026
148,SOLV,FAIL,2_no_bounce,EMA20 not rising,,,,,,,,-0.61,,,,0.95,1.1678131620496126,-166.66666666666487,0.0,,124,2026-04-13,2026-10-07,85.62,85.3,85.88,88.27975625839119,87.69687848134798,87.04075045897028,1.9042997115452989,True,True,3.3260940467139593,Medical Services,2026-10-07,momentum_7.10.2026
149,DNOW,FAIL,2_no_bounce,EMA20 not rising,,,,,,,,-0.13,,,,0.94,0.9252869845488827,-47.726418639609015,0.0,,124,2026-04-13,2026-10-07,15.83,15.06,15.36,15.713838038264312,15.556087763896631,15.421943838406003,0.4872893213508048,True,False,4.758684778816455,Machinery,2026-10-07,momentum_7.10.2026
150,CTKB,FAIL,3_risk_guard,risk_pct 8.18 > max_risk_pct 8.0,EMA40/50,,,5.34,4.903441800167001,5.9948372997494985,8.175247187883873,0.94,,,,1.59,1.2226351079834215,-143.00539643005388,1.6555183946488272,2,124,2026-04-13,2026-10-07,5.25,5.11,5.34,5.448413186915404,5.16299632494655,5.065339389746322,0.2910387998886661,True,True,8.17524718788388,Medical,2026-10-07,momentum_7.10.2026
151,RGEN,FAIL,2_no_bounce,EMA20 not rising,,,,,,,,-0.43,,,,2.35,1.1231087314953496,-166.66666666666623,0.0,,124,2026-04-13,2026-10-07,174.75,165.99,167.22,179.9476588644254,174.2238750761786,171.0463566073927,8.846482232962119,True,False,7.935488188878829,Medical,2026-10-07,momentum_7.10.2026
152,OKTA,FAIL,2_no_bounce,latest candle not green,,,,,,,,4.63,,,,0.85,0.5026793939239288,41.046927245474855,0.0,,124,2026-04-13,2026-10-07,218.5,215.12,218.0,199.07215655607322,182.52132036412206,175.98807253245357,9.069648180041934,True,False,6.240583610120597,Security,2026-10-06,momentum_6.10.2026
153,SMTC,FAIL,2_no_bounce,candle did not touch EMA20 & EMA40,,,,,,,,3.15,,,,0.71,0.49706955535183106,2.6863326490783113,0.0,,124,2026-04-13,2026-10-07,190.08,188.37,193.78,176.89663631478305,163.9493212239367,159.81301898875807,10.785848076987921,True,True,8.349041240314731,Semi Analog & Mixed,2026-10-06,momentum_6.10.2026
154,DDOG,FAIL,2_no_bounce,latest candle not green,,,,,,,,2.13,,,,0.42,0.45307355482037853,-112.06896551724158,0.0,,124,2026-04-13,2026-10-07,278.7,270.81,271.34,258.70111195802247,250.11213839220596,247.31319688594255,11.27940371560872,True,False,6.235389390953445,Internet,2026-10-06,momentum_6.10.2026
155,LITE,FAIL,2_no_bounce,candle did not touch EMA20 & EMA40,,,,,,,,2.89,,,,0.88,0.6718625699801839,50.7041736349649,0.0,,124,2026-04-13,2026-10-07,1100.01,1082.44,1111.07,992.257379529579,942.4665515295353,928.0041647359022,63.41977788616564,True,True,8.561986808144264,Communications Components,2026-10-06,momentum_6.10.2026
156,XMTR,FAIL,2_no_bounce,latest candle not green,,,,,,,,2.33,,,,1.42,1.001050185890168,32.08446306794872,0.0,,124,2026-04-13,2026-10-07,108.19,104.68,107.8,100.93049821164644,96.84171038324207,95.36440076673753,5.331495197673705,True,False,7.418592575612763,Machinery,2026-10-06,momentum_6.10.2026
157,TENB,FAIL,2_no_bounce,latest candle not green,,,,,,,,1.87,,,,0.8,0.5879249847344178,69.8424361172342,0.0,,124,2026-04-13,2026-10-07,39.41,38.33,38.94,36.38459085208278,35.66207712728597,35.261190827991356,1.9658034241029698,True,False,7.572432296236402,Internet,2026-10-06,momentum_6.10.2026
158,CRWD,FAIL,2_no_bounce,latest candle not green,,,,,,,,3.1,,,,0.8,0.8375678599792764,-39.50634307777231,0.0,,124,2026-04-13,2026-10-07,277.05,264.5,265.44,253.12809602585878,236.39905326646655,229.79349575175837,11.502054172974042,True,False,6.499804573335241,Security,2026-10-06,momentum_6.10.2026
159,S,FAIL,2_no_bounce,latest candle not green,,,,,,,,3.19,,,,1.13,0.9904201719895487,25.458006186057748,0.0,,124,2026-04-13,2026-10-07,25.52,25.07,25.31,23.620307476175782,22.429967020501614,21.939943518356205,1.0578114433602315,True,False,6.269131430424131,Security,2026-10-06,momentum_6.10.2026
160,PANW,FAIL,2_no_bounce,latest candle not green,,,,,,,,2.37,,,,0.88,0.5817407166228487,22.476658604458084,0.0,,124,2026-04-13,2026-10-07,413.41,404.63,405.57,386.6963262533666,371.87463785234524,364.96579228266273,17.140649115430186,True,False,6.339466349371324,Security,2026-10-06,momentum_6.10.2026
161,RSKD,FAIL,2_no_bounce,candle did not touch EMA20 & EMA40,,,,,,,,4.39,,,,0.9,1.4357157009645705,101.19047619047733,0.0,,124,2026-04-13,2026-10-07,7.73,7.66,8.05,7.3006467108903275,6.767964820277264,6.574462905345592,0.3357439059204788,True,True,6.256097625847431,Internet,2026-10-06,momentum_6.10.2026
162,A,FAIL,2_no_bounce,latest candle not green,,,,,,,,2.67,,,,0.83,1.3917455584667326,-23.722798169420987,0.0,,124,2026-04-13,2026-10-07,169.88,166.52,169.09,164.68185150966482,158.1340082128317,155.4450269614944,5.114844694901667,True,False,4.537386623899994,Medical Products,2026-10-06,momentum_6.10.2026
163,SFL,FAIL,2_no_bounce,latest candle not green,,,,,,,,1.51,,,,1.04,0.7953612219739487,24.647887323943145,0.3542673107890372,,124,2026-04-13,2026-10-07,13.41,13.25,13.28,13.110134848621284,12.809416736588775,12.675884572993883,0.3997679303726798,True,False,4.5154510207757514,Transportation,2026-10-06,momentum_6.10.2026
164,GGB,FAIL,2_no_bounce,latest candle not green,,,,,,,,1.04,,,,1.05,1.0353549291757878,3.7991410637597367,0.0,,124,2026-04-13,2026-10-07,5.08,5.0,5.02,4.92330016825491,4.861504158325301,4.8331398620414765,0.1802537286935577,True,False,5.386067590444952,Steel,2026-10-06,momentum_6.10.2026
165,ABSI,FAIL,2_no_bounce,latest candle not green,,,,,,,,-0.09,,,,1.74,1.323305749394373,-166.66666666666643,0.0,,124,2026-04-13,2026-10-07,10.02,9.1201,9.22,9.893542743685135,9.476962755796572,9.298044126269103,0.848087576257733,True,False,13.79752022111279,Medical,2026-10-06,momentum_6.10.2026
166,KNTK,FAIL,2_no_bounce,latest candle not green,,,,,,,,0.84,,,,1.08,0.8678921248755279,71.39728427507644,0.0,,124,2026-04-13,2026-10-07,53.95,53.06,53.72,52.79960261943765,52.638975113850194,52.406039311318196,1.568626475227199,True,False,4.380006911468351,Oil,2026-10-06,momentum_6.10.2026
167,TEAM,FAIL,2_no_bounce,candle did not touch EMA20 & EMA40,,,,,,,,3.14,,,,0.46,0.6295736491630353,81.33971291865994,0.0,,124,2026-04-13,2026-10-07,194.87,193.49,195.79,186.95607793084665,174.69932156439842,167.9337325165367,8.869924924692617,True,True,6.795488731313613,Internet,2026-10-06,momentum_6.10.2026
168,U,FAIL,2_no_bounce,latest candle not green,,,,,,,,2.21,,,,0.78,1.0618777532190058,64.75409836065643,0.0,,124,2026-04-13,2026-10-07,45.99,44.24,45.44,42.993875633796,41.6925899093654,40.84688705988984,2.0737564575872054,True,False,6.845586897845089,Internet,2026-10-06,momentum_6.10.2026
169,DDD,FAIL,2_no_bounce,latest candle not green,,,,,,,,0.24,,,,0.65,1.0382874157932485,-116.91592790598024,0.0,,124,2026-04-13,2026-10-07,3.51,3.36,3.41,3.4926498528995498,3.403303392698175,3.3595728984486555,0.20726226943476408,True,False,9.117108626162644,Printing,2026-10-06,momentum_6.10.2026
170,NTSK,FAIL,2_no_bounce,latest candle not green,,,,,,,,3.39,,,,1.83,0.563176057539855,69.69696969696926,0.0,,124,2026-04-13,2026-10-07,19.48,19.05,19.24,17.57830345780466,16.38410747442714,15.89563039442067,0.986653121102928,True,False,7.69220208760079,Internet,2026-10-06,momentum_6.10.2026
171,ACB,FAIL,2_no_bounce,latest candle not green,,,,,,,,3.46,,,,1.38,1.425522500772041,58.1039755351681,0.0,,124,2026-04-13,2026-10-07,4.59,4.44,4.46,4.092107207064642,3.889270160018382,3.808352056866945,0.18819188138802626,True,False,6.329323365068149,Medical Products,2026-10-06,momentum_6.10.2026
172,CRON,FAIL,2_no_bounce,EMA20 not rising,,,,,,,,0.46,,,,0.55,0.5144639890714034,20.45836333093369,0.0,,124,2026-04-13,2026-10-07,3.26,3.24,3.24,3.2845501181380072,3.2306368576662168,3.1954383221197062,0.09676141848812381,True,False,4.479695300376102,Medical,2026-10-06,momentum_6.10.2026
173,BFLY,FAIL,2_no_bounce,latest candle not green,,,,,,,,0.02,,,,1.58,1.0537250111195289,-121.66172106824837,0.0,,124,2026-04-13,2026-10-07,8.4,8.13,8.27,8.642887461818482,8.395637920927188,8.25591979778701,0.705736622457105,True,False,12.800543333562969,Medical Information Systems,2026-10-06,momentum_6.10.2026
174,OMER,FAIL,2_no_bounce,EMA20 not rising,,,,,,,,1.78,,,,0.56,0.35426388636771994,-67.14342471196053,0.0,48,124,2026-04-13,2026-10-07,18.11,18.02,18.75,18.78617592535401,17.806506047215706,17.270257521472182,0.830511122466149,True,True,6.644088979729193,Medical Products,2026-10-06,momentum_6.10.2026
175,HNST,FAIL,2_no_bounce,EMA20 not rising,,,,,,,,-0.42,,,,0.61,0.8079536807335191,-135.55555555555495,0.0,,124,2026-04-13,2026-10-07,5.03,4.9,4.93,5.206700217525593,5.111724748977483,5.017917645038085,0.20848181508579913,True,False,6.3432600938884125,Consumer Prdts,2026-10-06,momentum_6.10.2026
176,FLYW,FAIL,2_no_bounce,pullback closed below EMA20 (not a shallow pullback),,,,,,,,0.86,,,,0.71,0.5618556266274066,57.85939968404442,0.0,26,124,2026-04-13,2026-10-07,17.72,17.72,18.15,17.754395657068596,17.74655755661355,17.668398578883114,0.562142827852853,True,True,4.645808494651678,Internet,2026-10-06,momentum_6.10.2026
177,NXDR,PASS,,green candle bounced off EMA40 & EMA50,EMA40/50,24,0.5545,2.46,2.3051499815648886,2.6922750276526672,6.294716196549242,0.77,-0.3,0.56,False,0.56,0.34973679469740343,19.12568306011084,0.48022598870059147,,124,2026-04-13,2026-10-07,2.42,2.41,2.46,2.430923079746044,2.3997369799495054,2.3801687066755055,0.10323334562340769,True,True,6.294716196549249,Internet,2026-10-06,momentum_6.10.2026
178,IBKR,FAIL,1_no_uptrend_stack,not in general uptrend (need EMA20 > EMA40 > EMA50),,,,,,,,-0.79,,,,0.82,1.1150761292841347,-25.430197058007558,0.0,,124,2026-04-13,2026-10-07,88.53,85.97,87.74,89.17283941725644,89.95004061658487,90.00836691364557,2.8593135496646407,False,False,4.88827253760766,Finance,2026-10-06,momentum_6.10.2026
179,VRSN,PASS,,green candle bounced off EMA50,EMA50,4,0.7555,294.22,283.5806721271754,310.178991809237,3.616113069412226,0.84,8.8,1.18,False,1.18,1.767217876442995,100.87325552925815,0.0,,124,2026-04-13,2026-10-07,293.2,292.95,294.22,290.79767117708116,289.26333193513915,288.2606132306122,7.092885248549755,True,True,3.616113069412219,Internet Software Services,2026-10-06,momentum_6.10.2026
180,ASH,FAIL,1_no_uptrend_stack,not in general uptrend (need EMA20 > EMA40 > EMA50),,,,,,,,0.4,,,,1.53,1.438355039102036,94.7625388371061,0.0,,124,2026-04-13,2026-10-07,70.62,70.32,70.67,69.91229951372759,70.19716106308942,69.95200472938629,1.8053624037066112,False,True,3.83195642501757,Chemical,2026-10-06,momentum_6.10.2026
181,OPCH,FAIL,2_no_bounce,latest candle not green,,,,,,,,6.54,,,,18.54,4.3861044723835345,83.30524281444531,0.0,,124,2026-04-13,2026-10-07,31.02,30.99,31.01,24.69197761281772,24.058970953874493,23.891338037294975,1.0887792119453337,True,False,5.266587610183813,Medical,2026-10-06,momentum_6.10.2026
182,RLJ,FAIL,1_no_uptrend_stack,not in general uptrend (need EMA20 > EMA40 > EMA50),,,,,,,,0.03,,,,1.17,0.7750844137107102,-26.515151515151935,0.0,,124,2026-04-13,2026-10-07,11.15,10.96,11.13,11.08705893150958,11.129714928024029,11.12037530887228,0.2849747386136837,False,False,3.8406299004539584,REIT,2026-10-06,momentum_6.10.2026
183,CZR,FAIL,1_no_uptrend_stack,not in general uptrend (need EMA20 > EMA40 > EMA50),,,,,,,,-1.09,,,,0.77,3.0066812461581973,-151.51515151515935,0.0,,124,2026-04-13,2026-10-07,29.67,29.41,29.49,29.631431977361455,29.64644443178368,29.622837616435255,0.12163347096850433,False,False,0.6186849998397983,Leisure & Recreation Services,2026-10-06,momentum_6.10.2026
184,SWK,FAIL,1_no_uptrend_stack,not in general uptrend (need EMA20 > EMA40 > EMA50),,,,,,,,-1.28,,,,0.67,1.017364827929853,-103.53312766270042,0.0,,124,2026-04-13,2026-10-07,88.09,86.19,88.31,90.63913145518757,91.84268697538062,91.82456137571253,2.7383120099175446,False,True,4.651192407288321,Machinery,2026-10-06,momentum_6.10.2026
185,EOG,FAIL,1_no_uptrend_stack,not in general uptrend (need EMA20 > EMA40 > EMA50),,,,,,,,0.31,,,,0.92,0.6747401163151228,85.97621407334083,0.0,,124,2026-04-13,2026-10-07,145.4,142.82,144.21,143.1221703658697,143.35441426656166,143.11519214721432,3.5606774614537375,False,False,3.7036378837671498,Oil,2026-10-06,momentum_6.10.2026
186,HOG,FAIL,1_no_uptrend_stack,not in general uptrend (need EMA20 > EMA40 > EMA50),,,,,,,,0.68,,,,1.18,1.1073993004229772,58.11498224397754,0.0,,124,2026-04-13,2026-10-07,26.77,25.92,26.95,26.06680622143826,26.277215886752124,26.25979865090306,1.0151364671755174,False,True,5.650110206913826,Auto,2026-10-06,momentum_6.10.2026
187,WTTR,FAIL,2_no_bounce,EMA20 not rising,,,,,,,,-0.62,,,,1.0,0.7111648699516603,-140.45698924731366,0.0,,124,2026-04-13,2026-10-07,19.87,19.05,19.33,19.942566439808324,19.926677879619362,19.851056255290235,0.8425753069541556,True,False,6.538349510766858,Waste Removal Svcs,2026-10-06,momentum_6.10.2026
188,MLKN,FAIL,1_no_uptrend_stack,not in general uptrend (need EMA20 > EMA40 > EMA50),,,,,,,,-0.52,,,,0.99,0.538336968744919,19.393241167434873,0.0,,124,2026-04-13,2026-10-07,20.41,20.07,20.65,20.7108619404523,21.09337737435897,21.070759271481432,0.806947993214538,False,True,5.861607698894949,Furniture,2026-10-06,momentum_6.10.2026
189,DLO,FAIL,1_no_uptrend_stack,not in general uptrend (need EMA20 > EMA40 > EMA50),,,,,,,,0.88,,,,0.73,1.209516826904671,61.69719941040207,0.0,,124,2026-04-13,2026-10-07,14.42,14.42,14.77,14.303758272373274,14.383839141867218,14.362983212751072,0.46447563552219717,False,True,4.717084991762327,Financial Transaction Services,2026-10-06,momentum_6.10.2026
190,OVV,FAIL,1_no_uptrend_stack,not in general uptrend (need EMA20 > EMA40 > EMA50),,,,,,,,-0.05,,,,0.7,0.7972597152538186,88.42807770229982,0.0,,124,2026-04-13,2026-10-07,61.95,60.91,61.44,61.26930291899064,61.65553358583192,61.52493504598939,1.8398449565263602,False,False,4.491808975894434,Oil,2026-10-06,momentum_6.10.2026
191,IDYA,FAIL,2_no_bounce,EMA20 not rising,,,,,,,,-0.86,,,,1.02,0.5381064023173042,-125.38979156408955,0.0,,124,2026-04-13,2026-10-07,36.19,36.03,36.26,37.79672639722305,37.780037071991806,37.563982874421555,1.5084051370568259,True,True,6.239955062286925,Medical,2026-10-06,momentum_6.10.2026
192,SHC,FAIL,1_no_uptrend_stack,not in general uptrend (need EMA20 > EMA40 > EMA50),,,,,,,,-0.98,,,,0.68,1.0007167413778442,-81.95592286501486,0.0,,124,2026-04-13,2026-10-07,18.13,17.87,17.9,18.461940716057537,18.4654718118506,18.384965099663102,0.4966325362782086,False,False,4.16172516434253,Medical Services,2026-10-06,momentum_6.10.2026
193,AMZN,FAIL,1_no_uptrend_stack,not in general uptrend (need EMA20 > EMA40 > EMA50),,,,,,,,1.07,,,,0.86,1.1116638952274418,122.7257123240665,0.0,,124,2026-04-13,2026-10-07,254.23,253.17,259.92,252.8980684592154,253.7865663951829,253.86045064731215,5.649992487150132,False,True,3.2606143162223753,Internet Commerce,2026-10-06,momentum_6.10.2026
194,MAN,FAIL,2_no_bounce,EMA20 not rising,,,,,,,,-0.81,,,,1.11,0.5069144479449371,-86.70886075949365,1.3689127972819914,,124,2026-04-13,2026-10-07,51.78,51.78,52.87,56.0097518121805,55.693178740012726,54.78368893564935,2.376143327670303,True,True,6.741469626452535,Staffing,2026-10-06,momentum_6.10.2026
195,EMBC,FAIL,2_no_bounce,candle did not touch EMA20 & EMA40,,,,,,,,2.55,,,,0.85,1.0196793782198006,86.49789029535889,0.0,,124,2026-04-13,2026-10-07,5.86,5.86,5.91,5.598255609806529,5.278366143868771,5.169494259434866,0.2899725034654134,True,True,7.359708209782066,Medical Services,2026-10-06,momentum_6.10.2026
196,ST,FAIL,1_no_uptrend_stack,not in general uptrend (need EMA20 > EMA40 > EMA50),,,,,,,,-0.64,,,,0.84,0.6183727959356214,-68.53322189720022,0.0,,124,2026-04-13,2026-10-07,42.9,41.34,42.37,42.477196449678196,42.94383698973277,43.208108515427334,1.2998740116520127,False,False,4.601866928199243,Industrial Controls,2026-10-06,momentum_6.10.2026
197,TGT,FAIL,2_no_bounce,EMA20 not rising,,,,,,,,-0.73,,,,0.91,1.2953545005254516,-92.19858156028496,0.0,,124,2026-04-13,2026-10-07,154.02,150.77,150.92,156.17883536031428,155.03092131620974,153.66216935236307,3.7490099320617993,True,False,3.726156174193413,Retail,2026-10-06,momentum_6.10.2026
198,BGC,FAIL,2_no_bounce,EMA20 not rising,,,,,,,,-1.0,,,,0.93,0.7289395843974262,-96.77419354838686,0.0,,124,2026-04-13,2026-10-07,11.73,11.15,11.29,11.840076871939846,11.773966289593794,11.727541506535808,0.43930330961436426,True,False,5.836625017019898,Finance,2026-10-06,momentum_6.10.2026
199,MRNA,FAIL,2_no_bounce,candle did not touch EMA20 & EMA40,,,,,,,,3.65,,,,0.95,1.0221208726908106,-27.921538559836495,0.0,,124,2026-04-13,2026-10-07,183.22,182.5,196.48,177.77497771121722,153.42522959265477,143.6220538364945,14.489937114300563,True,True,11.062146616170015,Medical,2026-10-05,momentum_5.10.2026
200,GMAB,FAIL,2_no_bounce,latest candle not green,,,,,,,,2.58,,,,4.37,1.137042772300471,22.90100854371455,0.0,,124,2026-04-13,2026-10-07,37.29,36.27,36.65,35.25725961906796,33.936934778104025,33.36631984972743,1.2718145687700633,True,False,5.205243801241733,Medical,2026-10-05,momentum_5.10.2026
201,AMRX,FAIL,2_no_bounce,latest candle not green,,,,,,,,1.55,,,,1.71,1.3984339251146911,-97.3236009732356,0.0,,124,2026-04-13,2026-10-07,20.24,19.53,19.65,19.406236831251054,18.739333761716864,18.465415194857318,0.7638354410903154,True,False,5.830804893819201,Medical,2026-10-05,momentum_5.10.2026
202,AMPL,FAIL,2_no_bounce,candle did not touch EMA20 & EMA40,,,,,,,,3.24,,,,1.01,1.365260941401897,69.91185897435868,0.0,,124,2026-04-13,2026-10-07,14.63,14.6,14.76,13.843698672098595,13.061672731322318,12.660153324772281,0.6478720818689017,True,True,6.58406587265144,Technology Services,2026-10-05,momentum_5.10.2026
203,XERS,FAIL,2_no_bounce,candle did not touch EMA20 & EMA40,,,,,,,,2.7,,,,2.03,0.5434180638693193,72.10225862496881,0.0,,124,2026-04-13,2026-10-07,10.0,9.91,10.11,9.165784985257353,8.781239815388801,8.64255377256146,0.5425191140988858,True,True,8.049245016303942,Medical,2026-10-05,momentum_5.10.2026
204,PBR,FAIL,2_no_bounce,candle did not touch EMA20 & EMA40,,,,,,,,4.88,,,,3.38,1.2270236712509215,53.38287055142743,0.0,,124,2026-04-13,2026-10-07,23.82,23.6,23.99,21.52843834405609,20.629131505493362,20.353431418795672,0.7457240490820628,True,True,4.662718105973715,Oil,2026-10-05,momentum_5.10.2026
205,PBR.A,FAIL,0_no_data,no bars returned by IBKR,,,,,,,,,,,,4.74,,,,,,,,,,,,,,,,,,Emerging Markets Integrated,2026-10-05,momentum_5.10.2026
206,FTNT,FAIL,2_no_bounce,latest candle not green,,,,,,,,3.59,,,,0.66,0.8884370639877778,81.7634511492537,0.0,,124,2026-04-13,2026-10-07,191.27,188.04,189.28,176.5456460066893,169.8289405903543,166.97190485789824,6.221155419834813,True,False,4.930121053334858,Security,2026-10-05,momentum_5.10.2026
207,ERO,PASS,,green candle bounced off EMA20,EMA20,15,0.6264,36.78,33.991529883126105,40.962705175310845,7.581484820211788,1.1,6.5,0.95,False,0.95,0.69023996644826,-48.0724024447579,0.0,,124,2026-04-13,2026-10-07,36.67,36.35,36.78,36.51753194977764,35.321528927613706,34.73411000191737,1.858980077915932,True,True,7.581484820211794,Mining,2026-10-05,momentum_5.10.2026
208,RVTY,FAIL,2_no_bounce,candle did not touch EMA20 & EMA40,,,,,,,,3.4,,,,0.82,0.9328490097724919,-15.041118070646107,0.0,,124,2026-04-13,2026-10-07,153.03,149.25,153.6,145.82369423433082,137.13300220414274,133.7533778131011,5.835314407239197,True,True,5.69854922581953,Medical Services,2026-10-05,momentum_5.10.2026
209,RBRK,FAIL,2_no_bounce,candle did not touch EMA20 & EMA40,,,,,,,,4.36,,,,1.21,0.8097688607201643,52.846767230433635,0.0,,124,2026-04-13,2026-10-07,123.63,121.5,123.73,112.15287956786948,104.2113938761998,101.10218680910158,5.195075556053117,True,True,6.298079151442396,Internet,2026-10-05,momentum_5.10.2026
210,FFIV,FAIL,2_no_bounce,latest candle not green,,,,,,,,3.45,,,,0.62,0.6438254277821659,85.99706397689076,0.0,,124,2026-04-13,2026-10-07,468.57,465.01,466.65,441.1582309137436,427.0903333230354,422.18006529891653,12.892166526029577,True,False,4.144058671176334,Internet,2026-10-05,momentum_5.10.2026
211,ZETA,FAIL,2_no_bounce,candle did not touch EMA20 & EMA40,,,,,,,,3.26,,,,1.16,1.4369688867055317,66.66666666666711,0.0,,124,2026-04-13,2026-10-07,33.16,32.42,33.74,31.14640117546165,29.677485295125436,28.927905076098963,1.475386360937483,True,True,6.559216186740441,Technology Services,2026-10-05,momentum_5.10.2026
212,OSCR,PASS,,green candle bounced off EMA20,EMA20,40,0.4136,32.91,30.49372505009159,36.53441242486261,7.342069127646327,1.41,-0.4,0.85,False,0.85,0.8987763769517251,81.65389346201158,0.0,,124,2026-04-13,2026-10-07,32.03,31.8,32.91,31.255765117455006,30.93686233325715,30.638900295933617,1.6108499666056044,True,True,7.3420691276463295,Insurance,2026-10-05,momentum_5.10.2026
213,CLMT,FAIL,2_no_bounce,candle did not touch EMA20 & EMA40,,,,,,,,2.36,,,,0.94,0.6507259387615784,76.45578408400594,0.0,,124,2026-04-13,2026-10-07,56.12,56.05,56.29,54.58129470800029,52.22144608922099,50.957101041315404,2.2621947230511,True,True,6.028232518345443,Oil,2026-10-05,momentum_5.10.2026
214,PURR,FAIL,2_no_bounce,EMA20 not rising,,,,,,,,0.72,,,,0.77,0.48183185415280816,-98.42946114270255,0.0,,124,2026-04-13,2026-10-07,11.94,11.6,11.73,12.231172677229571,11.393707204867871,11.006138665019455,1.010750841758373,True,False,12.925202580030346,Finance,2026-10-05,momentum_5.10.2026
215,QRVO,FAIL,0_no_data,no bars returned by IBKR,,,,,,,,,,,,5.3,,,,,,,,,,,,,,,,,,Semi Radio Frequency,2026-10-05,momentum_5.10.2026
216,NEO,FAIL,2_no_bounce,EMA20 not rising,,,,,,,,-1.15,,,,0.94,1.5959923651082968,-154.75749722325057,0.0,,124,2026-04-13,2026-10-07,16.36,15.88,15.97,18.0962721158715,17.55914924998838,17.16698487183749,1.0385673153799795,True,False,9.75485894220394,Medical,2026-10-05,momentum_5.10.2026
217,SBLK,FAIL,2_no_bounce,EMA20 not rising,,,,,,,,-0.12,,,,0.72,0.8318681672831704,-100.41908446163723,0.0,,124,2026-04-13,2026-10-07,29.68,29.64,29.69,30.317005008130124,30.040343091241553,29.796056757500853,0.9019433936648917,True,True,4.556803942395883,Transportation,2026-10-05,momentum_5.10.2026
218,DXCM,FAIL,2_no_bounce,EMA20 not rising,,,,,,,,-0.25,,,,0.67,0.7606812867006391,-73.20411738939866,1.4957797149577883,,124,2026-04-13,2026-10-07,84.0,83.74,84.3,86.36849001201425,85.6973495362423,84.8792562862814,2.2973701212883584,True,True,4.087847190904553,Medical Instruments,2026-10-05,momentum_5.10.2026
219,BRKR,FAIL,2_no_bounce,latest candle not green,,,,,,,,0.12,,,,0.87,1.225180618135796,-155.88630259624028,0.0,,124,2026-04-13,2026-10-07,60.85,57.33,59.72,61.15117367944921,59.90021478835736,59.34106029268795,3.2337333218197557,True,False,8.122237077578088,Industrial Scientific,2026-10-05,momentum_5.10.2026
220,FRSH,FAIL,2_no_bounce,latest candle not green,,,,,,,,2.33,,,,0.61,4.078326779534405,65.97222222222211,0.0,,124,2026-04-13,2026-10-07,13.69,13.57,13.6,12.892642212367019,12.558702810120499,12.36314620183678,0.5312546656281539,True,False,5.859426459134051,Internet,2026-10-05,momentum_5.10.2026
221,PCVX,FAIL,2_no_bounce,candle did not touch EMA20 & EMA40,,,,,,,,1.62,,,,10.19,4.173376168329488,9.452241640852998,0.0,,124,2026-04-13,2026-10-07,65.69,64.27,66.96,60.825852334272255,59.73446856573347,59.33998763720687,4.701993603083276,True,True,10.533139791853218,Medical,2026-10-05,momentum_5.10.2026
222,TAL,FAIL,2_no_bounce,candle did not touch EMA20 & EMA40,,,,,,,,2.85,,,,0.35,0.6322832104313506,109.43838004128634,0.0,,124,2026-04-13,2026-10-07,12.48,12.47,12.76,12.08324882639611,11.848557460617915,11.739426987370695,0.35775278864047233,True,True,4.20555786019364,Schools,2026-10-05,momentum_5.10.2026
223,NEOG,FAIL,2_no_bounce,EMA20 not rising,,,,,,,,-0.4,,,,1.64,3.619717853048475,-136.22291021671782,0.0,,124,2026-04-13,2026-10-07,12.61,11.37,11.68,12.543142818637097,12.16863786590455,11.956982137850172,0.695069068314289,True,False,8.92640070609104,Medical Products,2026-10-05,momentum_5.10.2026
224,AVNT,FAIL,1_no_uptrend_stack,not in general uptrend (need EMA20 > EMA40 > EMA50),,,,,,,,-0.1,,,,0.85,0.7224001454779356,-22.57444764649371,0.0,,124,2026-04-13,2026-10-07,41.36,40.57,41.0,41.29368606253378,41.295429060700705,41.10364520413097,1.0892257785298274,False,False,3.9849723604749783,Chemical,2026-10-05,momentum_5.10.2026
225,ITT,FAIL,2_no_bounce,EMA20 not rising,,,,,,,,-0.56,,,,0.85,0.6448934985940048,-59.76745892018832,0.0,,124,2026-04-13,2026-10-07,204.35,199.83,200.39,204.66014003998393,204.15016535314254,203.871632691478,6.18231997829193,True,False,4.627715937640549,Conglomerates,2026-10-05,momentum_5.10.2026
226,CLBK,FAIL,0_no_data,no bars returned by IBKR,,,,,,,,,,,,0.54,,,,,,,,,,,,,,,,,,Finance,2026-10-05,momentum_5.10.2026
227,TECK,FAIL,2_no_bounce,latest candle not green,,,,,,,,-0.16,,,,0.72,0.5351274749647772,-73.89487574224819,0.0,,124,2026-04-13,2026-10-07,65.79,64.97,65.39,66.54107496286983,66.09457422028284,65.73980302902119,2.2260630623897595,True,False,5.106430025362654,Mining,2026-10-05,momentum_5.10.2026
228,ABNB,FAIL,1_no_uptrend_stack,not in general uptrend (need EMA20 > EMA40 > EMA50),,,,,,,,-0.73,,,,0.81,0.49907934013864547,-71.1394878235983,0.0,,124,2026-04-13,2026-10-07,159.21,158.65,160.63,163.3706928395048,165.0034413916271,164.3028417222717,5.034281334636239,False,True,4.701128059487243,Leisure & Recreation Services,2026-10-05,momentum_5.10.2026
229,OPK,FAIL,2_no_bounce,EMA20 not rising,,,,,,,,-1.95,,,,0.47,0.9809380890205556,-145.6328069027815,1.6530054644808891,,124,2026-04-13,2026-10-07,1.42,1.375,1.39,1.5637423568728637,1.5350107452869064,1.5165191295736447,0.06491556239194615,True,False,7.005276517116492,Medical Instruments,2026-10-05,momentum_5.10.2026
230,STNG,FAIL,2_no_bounce,latest candle not green,,,,,,,,0.94,,,,0.91,0.7626725395572297,-36.2630608481876,0.0,,124,2026-04-13,2026-10-07,86.6,84.21,84.51,83.98045232012038,82.40742078210843,81.82266470829774,2.8649818967808045,True,False,5.085164886014917,Transportation,2026-10-05,momentum_5.10.2026
231,TGTX,FAIL,2_no_bounce,EMA20 not rising,,,,,,,,-0.41,,,,0.75,0.8606452953719272,-72.72727272727238,1.422778158556091,,124,2026-04-13,2026-10-07,51.83,51.51,52.95,54.82861796201566,54.35572687120872,53.88381089726939,2.2592553203409746,True,True,6.400156714846954,Medical,2026-10-05,momentum_5.10.2026
232,PAGS,FAIL,2_no_bounce,latest candle not green,,,,,,,,2.38,,,,5.82,1.0118450245734392,46.7897191624492,0.0,,124,2026-04-13,2026-10-07,10.64,10.49,10.51,9.576564866942599,9.431835456333669,9.403823422649651,0.4648970262947925,True,False,6.635066978517496,Financial Transaction Services,2026-10-05,momentum_5.10.2026
233,MITK,FAIL,1_no_uptrend_stack,not in general uptrend (need EMA20 > EMA40 > EMA50),,,,,,,,-0.29,,,,0.56,0.9330764652749737,-157.18453683442564,0.0,,124,2026-04-13,2026-10-07,17.42,17.11,17.46,17.572106996405395,17.684396721061457,17.674862196994262,0.7479208809818798,False,True,6.425437121837454,Computer,2026-10-05,momentum_5.10.2026
234,IFF,FAIL,2_no_bounce,EMA20 not rising,,,,,,,,0.42,,,,1.0,1.1940780389518426,84.67309753483455,1.3123739366833396,50,124,2026-04-13,2026-10-07,83.44,83.42,84.11,84.2740983595506,83.83522136276805,83.38905846749628,1.7111708123596512,True,True,3.051665935726402,Chemical,2026-10-05,momentum_5.10.2026
235,DRH,PASS,,green candle bounced off EMA50,EMA50,1,0.8227,12.35,11.916446598668541,13.000330101997188,3.5105538569348873,0.01,4.3,1.17,False,1.17,0.7698086701137391,-98.61591695501637,0.0,,124,2026-04-13,2026-10-07,12.2,12.2,12.35,12.396543352082391,12.379904067732252,12.34823223811106,0.2890356008876394,True,True,3.510553856934892,REIT,2026-10-05,momentum_5.10.2026
236,UBSI,FAIL,1_no_uptrend_stack,not in general uptrend (need EMA20 > EMA40 > EMA50),,,,,,,,-1.91,,,,1.37,1.1819947618366642,-126.40224358974345,0.0,,124,2026-04-13,2026-10-07,45.87,45.02,45.34,46.61541156996156,46.902291384017225,46.89882910536819,0.8175167058089252,False,False,2.70462077351872,Banks,2026-10-05,momentum_5.10.2026
237,FDS,FAIL,1_no_uptrend_stack,not in general uptrend (need EMA20 > EMA40 > EMA50),,,,,,,,-0.22,,,,0.66,0.9179839459985427,22.52588875840694,0.0,,124,2026-04-13,2026-10-07,273.5,271.37,272.78,275.57932046780206,276.64850894255693,275.29505360676154,11.506952397797173,False,False,6.327600482695125,Business Information,2026-10-05,momentum_5.10.2026
238,SSNC,FAIL,2_no_bounce,EMA20 not rising,,,,,,,,0.22,,,,0.82,0.689719603537412,-56.5870910698502,0.0,,124,2026-04-13,2026-10-07,77.91,77.52,78.7,79.12512998455334,78.86829505746668,78.3536394446828,1.5864523283060046,True,True,3.0237337896556635,Computer,2026-10-05,momentum_5.10.2026
239,HUM,FAIL,2_no_bounce,latest candle not green,,,,,,,,0.82,,,,1.27,1.8417651302092846,51.94089104543457,0.0,,124,2026-04-13,2026-10-07,410.0,394.81,396.51,390.83490970936055,387.9823994368155,385.06547746048335,14.022381160508242,True,False,5.304676235343966,Medical,2026-10-05,momentum_5.10.2026
240,EPC,FAIL,1_no_uptrend_stack,not in general uptrend (need EMA20 > EMA40 > EMA50),,,,,,,,0.26,,,,1.16,1.065925427575457,139.71712538226325,0.0,,124,2026-04-13,2026-10-07,26.77,26.77,27.49,27.319255264024793,27.36663681940059,27.235634906749464,0.963717111590846,False,True,5.258550990855835,Consumer Prdts,2026-10-05,momentum_5.10.2026
241,SFNC,FAIL,1_no_uptrend_stack,not in general uptrend (need EMA20 > EMA40 > EMA50),,,,,,,,-1.42,,,,1.17,0.861949723458812,-133.52685050798232,0.0,,124,2026-04-13,2026-10-07,22.34,22.06,22.21,22.778906878168904,22.87338615851949,22.86267913718598,0.4591456489351126,False,False,3.100938646567622,Banks,2026-10-05,momentum_5.10.2026
242,ASO,FAIL,2_no_bounce,candle did not touch EMA20 & EMA40,,,,,,,,2.01,,,,1.49,0.7328807097084633,79.0361183637945,0.0,,124,2026-04-13,2026-10-07,51.48,51.48,52.62,49.464773949541936,48.801548205403634,48.74751129415883,1.9275738502908915,True,True,5.494794328081219,Leisure & Recreational Prdcts,2026-10-05,momentum_5.10.2026
243,GLBE,FAIL,2_no_bounce,close below EMA20,,,,,,,,0.17,,,,0.6,0.5643129133052089,-111.80124223602488,1.188176763242601,,124,2026-04-13,2026-10-07,38.5,38.35,38.96,39.28614686121193,38.96869974632589,38.712418697487976,1.4388634282922586,True,True,5.53977192617656,Internet Commerce,2026-10-05,momentum_5.10.2026
244,GRMN,FAIL,2_no_bounce,EMA20 not rising,,,,,,,,-0.57,,,,0.78,0.6970248879774251,-150.9420049404547,0.0,,124,2026-04-13,2026-10-07,277.0,274.43,276.16,283.5137792040162,281.89672958924865,280.2000900198102,7.039681533035712,True,False,3.8236972405683542,Electronics Products,2026-10-05,momentum_5.10.2026
245,NAT,FAIL,2_no_bounce,latest candle not green,,,,,,,,2.67,,,,1.21,1.1722949373126397,11.883502711127,0.0,,124,2026-04-13,2026-10-07,8.3,8.18,8.21,7.873139045626186,7.4845550463139,7.3273395359724836,0.33094663972093574,True,False,6.046528131320385,Transportation,2026-10-02,momentum_2.10.2026
246,AMD,FAIL,2_no_bounce,candle did not touch EMA20 & EMA40,,,,,,,,4.25,,,,0.86,0.7709749889855888,63.840401204319285,0.0,,124,2026-04-13,2026-10-07,634.3,633.22,645.86,593.5789430306836,557.8284616528898,546.2230314136773,23.42069538381156,True,True,5.439420784027086,Computer,2026-10-02,momentum_2.10.2026
247,CVI,FAIL,2_no_bounce,latest candle not green,,,,,,,,4.26,,,,0.72,0.5207355973024401,89.24381880526975,0.0,,124,2026-04-13,2026-10-07,57.42,56.81,57.38,51.960410388161485,47.54111221277799,45.84376928202944,2.7069597859923578,True,False,7.076402368401075,Oil,2026-10-02,momentum_2.10.2026
248,BOX,FAIL,2_no_bounce,candle did not touch EMA20 & EMA40,,,,,,,,2.52,,,,0.65,0.8826008062528286,99.6447934193307,0.0,,124,2026-04-13,2026-10-07,35.25,35.24,35.7,34.00067644372128,33.37291098067762,32.955428997776664,1.0881971734462759,True,True,4.572257031286873,Internet,2026-10-02,momentum_2.10.2026
249,NTNX,FAIL,2_no_bounce,latest candle not green,,,,,,,,3.75,,,,0.76,1.2141895718562215,69.27743473079825,0.0,,124,2026-04-13,2026-10-07,73.8,73.01,73.42,70.18134916283769,67.59064096661764,66.25000919552555,1.9096102531476817,True,False,3.9014102148209244,IT Services,2026-10-02,momentum_2.10.2026
250,SMCI,FAIL,2_no_bounce,candle did not touch EMA20 & EMA40,,,,,,,,2.99,,,,1.0,1.1635430039924686,97.46894229652894,0.6518598772119891,,124,2026-04-13,2026-10-07,42.59,42.46,44.94,41.25401379449637,39.030874521063154,38.174570390530675,2.2608725580141953,True,True,7.5463035981782225,Computer,2026-10-02,momentum_2.10.2026
251,MRK,FAIL,2_no_bounce,EMA20 not rising,,,,,,,,0.22,,,,0.96,0.7519967498523475,13.240215335369433,1.3889892784001885,,124,2026-04-13,2026-10-07,142.02,141.49,142.79,145.27013092878798,143.48403957189248,142.02387366031917,3.4140442642249944,True,True,3.5864321005234903,Large Cap Pharma,2026-10-02,momentum_2.10.2026
252,VEEV,FAIL,2_no_bounce,latest candle not green,,,,,,,,3.11,,,,0.61,0.6889361978701265,23.263194642798858,0.0,,124,2026-04-13,2026-10-07,284.23,279.79,282.5,273.8544457097619,261.1034790937511,254.4956153758784,9.00215937527145,True,False,4.779907632887496,Medical Information Systems,2026-10-02,momentum_2.10.2026
253,MCK,FAIL,2_no_bounce,latest candle not green,,,,,,,,1.5,,,,0.82,1.6283977822090139,57.77253763830858,0.0,,124,2026-04-13,2026-10-07,924.21,908.49,910.33,890.0328837211066,880.2971271629389,874.8949740997288,23.657473625059286,True,False,3.8981699425031504,Medical,2026-10-02,momentum_2.10.2026
254,BBY,FAIL,2_no_bounce,EMA20 not rising,,,,,,,,-0.79,,,,0.6,1.4647969639946867,-109.36285936285957,1.510860912089165,,124,2026-04-13,2026-10-07,84.56,83.65,84.59,88.53819958318174,87.67638572795981,86.82018998624918,2.840642045051516,True,True,5.037194783753722,Retail,2026-10-02,momentum_2.10.2026
255,HAE,FAIL,2_no_bounce,EMA20 not rising,,,,,,,,1.01,,,,0.46,0.775258039947388,-152.16406072966183,1.6666666666666665,,124,2026-04-13,2026-10-07,103.48,101.31,101.71,104.41722440549245,101.16672489070265,99.04306731182672,2.6382518564213577,True,False,3.8908443463101334,Medical Products,2026-10-02,momentum_2.10.2026
256,CXW,FAIL,2_no_bounce,EMA20 not rising,,,,,,,,-0.36,,,,0.94,0.7358883918804473,-100.34469551895872,0.0,,124,2026-04-13,2026-10-07,31.62,31.02,31.82,32.965399524005996,32.780530188403425,32.4460442729007,1.748875374901167,True,True,8.244227097271372,REIT,2026-10-02,momentum_2.10.2026
257,STLN,FAIL,2_no_bounce,EMA20 not rising,,,,,,,,0.71,,,,0.56,0.7739234262561543,85.30338849487751,0.0,,129,2026-04-06,2026-10-07,6.5,6.375,6.43,6.448378147580102,6.284677072258266,6.1794303212226716,0.35337722098920527,True,False,8.243636570510231,Medical,2026-10-02,momentum_2.10.2026
258,FDMT,FAIL,2_no_bounce,EMA20 not rising,,,,,,,,-0.99,,,,1.09,0.46703722004050047,-80.55555555555576,1.6666666666666772,,124,2026-04-13,2026-10-07,12.36,12.18,12.59,13.906208932597426,13.714593621315094,13.503413215848623,0.9256263428776316,True,True,11.028113695920949,Medical,2026-10-02,momentum_2.10.2026
259,WSM,FAIL,2_no_bounce,candle did not touch EMA20 & EMA40,,,,,,,,1.5,,,,0.87,0.9223801440531797,67.66652584143105,0.0,,124,2026-04-13,2026-10-07,239.19,238.8,240.46,232.26189256999507,231.03900183924154,230.20381422064182,6.843587046416213,True,True,4.269059539892007,Retail,2026-10-02,momentum_2.10.2026
260,TRIN,FAIL,1_no_uptrend_stack,not in general uptrend (need EMA20 > EMA40 > EMA50),,,,,,,,-2.0,,,,0.85,1.6030342792692451,-166.666666666664,0.0,,128,2026-04-06,2026-10-07,17.28,16.91,17.08,17.637582647777013,17.75584094650471,17.744262586541286,0.3324415097680443,False,False,2.9195682942158463,Finance,2026-10-02,momentum_2.10.2026
261,DGX,FAIL,2_no_bounce,EMA20 not rising,,,,,,,,-1.1,,,,1.1,0.6990385947219929,-100.4874688708723,1.6666666666666246,,124,2026-04-13,2026-10-07,228.51,226.81,227.06,234.72394152424505,234.25991982489384,232.79723392334714,5.238917699032216,True,False,3.4609251072616596,Medical,2026-10-02,momentum_2.10.2026
262,TRMD,FAIL,2_no_bounce,latest candle not green,,,,,,,,2.97,,,,0.99,0.9196891849716222,-23.861967694567046,0.0,,124,2026-04-13,2026-10-07,39.31,38.85,38.92,36.84115653774936,34.988585253659735,34.34675974025995,1.540242140279588,True,False,5.936185021632533,Transportation,2026-10-01,momentum_1.10.2026
263,MU,PASS,,green candle bounced off EMA20 & EMA40,EMA20/40,26,0.5173,1088.0,1019.1123453770831,1191.3314819343755,6.331585902841627,2.1,3.0,1.45,False,1.45,1.3937736237361058,-40.512366772436266,1.2499288357529204,,124,2026-04-13,2026-10-07,1017.37,1011.42,1088.0,1041.0695583151237,1005.9567614949216,991.4555241998559,45.92510308194459,True,True,6.331585902841626,Computer,2026-10-01,momentum_1.10.2026
264,FOSL,FAIL,2_no_bounce,candle did not touch EMA20 & EMA40,,,,,,,,3.67,,,,1.6,0.6100692681701056,30.826434542650624,0.0,,124,2026-04-13,2026-10-07,7.07,6.88,7.08,6.2321262424748145,5.784362185180715,5.639375302069682,0.3929467376899456,True,True,8.32514274766834,Retail,2026-10-01,momentum_1.10.2026
265,NTAP,FAIL,2_no_bounce,candle did not touch EMA20 & EMA40,,,,,,,,4.78,,,,0.95,1.3974948308546116,130.33911467771162,0.0,,124,2026-04-13,2026-10-07,232.0,230.83,235.77,208.69657660361167,198.81588649640852,194.75656449036094,8.580849953653514,True,True,5.459250511295021,Computer,2026-10-01,momentum_1.10.2026
266,XP,FAIL,2_no_bounce,candle did not touch EMA20 & EMA40,,,,,,,,7.37,,,,1.61,1.286959246774761,69.56315289648622,0.0,,124,2026-04-13,2026-10-07,29.44,29.37,29.53,22.5086965789402,20.616569322419483,20.087921507033528,1.28166992445896,True,True,6.510345027729223,Finance,2026-10-01,momentum_1.10.2026
267,MSFT,FAIL,2_no_bounce,latest candle not green,,,,,,,,3.64,,,,0.7,0.7524554436746164,55.02179312930617,0.0,,124,2026-04-13,2026-10-07,530.73,524.69,529.76,509.8117920369857,495.4199349844856,488.3139454684122,11.389136633755907,True,False,3.2248008438979645,Computer,2026-10-01,momentum_1.10.2026
268,AMN,PASS,,green candle bounced off EMA20,EMA20,33,0.4645,36.53,34.672017176718775,39.316974234921844,5.086183474626953,1.85,3.6,1.11,False,1.11,0.8239358679070324,-10.659752232785232,0.0,,124,2026-04-13,2026-10-07,36.18,35.87,36.53,35.26416120619277,34.59092028430523,34.23700958411201,1.238655215520816,True,True,5.086183474626947,Business Services,2026-10-01,momentum_1.10.2026
269,ELF,PASS,,green candle bounced off EMA20,EMA20,35,0.4418,105.03,99.05584026210607,113.99123960684089,5.688050783484649,2.24,5.2,0.94,False,0.94,0.9696215112246959,95.99556821778907,0.13942931258103483,,124,2026-04-13,2026-10-07,103.3,103.03,105.03,101.4034598628226,98.13268840490194,96.10044260339802,3.9827731585959563,True,True,5.688050783484656,Cosmetics & Toiletries,2026-10-01,momentum_1.10.2026
270,URBN,PASS,,green candle bounced off EMA20 & EMA40,EMA20/40,18,0.5955,79.75,76.03103451473135,85.32844822790298,4.663279605352544,1.22,2.0,1.21,False,1.21,0.8739664362125183,-44.68150896722226,0.0,,124,2026-04-13,2026-10-07,78.77,77.98,79.75,77.79572620148792,77.07703932315412,76.7197069094534,2.4793103235124394,True,True,4.6632796053525505,Retail,2026-10-01,momentum_1.10.2026
271,TH,FAIL,2_no_bounce,EMA20 not rising,,,,,,,,-0.5,,,,1.1,0.7148065694706689,-107.02410640066488,0.0,,124,2026-04-13,2026-10-07,18.19,17.76,18.26,19.384720503107026,18.95557764236669,18.74724880792778,0.9668388749649905,True,True,7.942268961924895,Leisure & Recreation Services,2026-10-01,momentum_1.10.2026
272,SN,FAIL,2_no_bounce,candle did not touch EMA20 & EMA40,,,,,,,,2.24,,,,0.57,0.7217142694612769,71.50005887201256,0.0,,124,2026-04-13,2026-10-07,183.0,181.96,185.19,178.04783091409143,174.45031606361997,172.1237657594389,5.8320305253839075,True,True,4.723821906191404,Consumer Prdts,2026-10-01,momentum_1.10.2026
273,ACN,FAIL,2_no_bounce,candle did not touch EMA20 & EMA40,,,,,,,,1.73,,,,4.6,0.7474866119864777,-48.158178489931885,0.0,,124,2026-04-13,2026-10-07,195.0,194.05,196.64,188.4277748857143,183.2743582204457,181.17965373844325,8.935102554911584,True,True,6.815832909055826,IT Services,2026-10-01,momentum_1.10.2026
274,RHI,FAIL,1_no_uptrend_stack,not in general uptrend (need EMA20 > EMA40 > EMA50),,,,,,,,-2.67,,,,0.74,0.8753334647665796,-70.14344760515463,1.6666666666666603,,124,2026-04-13,2026-10-07,33.49,33.31,33.95,36.96003223420384,38.04200752409746,38.01303590641887,1.5224149735661257,False,True,6.726428454636784,Staffing,2026-10-01,momentum_1.10.2026
275,ORIC,FAIL,2_no_bounce,EMA20 not rising,,,,,,,,-0.67,,,,1.17,0.38472290432600253,-78.42046718576212,1.3504406428201157,,124,2026-04-13,2026-10-07,11.83,11.8,12.01,12.723991885343068,12.651507745818687,12.516861779207233,0.7586663344240606,True,True,9.475432986145636,Medical,2026-10-01,momentum_1.10.2026
276,MHK,FAIL,1_no_uptrend_stack,not in general uptrend (need EMA20 > EMA40 > EMA50),,,,,,,,-1.26,,,,0.92,1.7621842271305883,-164.04467395220408,0.0,,124,2026-04-13,2026-10-07,118.68,116.46,119.18,124.90853123728766,125.29583307540162,124.75150047761213,4.417712868155935,False,True,5.560135343374645,Textile,2026-10-01,momentum_1.10.2026
277,MPC,FAIL,2_no_bounce,candle did not touch EMA20 & EMA40,,,,,,,,4.46,,,,0.62,0.6776067001579632,99.4971065135796,0.0,,124,2026-04-13,2026-10-07,436.19,435.0,442.26,406.9254700089889,385.7390487670626,375.78636487885365,14.920610560864338,True,True,5.06057880913863,Oil,2026-09-30,momentum_30.9.2026
278,PSX,FAIL,2_no_bounce,latest candle not green,,,,,,,,3.22,,,,0.85,0.441632121149286,100.80077437522003,0.0,,124,2026-04-13,2026-10-07,271.84,270.48,271.62,260.32956167750115,249.98718247165908,244.6124695537687,8.38474360611337,True,False,4.630408441635393,Oil,2026-09-30,momentum_30.9.2026
279,VRTX,FAIL,2_no_bounce,EMA20 not rising,,,,,,,,-0.65,,,,1.0,0.7128475459392266,32.38780694326892,1.6666666666666623,,124,2026-04-13,2026-10-07,505.35,503.94,505.64,515.6868471732184,515.621206628127,513.142218728581,11.608314600685608,True,True,3.4436500081141546,Medical,2026-09-30,momentum_30.9.2026
280,AVAH,PASS,,green candle bounced off EMA50,EMA50,6,0.7364,12.31,11.57120436132357,13.418193458014645,6.0015892662585735,0.26,-6.5,1.81,False,1.81,1.1212922104378371,-75.02596053997917,1.17704280155642,,124,2026-04-13,2026-10-07,12.24,12.135,12.31,12.777808010089373,12.469570929326952,12.184137848249811,0.49253042578428685,True,True,6.001589266258573,Medical,2026-09-30,momentum_30.9.2026
281,INCY,FAIL,1_no_uptrend_stack,not in general uptrend (need EMA20 > EMA40 > EMA50),,,,,,,,-2.16,,,,1.02,0.8163508606550979,-48.97626190852104,1.4830026865054773,,124,2026-04-13,2026-10-07,112.82,112.82,113.44,120.35922396866037,121.17274240219271,120.64561208910357,3.338837099252778,False,True,4.414893907686148,Medical,2026-09-30,momentum_30.9.2026
282,APH,FAIL,2_no_bounce,candle did not touch EMA20 & EMA40,,,,,,,,2.18,,,,1.25,0.7899718775976136,20.311630495270297,0.0,,124,2026-04-13,2026-10-07,87.21,86.44,87.55,84.00728747123387,82.40975040326762,81.8429902113677,2.619401113393937,True,True,4.48783743014381,Electronics,2026-09-30,momentum_30.9.2026
283,ZD,FAIL,2_no_bounce,EMA20 not rising,,,,,,,,-0.12,,,,1.17,0.3729776602146404,-128.35249042145236,0.0,,124,2026-04-13,2026-10-07,54.49,54.13,54.9,56.00161746549123,55.53450010740119,55.091195316523404,1.6291202924254202,True,True,4.451148339960165,Internet,2026-09-30,momentum_30.9.2026
284,AVPT,FAIL,2_no_bounce,latest candle not green,,,,,,,,1.85,,,,1.6,0.9613938163930021,-8.89756944444431,0.0,,124,2026-04-13,2026-10-07,14.51,14.14,14.28,13.7648999684532,13.447368620146158,13.289544332745873,0.5341023087215245,True,False,5.6103183689235765,Internet,2026-09-30,momentum_30.9.2026
285,EFOR,FAIL,2_no_bounce,latest candle not green,,,,,,,,2.02,,,,0.69,0.6206598586613757,-57.72475295251878,0.0,,128,2026-04-06,2026-10-07,35.89,34.53,34.91,33.58545343563327,31.929062432236407,31.18751673800088,1.8412372751486148,True,False,7.911360391644006,Technology Services,2026-09-30,momentum_30.9.2026
286,GRND,FAIL,1_no_uptrend_stack,not in general uptrend (need EMA20 > EMA40 > EMA50),,,,,,,,-1.25,,,,1.35,0.8049444298372674,46.19787408013065,1.6666666666666652,,124,2026-04-13,2026-10-07,13.89,13.72,14.34,14.963183050820593,15.220270902367092,15.221912294491691,0.7044613547162218,False,True,7.368842622554621,Internet,2026-09-30,momentum_30.9.2026
287,BAX,FAIL,1_no_uptrend_stack,not in general uptrend (need EMA20 > EMA40 > EMA50),,,,,,,,-0.18,,,,1.28,0.6286227249680579,67.62981574539347,0.0,,124,2026-04-13,2026-10-07,24.2,23.82,23.97,23.987074630370305,24.18926151448987,24.10263607296324,0.7217579286704128,False,False,4.516632845246638,Medical Products,2026-09-30,momentum_30.9.2026
288,NMAX,FAIL,2_no_bounce,EMA20 not rising,,,,,,,,-0.1,,,,0.69,0.6036802285654758,6.628787878788388,1.6666666666666692,,124,2026-04-13,2026-10-07,9.92,9.77,10.0,10.405294556338555,10.22100531215224,10.056194294029515,0.551656285044455,True,True,8.274844275666823,Broadcast,2026-09-30,momentum_30.9.2026
289,WT,FAIL,2_no_bounce,latest candle not green,,,,,,,,0.47,,,,0.87,0.5081914331845843,-146.12884160756545,0.0,,124,2026-04-13,2026-10-07,23.65,23.1,23.37,23.830779300972374,23.268684231787518,22.93106391253326,0.926848855326216,True,False,5.948965695290219,Finance,2026-09-29,momentum_29.9.2026
290,SHEL,FAIL,2_no_bounce,latest candle not green,,,,,,,,2.31,,,,1.19,0.7222298681971321,75.71881091618012,0.0,,124,2026-04-13,2026-10-07,97.42,96.54,96.85,95.49859963402953,93.86828116487645,93.12866591767116,1.6134859571581337,True,False,2.4989457261096546,Oil,2026-09-29,momentum_29.9.2026
291,TRLV,FAIL,2_no_bounce,EMA20 not rising,,,,,,,,-0.1,,,,1.11,0.42089571733386655,-1.3020833333337714,0.779500430663233,,128,2026-04-06,2026-10-07,10.7,10.55,10.78,11.310884689357193,11.036722284734617,10.850400464576389,0.7193802425358611,True,True,10.00992916330048,Medical Products,2026-09-29,momentum_29.9.2026
292,TEVA,FAIL,0_insufficient_history,insufficient history,,,,,,,,,,,,1.26,,,,,18,2026-09-14,2026-10-07,38.92,38.64,39.18,,,,,,,,Medical,2026-09-29,momentum_29.9.2026
293,BWIN,FAIL,2_no_bounce,latest candle not green,,,,,,,,3.15,,,,1.33,0.3609122590375253,-1.792114695333262,0.0,46,124,2026-04-13,2026-10-07,31.86,31.8,31.81,31.552285802806104,30.74391717160289,30.257493751229823,0.4935902456197885,True,False,2.3275239497946645,Insurance,2026-09-29,momentum_29.9.2026
294,SPNT,PASS,,green candle bounced off EMA50,EMA50,10,0.6655,24.62,23.701427380763292,25.997858928855067,3.7310017028298503,0.39,1.4,0.86,False,0.86,0.5571273944926223,79.66764418377272,0.0,,124,2026-04-13,2026-10-07,24.48,24.42,24.62,24.64711814170616,24.469833318870833,24.381838928285422,0.6123817461578066,True,True,3.731001702829853,Insurance,2026-09-29,momentum_29.9.2026
295,RVMD,PASS,,green candle bounced off EMA50,EMA50,5,0.74,200.87,189.12668280142506,218.48497579786243,5.846227509620621,0.23,-0.9,0.9,False,0.9,0.6216759383340058,-94.36619718309845,1.6666666666666725,,124,2026-04-13,2026-10-07,198.18,196.25,200.87,202.50356838885742,200.88927518496166,199.0606467267879,7.828878132383297,True,True,5.846227509620623,Medical,2026-09-29,momentum_29.9.2026
296,KO,FAIL,1_no_uptrend_stack,not in general uptrend (need EMA20 > EMA40 > EMA50),,,,,,,,-0.86,,,,0.88,0.926531797682723,5.200594353638757,0.0,,124,2026-04-13,2026-10-07,86.73,85.67,85.82,87.11359734724316,87.15520225899596,86.88399926358888,1.2430012771843357,False,False,2.1725727287071823,Beverages,2026-09-29,momentum_29.9.2026
297,VFF,FAIL,2_no_bounce,EMA20 not rising,,,,,,,,-0.27,,,,0.57,0.8579764708265276,-86.05919003115262,0.0,,124,2026-04-13,2026-10-07,2.75,2.68,2.685,2.868446796443426,2.7687650622835336,2.7184501015762788,0.12402417453858233,True,False,6.928724834557672,Medical Products,2026-09-29,momentum_29.9.2026
298,CVBF,FAIL,1_no_uptrend_stack,not in general uptrend (need EMA20 > EMA40 > EMA50),,,,,,,,-1.72,,,,0.97,0.781553877533668,-112.28287841191063,0.0,,124,2026-04-13,2026-10-07,21.77,21.48,21.53,22.163737518135378,22.271457634526904,22.25956463707933,0.42343200089469474,False,False,2.950060387097269,Banks,2026-09-29,momentum_29.9.2026
299,CCEP,FAIL,1_no_uptrend_stack,not in general uptrend (need EMA20 > EMA40 > EMA50),,,,,,,,-1.31,,,,0.68,0.5293490283407374,-18.685567010309356,0.0,,124,2026-04-13,2026-10-07,102.12,100.46,100.86,102.25333234117171,103.35984831192076,103.48376322295115,2.000712099451973,False,False,2.9754790295240525,Beverages,2026-09-29,momentum_29.9.2026
300,UMBF,FAIL,1_no_uptrend_stack,not in general uptrend (need EMA20 > EMA40 > EMA50),,,,,,,,-3.23,,,,0.92,1.484792288531364,-121.21212121212137,0.0,,124,2026-04-13,2026-10-07,128.26,125.6,128.21,133.72399033348904,136.84563218215186,137.48574080947168,2.871603851570791,False,False,3.3596488396819177,Banks,2026-09-25,momentum_25.9.2026
301,QMCO,FAIL,2_no_bounce,latest candle not green,,,,,,,,2.62,,,,2.38,0.7873031317105703,-121.04225059690664,0.0,,124,2026-04-13,2026-10-07,32.5,30.4,31.07,29.221499538775277,25.602798628235767,24.158789949471462,2.6351844806198614,True,False,12.722165178402935,Computer,2026-09-25,momentum_25.9.2026
302,P,FAIL,2_no_bounce,candle did not touch EMA20 & EMA40,,,,,,,,6.74,,,,1.32,1.1868631198782453,101.6423232531031,0.0,,129,2026-04-06,2026-10-07,144.58,144.47,152.66,124.95140168677791,113.08905051015554,109.08145377410361,6.462599047811024,True,True,6.3499925138979005,Technology Services,2026-09-25,momentum_25.9.2026
303,BNS,FAIL,2_no_bounce,EMA20 not rising,,,,,,,,-2.14,,,,0.82,1.1022807537700874,-166.66666666666669,0.0,,124,2026-04-13,2026-10-07,89.11,87.12,87.23,91.47791572387295,91.11748794403195,90.62458084333878,1.5830229515459053,True,False,2.7221534189142016,Banks,2026-09-25,momentum_25.9.2026
304,NVDA,FAIL,2_no_bounce,latest candle not green,,,,,,,,2.82,,,,0.74,0.8583606459121272,30.041113810503372,0.0,,124,2026-04-13,2026-10-07,237.69,236.38,237.47,228.42366046502215,223.48479129071808,221.67788378088704,5.609591927809449,True,False,3.5433477457001614,Semi General,2026-09-25,momentum_25.9.2026
305,DOCU,PASS,,green candle bounced off EMA20,EMA20,46,0.37,68.9,65.02288599623226,74.71567100565161,5.627161108516319,1.96,2.5,0.67,False,0.67,0.8879762424555602,-71.50900900900895,0.0,,124,2026-04-13,2026-10-07,67.99,67.99,68.9,67.82132313858851,65.20058015878021,63.84343689092909,2.584742669178499,True,True,5.627161108516325,Internet,2026-09-25,momentum_25.9.2026
306,JNJ,FAIL,1_no_uptrend_stack,not in general uptrend (need EMA20 > EMA40 > EMA50),,,,,,,,-0.9,,,,0.6,0.773298319639743,49.6262541471796,1.3728368355995062,,124,2026-04-13,2026-10-07,256.21,255.73,258.45,263.728036197665,263.99137425851234,263.0202297565854,5.0567238646119135,False,True,2.9348368337852078,Large Cap Pharma,2026-09-25,momentum_25.9.2026
307,HPQ,FAIL,2_no_bounce,pullback closed below EMA20 (not a shallow pullback),,,,,,,,1.31,,,,0.76,0.788447450337145,49.93429697766113,0.04869807195388723,27,124,2026-04-13,2026-10-07,31.69,31.59,32.24,31.871572769011088,31.046565921620005,30.509897102262848,1.3165908463408535,True,True,6.125577759030025,Computer,2026-09-25,momentum_25.9.2026
308,CLF,FAIL,2_no_bounce,pullback closed below EMA20 (not a shallow pullback),,,,,,,,0.47,,,,0.48,0.6316044590250841,31.103286384976425,0.0,28,124,2026-04-13,2026-10-07,12.02,11.85,12.06,11.894997712717824,11.82006708748907,11.75925438641594,0.6416156644221579,True,True,7.980294333608928,Steel,2026-09-25,momentum_25.9.2026
309,MFC,FAIL,1_no_uptrend_stack,not in general uptrend (need EMA20 > EMA40 > EMA50),,,,,,,,-1.95,,,,0.45,1.1860081389958588,-114.53501214932614,0.0,,124,2026-04-13,2026-10-07,42.49,41.61,41.67,43.17346648485605,43.20068167477024,43.07983264314755,0.7218521221491137,False,False,2.598459762955773,Insurance,2026-09-25,momentum_25.9.2026
310,CGAU,FAIL,2_no_bounce,EMA20 not rising,,,,,,,,-0.25,,,,0.51,1.0424187719131195,-166.66666666666737,0.0,,124,2026-04-13,2026-10-07,21.02,20.68,21.15,22.015470898274508,21.658626873215358,21.358014789783354,0.8288682203536106,True,True,5.878498016692274,Mining,2026-09-25,momentum_25.9.2026
311,CFFN,FAIL,1_no_uptrend_stack,not in general uptrend (need EMA20 > EMA40 > EMA50),,,,,,,,-1.1,,,,1.42,1.1925270702133575,-65.60283687943227,0.0,,124,2026-04-13,2026-10-07,8.42,8.37,8.42,8.59654653889434,8.628982753665708,8.614762104686363,0.17759623630967875,False,False,3.16382843782088,Finance,2026-09-25,momentum_25.9.2026
312,SLDE,FAIL,2_no_bounce,pullback closed below EMA20 (not a shallow pullback),,,,,,,,1.96,,,,0.76,1.0872306434134826,73.95536562203222,0.0,29,124,2026-04-13,2026-10-07,23.73,23.51,24.63,23.778992487923855,23.312784008670075,23.002292055328102,0.8303453474498038,True,True,5.056914418086503,Insurance,2026-09-25,momentum_25.9.2026
313,AVO,FAIL,2_no_bounce,EMA20 not rising,,,,,,,,-0.75,,,,1.24,0.8208060870223456,-143.237486687967,0.0,,124,2026-04-13,2026-10-07,12.72,12.48,12.51,12.823367824617556,12.822895135750807,12.815751012686984,0.4058114837904476,True,False,4.865845129381866,Agriculture Operations,2026-09-25,momentum_25.9.2026
314,TREX,FAIL,1_no_uptrend_stack,not in general uptrend (need EMA20 > EMA40 > EMA50),,,,,,,,-0.56,,,,1.13,0.8248778784998622,-44.315992292871286,0.0,,124,2026-04-13,2026-10-07,43.97,43.05,43.82,44.16362555644345,44.61767567893971,44.70215407835015,1.5827926265805146,False,False,5.418048698929192,Building Products,2026-09-25,momentum_25.9.2026
315,GTES,FAIL,2_no_bounce,latest candle not green,,,,,,,,0.99,,,,0.82,1.7197921388650623,16.988062442607607,0.0,,129,2026-04-06,2026-10-07,27.58,27.04,27.41,26.717279427686965,26.560199127001837,26.532994565870066,0.8865010730147637,True,False,4.851337502817021,Machinery,2026-09-25,momentum_25.9.2026
316,FCF,FAIL,1_no_uptrend_stack,not in general uptrend (need EMA20 > EMA40 > EMA50),,,,,,,,-2.35,,,,1.14,0.9483249804346391,-125.00000000000094,0.0,,124,2026-04-13,2026-10-07,19.93,19.75,19.86,20.601231072997155,20.757141908216532,20.74612693036322,0.3776958970997766,False,False,2.8526880445602463,Banks,2026-09-25,momentum_25.9.2026
317,FNV,FAIL,2_no_bounce,EMA20 not rising,,,,,,,,-1.02,,,,0.49,0.8152750743952297,-73.36060916013089,0.0,,124,2026-04-13,2026-10-07,238.42,235.95,237.9,249.64770711833822,248.90060078857883,247.25880443683025,9.197123593255988,True,False,5.798942997008819,Mining,2026-09-25,momentum_25.9.2026
318,BRK.B,FAIL,0_no_data,no bars returned by IBKR,,,,,,,,,,,,0.68,,,,,,,,,,,,,,,,,,Insurance,2026-09-25,momentum_25.9.2026
319,NSP,FAIL,1_no_uptrend_stack,not in general uptrend (need EMA20 > EMA40 > EMA50),,,,,,,,-0.18,,,,1.1,0.8887929980840329,67.13097310891975,0.8046836073742019,,124,2026-04-13,2026-10-07,47.48,46.31,48.23,48.53898543228224,48.9586235256018,48.629367598298266,2.2003420205855218,False,True,6.843278106734985,Staffing,2026-09-25,momentum_25.9.2026
320,NWBI,FAIL,1_no_uptrend_stack,not in general uptrend (need EMA20 > EMA40 > EMA50),,,,,,,,-1.78,,,,0.79,1.0001461828559441,-107.84313725490163,0.0,,124,2026-04-13,2026-10-07,14.88,14.62,14.72,15.137976856564563,15.228515179664878,15.219234559742448,0.2803710732124334,False,False,2.857042186268003,Finance,2026-09-25,momentum_25.9.2026
321,HIW,FAIL,1_no_uptrend_stack,not in general uptrend (need EMA20 > EMA40 > EMA50),,,,,,,,-1.41,,,,0.74,0.7073982290191729,-10.122921185827792,0.0,,124,2026-04-13,2026-10-07,29.55,29.19,29.38,29.92719309001943,30.348437941158778,30.376192005381007,0.7066727536485125,False,False,3.6079276054212683,REIT,2026-09-25,momentum_25.9.2026
322,GDRX,FAIL,1_no_uptrend_stack,not in general uptrend (need EMA20 > EMA40 > EMA50),,,,,,,,-0.66,,,,0.36,0.6865920699235316,-62.91689201370177,0.0,,124,2026-04-13,2026-10-07,3.24,3.2303,3.25,3.3427288918211238,3.3484041302584875,3.324323584929749,0.11305469170220171,False,True,5.217908847793925,Medical Services,2026-09-25,momentum_25.9.2026
323,STIM,FAIL,1_no_uptrend_stack,not in general uptrend (need EMA20 > EMA40 > EMA50),,,,,,,,-2.04,,,,0.23,0.492678022350677,-66.03773584905751,0.0,,124,2026-04-13,2026-10-07,2.21,2.155,2.17,2.523229998842035,2.559439519872362,2.517632450912306,0.1701780455132065,False,False,11.76345936727234,Medical Instruments,2026-09-25,momentum_25.9.2026
324,HOPE,FAIL,1_no_uptrend_stack,not in general uptrend (need EMA20 > EMA40 > EMA50),,,,,,,,-1.36,,,,0.91,1.9022839464046044,-93.4202358783365,0.0,,124,2026-04-13,2026-10-07,13.33,13.16,13.34,13.665675969061079,13.74092793770638,13.726423938125176,0.2835771196978999,False,True,3.1886482724651417,Banks,2026-09-25,momentum_25.9.2026
325,PRU,FAIL,1_no_uptrend_stack,not in general uptrend (need EMA20 > EMA40 > EMA50),,,,,,,,-1.99,,,,0.59,1.0579281240272893,-70.29347686786936,0.0,,124,2026-04-13,2026-10-07,112.5,111.43,112.36,116.00615706819138,117.12521608298746,116.98916492915009,2.326212400640061,False,False,3.1054811329299494,Insurance,2026-09-25,momentum_25.9.2026
326,TRV,FAIL,1_no_uptrend_stack,not in general uptrend (need EMA20 > EMA40 > EMA50),,,,,,,,-0.36,,,,0.46,0.7775330485935861,48.51816443594621,0.0,,124,2026-04-13,2026-10-07,358.84,357.09,360.61,364.4023751043136,364.51627051069045,362.85094533996494,6.297268209350047,False,True,2.6194232866601235,Insurance,2026-09-25,momentum_25.9.2026
327,CRM,FAIL,2_no_bounce,EMA20 not rising,,,,,,,,0.23,,,,0.78,0.3902176350316639,-106.00888422066201,0.0,,124,2026-04-13,2026-10-07,225.24,221.53,224.56,232.97651979890966,226.7764514800114,222.59108829475244,8.521408215176656,True,False,5.692069969168589,Internet,2026-09-24,momentum_24.9.2026
328,ZBRA,FAIL,2_no_bounce,candle did not touch EMA20 & EMA40,,,,,,,,3.56,,,,0.77,0.8732000256055149,84.75135206437018,0.0,,124,2026-04-13,2026-10-07,381.11,378.08,386.05,367.9922752584014,354.8487367719799,347.784337528344,10.734439893211434,True,True,4.170874197595428,Machinery,2026-09-24,momentum_24.9.2026
329,UGP,FAIL,2_no_bounce,latest candle not green,,,,,,,,2.79,,,,0.76,0.8690522400469666,46.05501266739068,0.0,,124,2026-04-13,2026-10-07,7.9,7.725,7.74,7.418840711853084,7.126941720418108,6.994602367864326,0.2675035948668589,True,False,5.184178195094163,Oil,2026-09-24,momentum_24.9.2026
330,GPRK,FAIL,2_no_bounce,latest candle not green,,,,,,,,0.97,,,,1.78,0.42832381121347884,52.223888055972225,0.0,,124,2026-04-13,2026-10-07,11.5,11.07,11.11,10.976244912953064,10.765457892215505,10.667614726816732,0.45572221135206525,True,False,6.152865139766858,Oil,2026-09-24,momentum_24.9.2026
331,HMC,FAIL,2_no_bounce,EMA20 not rising,,,,,,,,0.65,,,,1.67,1.1642632216297983,-25.72706935123206,0.0,,124,2026-04-13,2026-10-07,31.67,31.5,31.67,31.945357590688634,31.599667920026988,31.309007326618534,0.557009895601861,True,False,2.6381902223012044,Auto,2026-09-24,momentum_24.9.2026
332,SABR,FAIL,1_no_uptrend_stack,not in general uptrend (need EMA20 > EMA40 > EMA50),,,,,,,,-1.38,,,,0.73,0.5916108819437192,-75.56497175141294,1.4253647586980966,,124,2026-04-13,2026-10-07,1.91,1.9,1.91,2.083185165694264,2.0882824132171907,2.0741806146154147,0.11934625190846254,False,False,9.372742296476117,Internet Software Services,2026-09-24,momentum_24.9.2026
333,SM,FAIL,2_no_bounce,EMA20 not rising,,,,,,,,0.38,,,,1.03,0.622533560185836,110.98820058996819,0.0,,124,2026-04-13,2026-10-07,35.46,34.68,35.25,35.30243306109353,35.03390262634226,34.713266045042715,1.4168637027235425,True,False,6.0292072456320955,Oil,2026-09-24,momentum_24.9.2026
334,AMGN,PASS,,green candle bounced off EMA50,EMA50,17,0.6018,413.08,397.6309873718517,436.2535189422224,3.73995657697015,1.05,0.8,0.9,False,0.9,0.8574837984957703,66.77340365417088,1.2897160653347952,,124,2026-04-13,2026-10-07,403.06,402.0,413.08,407.1236607058964,404.7821875484606,402.2678104493053,10.299341752098853,True,True,3.7399565769701457,Medical,2026-09-24,momentum_24.9.2026
335,KYMR,FAIL,1_no_uptrend_stack,not in general uptrend (need EMA20 > EMA40 > EMA50),,,,,,,,-0.75,,,,1.23,1.9486579489965536,-59.868875086265945,1.4113947465778696,,124,2026-04-13,2026-10-07,104.58,103.45,108.35,112.48841972015543,113.12965483727127,112.4877205534851,5.507780842285509,False,True,7.624985014700751,Medical,2026-09-24,momentum_24.9.2026
336,UNM,FAIL,2_no_bounce,EMA20 not rising,,,,,,,,0.83,,,,1.19,1.371324901024366,99.13080573774893,0.0,30,124,2026-04-13,2026-10-07,91.01,90.18,93.2,91.53979068813598,91.44819186688432,91.13858146285838,2.4927663801950732,True,True,4.011963058253873,Insurance,2026-09-24,momentum_24.9.2026
337,QGEN,FAIL,2_no_bounce,latest candle not green,,,,,,,,1.19,,,,0.68,1.3179016932022953,33.248081841432025,0.0,,124,2026-04-13,2026-10-07,45.61,44.78,44.79,44.0962150643299,43.41413724295646,43.07812703782617,1.435573150141767,True,False,4.807679672276514,Medical,2026-09-24,momentum_24.9.2026
338,ACRV,FAIL,2_no_bounce,EMA20 not rising,,,,,,,,-0.52,,,,0.92,0.8209861430654164,-117.88799893869304,1.3585434173669517,,124,2026-04-13,2026-10-07,1.85,1.82,1.88,1.984990823743478,1.9634614599073865,1.9456804083089452,0.12659199947474048,True,True,10.10042549000589,Medical,2026-09-24,momentum_24.9.2026
339,MTCH,FAIL,2_no_bounce,EMA20 not rising,,,,,,,,0.38,,,,0.88,0.7901781738375254,156.0846560846537,0.0,,124,2026-04-13,2026-10-07,40.62,40.36,40.86,40.954316458595,40.69899067768146,40.43375383273115,1.1316611997808024,True,True,4.154409690825266,Internet,2026-09-24,momentum_24.9.2026
340,PAA,FAIL,1_no_uptrend_stack,not in general uptrend (need EMA20 > EMA40 > EMA50),,,,,,,,-0.65,,,,0.85,0.7164742563099138,68.64456079115978,0.0,,124,2026-04-13,2026-10-07,24.24,23.79,24.09,24.450292629484178,24.508474927147365,24.426430556599882,0.5192187339540538,False,False,3.2329933621049425,Oil Gas Prod Pipeline MLP,2026-09-24,momentum_24.9.2026
341,GILD,FAIL,2_no_bounce,EMA20 not rising,,,,,,,,0.72,,,,0.81,0.8658472178983729,54.97731518548243,1.4536523684466494,,124,2026-04-13,2026-10-07,145.66,145.27,146.85,147.5501356502396,145.5142562291075,144.35122802928572,3.4600668216422603,True,True,3.534286845395567,Medical,2026-09-24,momentum_24.9.2026
342,CRGY,FAIL,2_no_bounce,latest candle not green,,,,,,,,0.78,,,,0.95,0.7497427437671449,50.2322880371663,0.0,,124,2026-04-13,2026-10-07,13.72,13.21,13.47,13.463487852571783,13.237329400464434,13.090304472013576,0.48790719990932563,True,False,5.433265032397835,Other Alt Energy,2026-09-24,momentum_24.9.2026
343,TAK,FAIL,2_no_bounce,EMA20 not rising,,,,,,,,1.12,,,,1.06,1.1262926853368724,135.5932203389828,0.0,31,124,2026-04-13,2026-10-07,18.14,18.14,18.37,18.332965846122264,18.15538078495337,18.037030891366378,0.29677235559192994,True,True,2.423290873096869,Medical,2026-09-24,momentum_24.9.2026
344,FA,FAIL,1_no_uptrend_stack,not in general uptrend (need EMA20 > EMA40 > EMA50),,,,,,,,-1.78,,,,0.8,0.7482079282007621,-24.781341107871068,0.0,,124,2026-04-13,2026-10-07,18.22,18.13,18.37,19.322285002808414,19.79340378790232,19.768936331452668,0.7856948598727294,False,True,6.415581327213358,Internet,2026-09-24,momentum_24.9.2026
345,PSO,FAIL,1_no_uptrend_stack,not in general uptrend (need EMA20 > EMA40 > EMA50),,,,,,,,1.3,,,,0.78,0.8296960401869318,107.84313725489986,0.0,,124,2026-04-13,2026-10-07,16.39,16.28,16.42,16.11446180424853,16.125979365977447,16.111613284849206,0.23723523934115157,False,True,2.1671915895963902,Media Conglomerates,2026-09-24,momentum_24.9.2026
346,RDNT,FAIL,2_no_bounce,EMA20 not rising,,,,,,,,-0.92,,,,1.02,0.4329130266659021,-32.30676328502328,0.0,,124,2026-04-13,2026-10-07,69.5,68.45,68.61,71.56224953036038,71.54203988781639,70.96481903851885,2.561950359295535,True,False,5.60111578333086,Medical,2026-09-24,momentum_24.9.2026
347,APA,FAIL,2_no_bounce,latest candle not green,,,,,,,,1.17,,,,1.09,0.5869355286311275,87.06467661691602,0.0,,124,2026-04-13,2026-10-07,44.65,43.33,43.81,43.41322109869574,42.51268378640729,42.007624964155056,1.5405945246485178,True,False,5.274804352825329,Oil,2026-09-24,momentum_24.9.2026
348,IOVA,FAIL,2_no_bounce,candle did not touch EMA20 & EMA40,,,,,,,,4.03,,,,0.92,0.7474286787190586,-115.89823420783573,1.4936247723132943,,124,2026-04-13,2026-10-07,12.515,12.32,12.915,11.728535110080472,10.047461309017555,9.430383714993257,0.8650092203017632,True,True,10.04656469572315,Medical,2026-09-22,momentum_22.9.2026
349,HRMY,FAIL,2_no_bounce,EMA20 not rising,,,,,,,,-0.07,,,,0.63,0.5511562426143995,-100.0937646507258,0.0,,124,2026-04-13,2026-10-07,39.27,39.09,39.34,40.251166873512965,39.82627404751264,39.42491542648297,1.2810448519632125,True,True,4.884512653647226,Medical,2026-09-22,momentum_22.9.2026
350,ING,FAIL,2_no_bounce,EMA20 not rising,,,,,,,,-1.82,,,,0.87,1.219059943679501,-128.0456194919655,0.0,,124,2026-04-13,2026-10-07,33.65,33.52,33.92,35.53813545305087,35.409798541658326,35.17517676747708,0.6915306679570336,True,True,3.0580660434420706,Banks,2026-09-22,momentum_22.9.2026
351,CNH,FAIL,2_no_bounce,EMA20 not rising,,,,,,,,-0.04,,,,0.88,1.5215135868807745,-90.38353073886114,0.0,,124,2026-04-13,2026-10-07,13.2,12.27,12.46,13.090234059339938,12.680411394742054,12.482914901349147,0.5339690601692806,True,False,6.428198958699204,Machinery,2026-09-22,momentum_22.9.2026
352,SGMT,FAIL,2_no_bounce,EMA20 not rising,,,,,,,,-1.0,,,,0.78,0.3854061418139988,-51.20834941799583,1.3508144854077946,,124,2026-04-13,2026-10-07,8.65,8.65,8.88,9.724934118834211,9.70484652093182,9.562458845535106,0.6806497722140502,True,True,11.497462368480576,Medical,2026-09-22,momentum_22.9.2026
353,GORO,FAIL,1_no_uptrend_stack,not in general uptrend (need EMA20 > EMA40 > EMA50),,,,,,,,-0.67,,,,0.54,0.8939446193544233,20.733886563364894,0.0,,128,2026-04-06,2026-10-07,3.27,3.16,3.28,3.3852458286207,3.4052318640441834,3.427988824588369,0.2204936393778074,False,True,10.083550581302166,Mining,2026-09-22,momentum_22.9.2026
354,TD,FAIL,1_no_uptrend_stack,not in general uptrend (need EMA20 > EMA40 > EMA50),,,,,,,,-2.63,,,,0.58,1.39731177276044,-153.61171761280937,0.0,,124,2026-04-13,2026-10-07,116.73,113.67,113.87,118.9436909994986,119.53266945534062,119.42911594079689,2.1099278017227605,False,False,2.779390271875069,Banks,2026-09-22,momentum_22.9.2026
355,SRPT,FAIL,1_no_uptrend_stack,not in general uptrend (need EMA20 > EMA40 > EMA50),,,,,,,,-1.44,,,,0.71,0.7435006684308745,-46.39175257731807,1.666666666666683,,124,2026-04-13,2026-10-07,17.25,16.98,17.5,18.74988666957172,18.97032599006653,18.935266745098385,0.9996070271964161,False,True,8.568060233112138,Medical,2026-09-22,momentum_22.9.2026
356,EWTX,FAIL,1_no_uptrend_stack,not in general uptrend (need EMA20 > EMA40 > EMA50),,,,,,,,-1.1,,,,1.69,0.8418020339459038,-94.04761904762013,1.2942366026289027,,124,2026-04-13,2026-10-07,39.66,39.4,39.57,41.52171084454916,41.96118075039319,41.8408481863745,2.063910024574804,False,False,7.823768099222152,Medical,2026-09-22,momentum_22.9.2026
357,TGB,FAIL,2_no_bounce,latest candle not green,,,,,,,,0.21,,,,1.11,0.5174294244669791,-80.61002178649285,0.0,,129,2026-04-06,2026-10-07,8.55,8.42,8.52,8.689631202417456,8.520905935234214,8.421538073317071,0.47839641446799075,True,False,8.422472085704063,Mining,2026-09-22,momentum_22.9.2026
358,MDB,FAIL,1_no_uptrend_stack,not in general uptrend (need EMA20 > EMA40 > EMA50),,,,,,,,-0.58,,,,1.26,0.3794448253494242,60.28007946891444,0.0,,124,2026-04-13,2026-10-07,362.13,357.36,363.03,374.77074448820827,379.07972475604424,377.23288350952714,24.303377672178755,False,True,10.041888138244259,Internet,2026-09-22,momentum_22.9.2026
359,CDW,FAIL,1_no_uptrend_stack,not in general uptrend (need EMA20 > EMA40 > EMA50),,,,,,,,-0.55,,,,1.0,0.6452349602774408,166.6666666666682,0.0,,124,2026-04-13,2026-10-07,135.17,134.32,136.82,138.7432702918759,140.11358955889244,139.90667520312496,5.562678029060527,False,True,6.098536064603707,IT Services,2026-09-22,momentum_22.9.2026
360,LFST,FAIL,2_no_bounce,EMA20 not rising,,,,,,,,0.49,,,,0.9,0.35871878011834935,61.91687871077283,0.0,,124,2026-04-13,2026-10-07,11.99,11.96,12.11,12.197564569549328,12.062684448447671,11.895283280494125,0.43495792095661523,True,True,5.387587790544368,Medical,2026-09-22,momentum_22.9.2026
361,ROIV,FAIL,2_no_bounce,EMA20 not rising,,,,,,,,-1.22,,,,0.92,0.8792691507474686,-160.16859852476335,0.0,,124,2026-04-13,2026-10-07,35.22,34.63,34.75,36.69990279168185,36.62285972036012,36.360706635920145,1.3218925996565138,True,False,5.706011221538908,Medical,2026-09-22,momentum_22.9.2026
362,AGIO,FAIL,1_no_uptrend_stack,not in general uptrend (need EMA20 > EMA40 > EMA50),,,,,,,,-1.23,,,,1.12,0.9199532408927485,-25.403074615673138,1.4802631578947378,,124,2026-04-13,2026-10-07,31.37,31.07,31.79,32.82371902836441,33.2803324074351,33.381019276358,1.293209816302557,False,True,6.10196516028259,Medical,2026-09-22,momentum_22.9.2026
363,SAN,FAIL,1_no_uptrend_stack,not in general uptrend (need EMA20 > EMA40 > EMA50),,,,,,,,-1.52,,,,0.65,1.3496822987575021,-1.9574944071592448,0.0,,124,2026-04-13,2026-10-07,13.46,13.435,13.66,14.117263843010896,14.21159795994833,14.176182305530743,0.3399353331466783,False,True,3.7328184459737725,Banks,2026-09-22,momentum_22.9.2026
364,BHVN,FAIL,1_no_uptrend_stack,not in general uptrend (need EMA20 > EMA40 > EMA50),,,,,,,,-1.95,,,,0.88,0.7418481001376729,-110.11536876802624,1.5013901760889692,,124,2026-04-13,2026-10-07,11.86,11.84,11.88,13.246770887187141,13.627887364971517,13.664478691533363,0.91545165910515,False,True,11.558733069509469,Medical,2026-09-22,momentum_22.9.2026
365,SHOP,FAIL,2_no_bounce,candle did not touch EMA20 & EMA40,,,,,,,,3.72,,,,2.6,0.5995221698320121,81.82900839914764,0.0,,124,2026-04-13,2026-10-07,162.57,161.37,166.03,148.1004380737449,143.147112011771,141.1693710691842,6.686149175784158,True,True,6.040609386060493,Internet,2026-09-22,momentum_22.9.2026
366,NRIX,FAIL,1_no_uptrend_stack,not in general uptrend (need EMA20 > EMA40 > EMA50),,,,,,,,-1.55,,,,1.27,1.1417280622062247,-63.91516193751779,1.2368247694334698,,124,2026-04-13,2026-10-07,22.43,22.18,22.73,23.9976050943582,24.357056830496628,24.22623625869028,0.9664162438128233,False,True,6.377581899336714,Medical,2026-09-22,momentum_22.9.2026
367,ZBIO,FAIL,1_no_uptrend_stack,not in general uptrend (need EMA20 > EMA40 > EMA50),,,,,,,,-0.73,,,,0.62,0.45794624822208474,2.154011847065635,0.9581684567552311,,124,2026-04-13,2026-10-07,26.89,26.77,28.18,29.13625018785213,29.72322525700087,29.576185856007633,1.9226973383988561,False,True,10.23437192192436,Medical,2026-09-22,momentum_22.9.2026
368,CNO,FAIL,1_no_uptrend_stack,not in general uptrend (need EMA20 > EMA40 > EMA50),,,,,,,,-0.82,,,,2.43,0.872103385625879,-44.243070362471656,0.0,,124,2026-04-13,2026-10-07,53.81,52.98,52.99,54.03011074023096,54.07374318390438,53.87457965768354,1.0831296036947287,False,False,3.066039640577643,Insurance,2026-09-22,momentum_22.9.2026
369,NATL,FAIL,1_no_uptrend_stack,not in general uptrend (need EMA20 > EMA40 > EMA50),,,,,,,,-0.73,,,,0.63,0.9002568994639315,35.81267217630635,0.0,,124,2026-04-13,2026-10-07,45.61,45.4,45.47,45.721887765143265,45.87327606305031,45.87265988004754,0.5538974506487259,False,False,1.8272403254301488,Internet,2026-09-22,momentum_22.9.2026
370,DBX,FAIL,2_no_bounce,EMA20 not rising,,,,,,,,-0.41,,,,2.44,0.5891304883554902,-166.66666666666669,0.0,,124,2026-04-13,2026-10-07,33.73,32.94,33.08,34.12665672499495,33.928140471655205,33.5886284874521,1.2425371519787067,True,False,5.634237388053387,Internet,2026-09-22,momentum_22.9.2026
371,TTEK,FAIL,1_no_uptrend_stack,not in general uptrend (need EMA20 > EMA40 > EMA50),,,,,,,,-1.67,,,,0.88,0.84197503627097,-150.32307107563685,0.0,,124,2026-04-13,2026-10-07,33.17,32.01,32.72,34.269050047308816,34.45227838191515,34.28150533692868,0.9343931459689463,False,False,4.2835871606155855,Engineering & R&D Services,2026-09-22,momentum_22.9.2026
372,FBP,FAIL,1_no_uptrend_stack,not in general uptrend (need EMA20 > EMA40 > EMA50),,,,,,,,-1.78,,,,1.08,0.9037273582908649,-78.10135144185125,0.0,,124,2026-04-13,2026-10-07,26.54,26.24,26.45,27.109982655487364,27.3978384885207,27.387814876362015,0.5258660650115932,False,False,2.9822272117859727,Banks,2026-09-22,momentum_22.9.2026
373,AEG,FAIL,1_no_uptrend_stack,not in general uptrend (need EMA20 > EMA40 > EMA50),,,,,,,,-4.18,,,,0.95,0.9803758267193158,-166.66666666666393,0.0,,124,2026-04-13,2026-10-07,8.35,8.32,8.35,8.753803355541738,8.889735910775565,8.904296657095232,0.13273736884307452,False,False,2.3845036319115187,Insurance,2026-09-22,momentum_22.9.2026
374,MMM,FAIL,1_no_uptrend_stack,not in general uptrend (need EMA20 > EMA40 > EMA50),,,,,,,,-1.7,,,,1.0,1.2841053110749747,-68.76672843318957,0.0,,124,2026-04-13,2026-10-07,162.54,160.96,162.12,166.05261341766368,167.83265163296068,167.89999853444564,3.393851983533829,False,False,3.140129518443587,Conglomerates,2026-09-22,momentum_22.9.2026
375,HOMB,FAIL,1_no_uptrend_stack,not in general uptrend (need EMA20 > EMA40 > EMA50),,,,,,,,-2.44,,,,1.03,0.8370115091576188,-102.83687943262494,0.0,,124,2026-04-13,2026-10-07,28.34,28.02,28.18,28.99703035585408,29.34767768706168,29.386293570585735,0.49480278436333147,False,False,2.633797645652935,Banks,2026-09-22,momentum_22.9.2026
376,BMRN,FAIL,1_no_uptrend_stack,not in general uptrend (need EMA20 > EMA40 > EMA50),,,,,,,,-4.13,,,,0.98,1.1060305058948599,-125.17998560115231,0.0,,124,2026-04-13,2026-10-07,56.05,54.76,55.2,60.46904729001932,61.800551614058655,61.82766032122062,1.6052426026597395,False,False,4.362072289836248,Medical,2026-09-22,momentum_22.9.2026
377,ABUS,FAIL,1_no_uptrend_stack,not in general uptrend (need EMA20 > EMA40 > EMA50),,,,,,,,-2.86,,,,3.12,0.5797756184872138,-146.84533780011125,0.0,,124,2026-04-13,2026-10-07,4.46,4.28,4.29,4.754539020140405,4.808051587618073,4.79904176239251,0.17802759777399313,False,False,6.22474118090885,Medical,2026-09-22,momentum_22.9.2026
378,JHX,FAIL,1_no_uptrend_stack,not in general uptrend (need EMA20 > EMA40 > EMA50),,,,,,,,-2.45,,,,1.74,0.7709389198486521,-128.28947368420972,0.0,,124,2026-04-13,2026-10-07,25.13,24.44,24.61,26.231678357169383,26.909149837844364,26.922660758008174,0.9450150851034833,False,False,5.759945662963125,Building & Construction,2026-09-22,momentum_22.9.2026
379,CDNA,FAIL,2_no_bounce,candle did not touch EMA20 & EMA40,,,,,,,,3.11,,,,0.65,1.1124653075577131,-142.16438063385067,0.0,38,124,2026-04-13,2026-10-07,62.1,61.382,63.04,60.16441268391204,54.61522673199955,52.24289647894376,3.476420036089752,True,True,8.271938537650108,Medical Services,2026-09-21,momentum_21.9.2026
380,GRAL,FAIL,2_no_bounce,latest candle not green,,,,,,,,3.41,,,,4.41,0.6280607878681917,-84.99078754665294,0.0,,124,2026-04-13,2026-10-07,134.74,130.56,132.9,118.24317266050004,102.24114355311742,97.29707155361288,10.44870905081121,True,False,11.793125339516038,Medical,2026-09-21,momentum_21.9.2026
381,VOD,FAIL,2_no_bounce,pullback closed below EMA20 (not a shallow pullback),,,,,,,,1.35,,,,0.86,1.3283009984518903,57.15658021133465,0.49557032115171923,32,124,2026-04-13,2026-10-07,16.73,16.71,16.79,16.656216973204742,16.469249957628215,16.355780118020675,0.32209727141987693,True,True,2.8775813408565543,Wireless Non-US,2026-09-21,momentum_21.9.2026
382,SB,FAIL,2_no_bounce,latest candle not green,,,,,,,,0.56,,,,2.24,0.4786592123734699,-113.26787646568448,0.0,,124,2026-04-13,2026-10-07,8.51,8.42,8.45,8.559231287090883,8.382270675335564,8.27207005762583,0.31968977890021705,True,False,5.674966489352966,Transportation,2026-09-21,momentum_21.9.2026
383,NWG,FAIL,1_no_uptrend_stack,not in general uptrend (need EMA20 > EMA40 > EMA50),,,,,,,,-2.29,,,,0.75,1.5485519180785199,-111.40661938534367,0.0,,124,2026-04-13,2026-10-07,17.07,17.03,17.25,18.085585103397566,18.232203248217363,18.205724187843984,0.41788200892596683,False,True,3.633756599356234,Banks,2026-09-21,momentum_21.9.2026
384,PFG,FAIL,1_no_uptrend_stack,not in general uptrend (need EMA20 > EMA40 > EMA50),,,,,,,,-1.75,,,,0.86,0.8639541886937434,-127.56571003993702,1.4640346941827638,,124,2026-04-13,2026-10-07,109.11,108.6,108.73,112.90719010033094,113.05403823943243,112.74397419249274,2.2933247661197242,False,False,3.1637884201044666,Insurance,2026-09-21,momentum_21.9.2026
385,RUM,FAIL,2_no_bounce,EMA20 not rising,,,,,,,,-0.59,,,,1.28,0.4154266292347863,-53.224553224553055,0.0,,124,2026-04-13,2026-10-07,7.49,7.35,7.52,7.97182937155818,7.931164896186895,7.8517379227397335,0.5648356148525018,True,True,11.2666678494515,Internet,2026-09-21,momentum_21.9.2026
386,WTRG,FAIL,1_no_uptrend_stack,not in general uptrend (need EMA20 > EMA40 > EMA50),,,,,,,,-1.86,,,,1.13,0.8195626160201549,-77.19054242002777,0.0,,124,2026-04-13,2026-10-07,38.8,38.29,38.53,39.721196180140545,39.99608755461852,39.96739103534365,0.7725407576658947,False,False,3.0075555060961383,Utility,2026-09-21,momentum_21.9.2026
387,VOYA,FAIL,1_no_uptrend_stack,not in general uptrend (need EMA20 > EMA40 > EMA50),,,,,,,,-0.56,,,,1.08,1.7751989725273094,-3.520873751527392,0.0,,124,2026-04-13,2026-10-07,96.83,95.75,96.77,98.06345593197359,98.5193880194015,98.17075143885937,2.488287018481743,False,False,3.857012015834055,Insurance,2026-09-21,momentum_21.9.2026
388,URGN,FAIL,1_no_uptrend_stack,not in general uptrend (need EMA20 > EMA40 > EMA50),,,,,,,,-0.69,,,,0.58,0.5307925947554618,-36.52392947103341,0.0,,124,2026-04-13,2026-10-07,40.7,40.64,40.7,42.03747922972493,42.31645524331345,41.972734346132185,1.8519073400229022,False,False,6.825211326865734,Medical,2026-09-21,momentum_21.9.2026
389,CHYM,FAIL,1_no_uptrend_stack,not in general uptrend (need EMA20 > EMA40 > EMA50),,,,,,,,-0.44,,,,0.9,0.38213672752154204,32.88346186803784,0.0,,124,2026-04-13,2026-10-07,27.55,27.29,27.93,28.66159242240507,28.82457511150419,28.459634411190137,1.1992695913159552,False,True,6.440760425971832,Finance,2026-09-21,momentum_21.9.2026
390,VGZ,PASS,,green candle bounced off EMA20,EMA20,21,0.5664,2.64,2.4450715008866175,2.932392748670074,7.383655269446312,2.07,3.9,5.54,False,5.54,0.7198470246188204,-68.6274509803922,1.3848039215686212,,124,2026-04-13,2026-10-07,2.61,2.57,2.64,2.558500105238897,2.4194769882694107,2.3712156487930094,0.12995233274225498,True,True,7.383655269446305,Mining,2026-09-21,momentum_21.9.2026
391,CRSP,FAIL,2_no_bounce,EMA20 not rising,,,,,,,,-0.79,,,,1.14,0.9497675442857606,-166.66666666666745,0.0,,124,2026-04-13,2026-10-07,52.92,52.27,52.35,55.128658214879856,54.917789397943956,54.751995131212674,3.0509788537643234,True,False,8.74205975290637,Medical,2026-09-21,momentum_21.9.2026
392,HESM,FAIL,1_no_uptrend_stack,not in general uptrend (need EMA20 > EMA40 > EMA50),,,,,,,,-4.72,,,,0.83,13.334480623670347,-166.66666666666669,0.0,,124,2026-04-13,2026-10-07,36.05,31.99,33.03,38.25035430261213,38.86628041033376,38.9784112768484,1.2614018843180745,False,False,5.7284372584835355,E&P MLP,2026-09-21,momentum_21.9.2026
393,SW,FAIL,1_no_uptrend_stack,not in general uptrend (need EMA20 > EMA40 > EMA50),,,,,,,,-2.8,,,,0.78,0.8828011273245345,-145.48528241845668,0.0,,124,2026-04-13,2026-10-07,41.91,41.08,41.29,44.12853968466335,44.92111260313074,45.02865308934697,1.3343089461836293,False,False,4.847332088339655,Paper & Related Products,2026-09-21,momentum_21.9.2026
394,FULT,FAIL,1_no_uptrend_stack,not in general uptrend (need EMA20 > EMA40 > EMA50),,,,,,,,-2.85,,,,0.85,0.8526345884939025,-129.6296296296308,0.0,,124,2026-04-13,2026-10-07,22.16,21.84,22.07,22.947582502786766,23.26941374473304,23.329318528016685,0.44153663639799623,False,False,3.0009286569868343,Banks,2026-09-21,momentum_21.9.2026
395,HWC,FAIL,1_no_uptrend_stack,not in general uptrend (need EMA20 > EMA40 > EMA50),,,,,,,,-1.76,,,,1.04,0.9385536966275607,-73.70184254606413,0.0,,124,2026-04-13,2026-10-07,71.81,71.08,71.64,73.40121279950743,74.13441745526526,74.20789805258813,1.460492214718548,False,False,3.0579820241175626,Banks,2026-09-21,momentum_21.9.2026
396,DOC,FAIL,1_no_uptrend_stack,not in general uptrend (need EMA20 > EMA40 > EMA50),,,,,,,,-4.18,,,,1.17,0.9310185439404531,-93.8781487990627,0.0,,124,2026-04-13,2026-10-07,19.0,18.65,18.66,19.894864223345152,20.31341645403346,20.391667355550005,0.41462385002629193,False,False,3.3329891481213174,REIT,2026-09-21,momentum_21.9.2026
397,SSB,FAIL,1_no_uptrend_stack,not in general uptrend (need EMA20 > EMA40 > EMA50),,,,,,,,-2.4,,,,0.55,2.163916981264459,-100.00926440615169,0.0,,124,2026-04-13,2026-10-07,99.96,98.45,98.91,102.23697441502439,103.34193455952895,103.4014797984719,1.8681528994551129,False,False,2.833110250917672,Banks,2026-09-21,momentum_21.9.2026
398,CBSH,FAIL,1_no_uptrend_stack,not in general uptrend (need EMA20 > EMA40 > EMA50),,,,,,,,-3.05,,,,1.08,0.8887558745179216,-128.48932676518842,0.0,,124,2026-04-13,2026-10-07,54.31,53.49,53.91,55.968206193105175,56.76810991797888,56.87453931836441,0.9724922861105071,False,False,2.7058772568461524,Banks,2026-09-21,momentum_21.9.2026
399,ADM,FAIL,1_no_uptrend_stack,not in general uptrend (need EMA20 > EMA40 > EMA50),,,,,,,,-0.25,,,,0.67,0.6069215486283521,44.88671632526421,0.0,,124,2026-04-13,2026-10-07,82.31,80.97,81.34,82.04125969686585,82.0979741892004,81.89891577577013,2.2314706776017252,False,False,4.115079931648128,Agriculture Operations,2026-09-21,momentum_21.9.2026
400,JPM,FAIL,1_no_uptrend_stack,not in general uptrend (need EMA20 > EMA40 > EMA50),,,,,,,,-2.39,,,,0.9,0.939068134118352,-153.0787753697975,0.0,,124,2026-04-13,2026-10-07,327.2,325.07,329.58,339.7654159539,343.8818902416933,343.9314758454998,6.0013264027450495,False,True,2.7313519036706033,Finance,2026-09-21,momentum_21.9.2026
401,UMC,FAIL,2_no_bounce,close below EMA20,,,,,,,,1.0,,,,2.21,0.6678258013330511,-71.61643599361875,1.1322483688879115,,124,2026-04-13,2026-10-07,22.91,22.85,23.31,23.634855045363075,22.63796623680263,22.27227666718057,1.033769472275485,True,True,6.652313206405953,Electronics,2026-09-18,momentum_18.9.2026
402,CYPH,FAIL,3_risk_guard,risk_pct 21.50 > max_risk_pct 8.0,EMA20,,,3.05,2.3942089367741883,4.033686594838717,21.50134633527251,1.69,,,,3.88,0.3981096050526536,-75.86674275930964,0.0,10,124,2026-04-13,2026-10-07,2.99,2.93,3.05,3.012494524787167,2.508066028605519,2.3120871875193734,0.437194042150541,True,True,21.50134633527251,עקוב,2026-09-18,momentum_18.9.2026
403,EC,FAIL,2_no_bounce,EMA20 not rising,,,,,,,,-0.32,,,,0.71,0.5579045909725534,6.1619718309856415,0.0,,124,2026-04-13,2026-10-07,17.07,16.62,16.63,16.89724205859415,16.88473383136642,16.80045048157857,0.533392057110937,True,False,4.811112962515969,Oil,2026-09-18,momentum_18.9.2026
404,MFG,FAIL,2_no_bounce,EMA20 not rising,,,,,,,,0.15,,,,0.8,1.0362831395772298,-55.55555555555455,0.0,,124,2026-04-13,2026-10-07,10.89,10.68,10.77,10.93181374497322,10.810271130678576,10.727816101260217,0.27722042288339377,True,False,3.8610086752561807,Banks,2026-09-18,momentum_18.9.2026
405,TRGP,FAIL,2_no_bounce,latest candle not green,,,,,,,,0.3,,,,3.19,0.8004284810913951,19.177291568288258,0.0,,124,2026-04-13,2026-10-07,285.04,278.16,283.96,283.20858848588483,282.7224067733735,281.70062506500005,7.463125209283231,True,False,3.942346743881127,Oil Refining & Marketing MLP,2026-09-18,momentum_18.9.2026
406,CVX,FAIL,2_no_bounce,latest candle not green,,,,,,,,0.58,,,,5.54,0.6755303582826568,63.26498171991754,0.0,,124,2026-04-13,2026-10-07,208.44,204.86,205.15,206.46928095455638,204.1719551410397,202.70717930915166,4.23131649164166,True,False,3.0938214659822036,Oil,2026-09-18,momentum_18.9.2026
407,UROY,FAIL,2_no_bounce,EMA20 not rising,,,,,,,,0.64,,,,8.81,0.7740221270230357,57.48552522746142,0.0,33,129,2026-04-06,2026-10-07,4.14,4.08,4.19,4.18610227450022,4.110451135100329,4.049732310440696,0.22006852759484277,True,True,7.878348243252127,Other Alt Energy,2026-09-18,momentum_18.9.2026
408,TALO,FAIL,2_no_bounce,latest candle not green,,,,,,,,0.45,,,,2.58,0.8448149586388164,-8.879781420766692,0.0,,124,2026-04-13,2026-10-07,16.97,16.38,16.66,16.745356981860077,16.527640813110615,16.381786558422885,0.622607632262749,True,False,5.6057109747546425,Oil,2026-09-18,momentum_18.9.2026
409,CVE,FAIL,2_no_bounce,EMA20 not rising,,,,,,,,-0.46,,,,0.83,1.1498588379070565,-111.26879125136007,0.0,,124,2026-04-13,2026-10-07,31.56,30.54,30.63,31.608570737646005,31.352914305988868,31.104817858244324,1.0243148864989116,True,False,5.016233528398196,Oil,2026-09-18,momentum_18.9.2026
410,SU,FAIL,2_no_bounce,latest candle not green,,,,,,,,0.69,,,,0.65,0.8689995681330037,-45.81358609794458,0.8149239077074426,,124,2026-04-13,2026-10-07,68.87,67.85,68.14,68.29867416356996,67.41384342591253,66.963192911567,1.704388067725662,True,False,3.751954948031248,Oil,2026-09-18,momentum_18.9.2026
411,PR,FAIL,2_no_bounce,EMA20 not rising,,,,,,,,0.21,,,,2.83,0.722938852232129,69.69696969696952,0.0,,124,2026-04-13,2026-10-07,22.8,21.94,22.17,22.197707900304774,22.147693048097153,22.024189952763432,0.6836959043175682,True,False,4.625818026505875,Oil,2026-09-18,momentum_18.9.2026
412,EQNR,FAIL,2_no_bounce,EMA20 not rising,,,,,,,,-0.09,,,,1.07,1.1314271281627881,-55.8984910836773,0.0,,124,2026-04-13,2026-10-07,42.59,41.51,41.61,42.564933795739066,42.07579848288577,41.70908671150997,1.1266262531249533,True,False,4.0613779853098535,Oil,2026-09-18,momentum_18.9.2026
413,SDRL,FAIL,1_no_uptrend_stack,not in general uptrend (need EMA20 > EMA40 > EMA50),,,,,,,,-0.79,,,,1.26,0.6716177608480954,27.836753951403708,0.0,,124,2026-04-13,2026-10-07,45.69,44.35,44.66,45.950358204790945,46.12306937250803,46.048159560068335,1.7667461003457985,False,False,5.933988245675543,Oil & Gas,2026-09-18,momentum_18.9.2026
414,BBT,FAIL,1_no_uptrend_stack,not in general uptrend (need EMA20 > EMA40 > EMA50),,,,,,,,-4.04,,,,2.28,0.9889814664844911,-144.31934493346978,0.0,,124,2026-04-13,2026-10-07,27.66,27.22,27.31,28.877815710009465,29.676135205535928,29.864854496795246,0.6326329543226091,False,False,3.474732447762409,Banks,2026-09-18,momentum_18.9.2026
415,UCB,FAIL,1_no_uptrend_stack,not in general uptrend (need EMA20 > EMA40 > EMA50),,,,,,,,-2.04,,,,2.01,1.1983567199661125,-101.04076322636712,0.0,,124,2026-04-13,2026-10-07,33.34,32.98,33.26,34.1560861888779,34.56152316412602,34.64439081014064,0.6783567677248515,False,False,3.059335993948519,Banks,2026-09-18,momentum_18.9.2026
416,ELV,FAIL,1_no_uptrend_stack,not in general uptrend (need EMA20 > EMA40 > EMA50),,,,,,,,0.61,,,,1.7,0.6987163329099916,112.74670752617514,0.0,,124,2026-04-13,2026-10-07,401.0,399.98,404.31,398.7652296685795,399.14842123940684,398.357939252484,9.770318489480136,False,True,3.6248120833568804,Medical Services,2026-09-18,momentum_18.9.2026
417,OKE,FAIL,1_no_uptrend_stack,not in general uptrend (need EMA20 > EMA40 > EMA50),,,,,,,,-1.31,,,,3.24,0.9043179584261958,37.09349593495894,0.0,,129,2026-04-06,2026-10-07,89.81,87.16,88.05,90.10010160102499,91.1675778046289,91.26211007362141,2.4494794686744616,False,False,4.1728781408423545,Oil Gas Prod Pipeline MLP,2026-09-18,momentum_18.9.2026
418,ALL,FAIL,1_no_uptrend_stack,not in general uptrend (need EMA20 > EMA40 > EMA50),,,,,,,,-3.71,,,,2.29,0.5693836242438134,128.22283609575658,0.0,,124,2026-04-13,2026-10-07,224.92,223.52,223.95,233.98025185843358,241.3157933930345,242.50290607976075,5.001707181269325,False,False,3.3501052788140155,Insurance,2026-09-18,momentum_18.9.2026
419,WSBC,FAIL,1_no_uptrend_stack,not in general uptrend (need EMA20 > EMA40 > EMA50),,,,,,,,-3.49,,,,2.93,1.3321463151533266,-128.46397466349998,0.0,,124,2026-04-13,2026-10-07,36.7,36.31,36.47,38.42819781236829,39.130449800359315,39.21112190057248,0.7856340030217723,False,False,3.231288742891852,Banks,2026-09-18,momentum_18.9.2026
420,SBCF,FAIL,1_no_uptrend_stack,not in general uptrend (need EMA20 > EMA40 > EMA50),,,,,,,,-2.17,,,,1.83,1.002506697447648,-84.38640831227255,0.0,,124,2026-04-13,2026-10-07,31.93,31.61,31.87,32.89233349789428,33.30338163228994,33.34561962140059,0.6811842456934087,False,False,3.2060758347665925,Banks,2026-09-18,momentum_18.9.2026
421,ACIW,FAIL,1_no_uptrend_stack,not in general uptrend (need EMA20 > EMA40 > EMA50),,,,,,,,-0.47,,,,1.74,0.8211374060736643,23.9616613418529,0.0,,124,2026-04-13,2026-10-07,50.25,50.25,50.65,50.519976937277626,51.201088857982526,51.26159460437116,1.2994140602665605,False,True,3.8482153808486492,Computer,2026-09-18,momentum_18.9.2026
422,AWK,FAIL,1_no_uptrend_stack,not in general uptrend (need EMA20 > EMA40 > EMA50),,,,,,,,-2.4,,,,1.67,1.3590080476041821,-78.4592472244789,0.0,,124,2026-04-13,2026-10-07,128.09,126.5,127.38,131.81852012945888,133.44750972174054,133.59860290999117,2.5940743570925977,False,False,3.054727222200421,Utility,2026-09-18,momentum_18.9.2026
423,COP,FAIL,2_no_bounce,EMA20 not rising,,,,,,,,0.71,,,,2.75,0.6399584636335014,109.7007603630114,0.0,,124,2026-04-13,2026-10-07,131.29,128.68,129.84,129.15239282584835,128.38860698153394,127.58200283624649,3.17892862033766,True,False,3.6725145798725274,Oil,2026-09-18,momentum_18.9.2026
424,HELP,FAIL,2_no_bounce,EMA20 not rising,,,,,,,,-1.02,,,,1.86,0.4015161171517838,-103.23850420468762,1.6642581888246664,,129,2026-04-06,2026-10-07,10.63,10.44,10.51,12.102213614211175,11.725137080964434,11.360732236767566,0.8302181214354578,True,False,11.848974140372853,Medical,2026-09-17,momentum_17.9.2026
425,AMLX,FAIL,2_no_bounce,EMA20 not rising,,,,,,,,-0.82,,,,0.61,0.9661948877190096,-75.21971690487285,0.0,,124,2026-04-13,2026-10-07,27.72,27.21,27.43,29.893766618161614,29.415409998750402,28.67733343970379,1.5225125243489828,True,False,8.325806731766221,Medical,2026-09-17,momentum_17.9.2026
426,SSRM,FAIL,2_no_bounce,EMA20 not rising,,,,,,,,-0.86,,,,0.59,1.0012379222754904,-151.22126436781485,0.0,,124,2026-04-13,2026-10-07,32.8,32.4,32.75,34.68853945965684,34.377265131020536,34.027911405061154,1.4906994886086298,True,False,6.8276312455357075,Mining,2026-09-17,momentum_17.9.2026
427,MUFG,FAIL,2_no_bounce,EMA20 not rising,,,,,,,,-0.09,,,,0.87,1.0536155920511479,-53.63984674329421,0.0,,124,2026-04-13,2026-10-07,22.74,22.46,22.65,23.038128912759042,22.854971378014532,22.692169897253326,0.48813375021161354,True,False,3.2326738424610166,Banks,2026-09-17,momentum_17.9.2026
428,CNC,FAIL,1_no_uptrend_stack,not in general uptrend (need EMA20 > EMA40 > EMA50),,,,,,,,0.41,,,,1.16,0.9449146046630511,87.34939759036179,0.0,,124,2026-04-13,2026-10-07,64.52,63.95,64.99,63.9610800311406,64.29029708871782,64.1354820102233,2.0920156032192536,False,True,4.828471156837791,Medical,2026-09-17,momentum_17.9.2026
429,CF,FAIL,1_no_uptrend_stack,not in general uptrend (need EMA20 > EMA40 > EMA50),,,,,,,,-1.83,,,,0.63,0.9912420291412483,22.73279844395742,0.0,,124,2026-04-13,2026-10-07,116.86,114.09,114.44,120.20973745609756,122.18850978099344,122.23991186480863,4.265710744440909,False,False,5.591197235810349,Fertilizers,2026-09-17,momentum_17.9.2026
430,SMFG,FAIL,2_no_bounce,EMA20 not rising,,,,,,,,-0.67,,,,0.58,1.6692975832202273,-42.70462633452005,0.0,,124,2026-04-13,2026-10-07,25.37,25.12,25.4,25.956341537809646,25.905293290877353,25.78828648642871,0.5836573602555677,True,True,3.4467954345801246,Banks,2026-09-17,momentum_17.9.2026
431,GEN,FAIL,1_no_uptrend_stack,not in general uptrend (need EMA20 > EMA40 > EMA50),,,,,,,,-3.42,,,,0.95,1.2594093598699985,-24.564676616915513,0.0,,124,2026-04-13,2026-10-07,22.57,21.77,22.39,24.74182263532258,26.171291106534095,26.353780544477672,1.157761114444373,False,False,7.7563272517488135,Technology Services,2026-09-17,momentum_17.9.2026
432,IMMX,FAIL,1_no_uptrend_stack,not in general uptrend (need EMA20 > EMA40 > EMA50),,,,,,,,-2.26,,,,0.77,0.5842608082731271,-126.0730929605101,0.0,,124,2026-04-13,2026-10-07,9.48,9.4,9.49,11.090150515857491,11.39721395593889,11.349783619295538,0.8243422339253632,False,True,13.029645425585299,Medical,2026-09-17,momentum_17.9.2026
433,CMPS,FAIL,1_no_uptrend_stack,not in general uptrend (need EMA20 > EMA40 > EMA50),,,,,,,,-1.99,,,,1.61,0.46701793429391775,-29.953917050690947,1.3762811127379202,,124,2026-04-13,2026-10-07,11.48,11.48,11.69,12.918252736364572,13.16586313918004,13.11358883595465,0.7157103689790312,False,True,9.183623211878073,Medical Services,2026-09-17,momentum_17.9.2026
434,GNW,FAIL,1_no_uptrend_stack,not in general uptrend (need EMA20 > EMA40 > EMA50),,,,,,,,-0.53,,,,1.36,0.9682230800991496,62.3242736644802,0.0,,124,2026-04-13,2026-10-07,9.58,9.58,9.63,9.677004041901474,9.770159923642277,9.763051460509079,0.2502966504064822,False,True,3.8987017197271365,Insurance,2026-09-17,momentum_17.9.2026
435,TVTX,FAIL,1_no_uptrend_stack,not in general uptrend (need EMA20 > EMA40 > EMA50),,,,,,,,-2.68,,,,0.96,1.6227634980311947,-166.66666666666723,0.0,,124,2026-04-13,2026-10-07,55.41,53.27,53.44,59.78028825444689,60.66625001662931,60.31251778522044,2.5677358515424364,False,False,7.207342397667767,Medical,2026-09-17,momentum_17.9.2026
436,ORKA,FAIL,1_no_uptrend_stack,not in general uptrend (need EMA20 > EMA40 > EMA50),,,,,,,,-2.27,,,,1.28,0.8837769641587334,-105.48426520012231,1.6666666666666616,,124,2026-04-13,2026-10-07,79.01,78.52,79.5,87.13343991655631,89.8991750828006,89.92473460767893,4.584438357234123,False,True,8.649883692894571,Medical,2026-09-17,momentum_17.9.2026
437,RLAY,FAIL,1_no_uptrend_stack,not in general uptrend (need EMA20 > EMA40 > EMA50),,,,,,,,-0.72,,,,1.22,0.6853735180372863,-124.47161835748759,0.0,,124,2026-04-13,2026-10-07,18.4,17.85,17.95,18.583099235188534,18.691426241305596,18.63458477864603,0.9468990589640945,False,False,7.912805506663742,Medical,2026-09-17,momentum_17.9.2026
438,WHD,FAIL,1_no_uptrend_stack,not in general uptrend (need EMA20 > EMA40 > EMA50),,,,,,,,-0.94,,,,0.87,0.6434005714927232,-4.771642808452636,0.0,,124,2026-04-13,2026-10-07,63.88,62.18,63.1,65.24990737394225,65.51090513951522,65.11443314284682,2.1507992615852984,False,False,5.112835011692468,Oil,2026-09-17,momentum_17.9.2026
439,EGY,FAIL,2_no_bounce,EMA20 not rising,,,,,,,,-0.13,,,,0.8,0.9379019652756939,142.12678936605576,0.0,,124,2026-04-13,2026-10-07,5.85,5.74,5.79,5.858541594734251,5.838118869036057,5.814118493920317,0.1885200705947928,True,False,4.883939652714839,International E&P,2026-09-17,momentum_17.9.2026
440,MDT,FAIL,1_no_uptrend_stack,not in general uptrend (need EMA20 > EMA40 > EMA50),,,,,,,,-1.48,,,,1.44,3.818430723735415,-58.532997057588645,0.0,,124,2026-04-13,2026-10-07,87.4,85.42,85.51,88.74543848881868,88.99827578159378,88.69351655204467,2.1493075529148276,False,False,3.770274037390061,Medical Products,2026-09-17,momentum_17.9.2026
441,RPRX,FAIL,1_no_uptrend_stack,not in general uptrend (need EMA20 > EMA40 > EMA50),,,,,,,,-1.42,,,,0.72,1.084154910489945,-36.30363036303675,1.5823970037452841,,124,2026-04-13,2026-10-07,56.6,56.4,56.76,58.15752360493229,58.5764185923306,58.47448075495544,1.2087070025690834,False,True,3.1942574063665,Medical,2026-09-17,momentum_17.9.2026
442,EOLS,FAIL,2_no_bounce,EMA20 not rising,,,,,,,,-0.04,,,,1.29,0.8553136320280024,48.25209256523896,1.6666666666666694,,124,2026-04-13,2026-10-07,7.37,7.33,7.74,7.85852915310393,7.842333330439917,7.75482783734077,0.38921697898541496,True,True,7.54296470901967,Medical Products,2026-09-17,momentum_17.9.2026
443,INSP,FAIL,2_no_bounce,EMA20 not rising,,,,,,,,0.82,,,,0.77,0.7281342703034468,-141.7216923453175,0.0,,124,2026-04-13,2026-10-07,67.13,66.5,67.45,69.26347796071134,66.18185714071018,64.64556834561436,3.4171825537083285,True,True,7.599368169848024,Medical Information Systems,2026-09-17,momentum_17.9.2026
444,CROX,FAIL,1_no_uptrend_stack,not in general uptrend (need EMA20 > EMA40 > EMA50),,,,,,,,-1.48,,,,1.94,0.8602272680518319,-166.66666666666785,0.0,,124,2026-04-13,2026-10-07,118.97,114.64,115.2,119.75517857974855,121.12274843326452,121.458851834818,4.220639316882949,False,False,5.495624110524672,Textile,2026-09-17,momentum_17.9.2026
445,DNTH,FAIL,1_no_uptrend_stack,not in general uptrend (need EMA20 > EMA40 > EMA50),,,,,,,,-2.97,,,,1.48,0.5476762298454564,-94.67020023557063,1.5593686264077475,,124,2026-04-13,2026-10-07,84.6,84.13,84.88,93.14223953234195,97.55356646402949,98.2764401316486,4.504002185791525,False,True,7.959476058773903,Medical,2026-09-17,momentum_17.9.2026
446,VG,FAIL,1_no_uptrend_stack,not in general uptrend (need EMA20 > EMA40 > EMA50),,,,,,,,-0.84,,,,0.87,0.9206296722554342,4.314994606257229,0.0,,124,2026-04-13,2026-10-07,13.58,12.76,13.05,13.485334237329162,13.647087670411318,13.624427573147257,0.6840536383003897,False,False,7.862685497705627,Oil,2026-09-17,momentum_17.9.2026
447,FAF,FAIL,1_no_uptrend_stack,not in general uptrend (need EMA20 > EMA40 > EMA50),,,,,,,,-3.94,,,,1.26,0.4180494892183901,-68.81034200621846,0.0,,124,2026-04-13,2026-10-07,61.74,60.46,61.29,65.92323655399598,68.35467028836005,68.8600528145197,1.9213268006143194,False,False,4.702219286868134,Insurance,2026-09-17,momentum_17.9.2026
448,NMR,FAIL,1_no_uptrend_stack,not in general uptrend (need EMA20 > EMA40 > EMA50),,,,,,,,-1.69,,,,1.08,0.9469115919776484,-166.66666666666927,0.0,,124,2026-04-13,2026-10-07,9.58,9.43,9.53,9.937537518635086,9.942550743063208,9.890006468316537,0.2127700514302146,False,False,3.3489514915563685,Finance,2026-09-16,momentum_16.9.2026
449,ACHV,FAIL,2_no_bounce,EMA20 not rising,,,,,,,,-0.22,,,,1.33,0.6558629967172143,-25.784650630011882,1.423486991389759,,124,2026-04-13,2026-10-07,7.0,6.96,7.24,7.541371300434781,7.450325627478037,7.33401789549626,0.435954336920851,True,True,9.032203113001056,Medical,2026-09-16,momentum_16.9.2026
450,REPL,FAIL,3_risk_guard,risk_pct 9.28 > max_risk_pct 8.0,EMA50,,,13.2,11.975515182986157,15.036727225520762,9.276400128892742,0.41,,,,0.38,0.4766378629000747,41.546589817483685,0.6976112920738344,8,124,2026-04-13,2026-10-07,13.14,13.01,13.2,13.264027487351054,13.124942500303378,12.861362998245038,0.8163232113425615,True,True,9.276400128892744,Medical,2026-09-16,momentum_16.9.2026
451,HSIC,FAIL,1_no_uptrend_stack,not in general uptrend (need EMA20 > EMA40 > EMA50),,,,,,,,-1.37,,,,0.87,1.0520894379488193,-84.05327573794185,0.0,,124,2026-04-13,2026-10-07,84.79,83.56,83.66,85.7266165595363,86.32744495833782,86.2052773591254,1.8639227975063004,False,False,3.3419605501547345,Medical,2026-09-16,momentum_16.9.2026
452,FLR,FAIL,1_no_uptrend_stack,not in general uptrend (need EMA20 > EMA40 > EMA50),,,,,,,,-0.47,,,,0.92,0.9471554641041517,28.081123244929245,0.0,,124,2026-04-13,2026-10-07,51.17,49.14,51.14,51.652649410951355,52.12089356081872,52.09303520522666,2.0317210192712816,False,False,5.959291218042476,Engineering & R&D Services,2026-09-16,momentum_16.9.2026
453,IKT,FAIL,1_no_uptrend_stack,not in general uptrend (need EMA20 > EMA40 > EMA50),,,,,,,,-2.49,,,,0.56,1.0668739335137984,-166.66666666666737,0.0,,124,2026-04-13,2026-10-07,1.95,1.925,1.94,2.122587406214324,2.192882661715692,2.1947283620698492,0.1021970807408302,False,False,7.901836139754911,Medical,2026-09-16,momentum_16.9.2026
454,BILL,FAIL,1_no_uptrend_stack,not in general uptrend (need EMA20 > EMA40 > EMA50),,,,,,,,-0.86,,,,0.85,0.6684711931729446,47.00032082130349,0.0,,124,2026-04-13,2026-10-07,43.89,43.65,44.0,45.14580564271102,45.66871849030666,45.47253880595239,1.7045578337747773,False,True,5.810992615141286,Internet,2026-09-16,momentum_16.9.2026
455,KDP,FAIL,1_no_uptrend_stack,not in general uptrend (need EMA20 > EMA40 > EMA50),,,,,,,,-0.77,,,,1.0,0.6595302738224736,-20.297312750144947,0.0,,124,2026-04-13,2026-10-07,31.07,30.5,30.54,31.122021376234578,31.212624833376534,31.170233238864306,0.8149859057465368,False,False,4.002877729599886,Beverages,2026-09-16,momentum_16.9.2026
456,VZ,FAIL,1_no_uptrend_stack,not in general uptrend (need EMA20 > EMA40 > EMA50),,,,,,,,-2.03,,,,1.12,0.7573887223189034,63.405797101449906,1.3295880149812769,,124,2026-04-13,2026-10-07,46.27,45.75,45.77,47.126719896044776,47.55697417093793,47.53103012510824,0.8684717972274492,False,False,2.846204273194612,Wireless National,2026-09-16,momentum_16.9.2026
457,INMD,FAIL,1_no_uptrend_stack,not in general uptrend (need EMA20 > EMA40 > EMA50),,,,,,,,-2.84,,,,1.77,1.1257702477275564,-135.8024691358009,0.0,,124,2026-04-13,2026-10-07,13.91,13.89,14.01,14.325526937016711,14.527138122190246,14.565325706016788,0.19567728641122667,False,True,2.095045893053819,Medical Products,2026-09-16,momentum_16.9.2026
458,PDM,FAIL,1_no_uptrend_stack,not in general uptrend (need EMA20 > EMA40 > EMA50),,,,,,,,-0.83,,,,1.37,0.8679717231182913,72.03389830508456,0.0,,124,2026-04-13,2026-10-07,8.96,8.94,9.09,9.163204969372647,9.281952549135045,9.288478302667752,0.24004921505664656,False,True,3.9612081692515932,REIT,2026-09-16,momentum_16.9.2026
459,TDW,FAIL,1_no_uptrend_stack,not in general uptrend (need EMA20 > EMA40 > EMA50),,,,,,,,-0.73,,,,0.83,1.1050812668221217,16.55823904493288,0.0,,124,2026-04-13,2026-10-07,82.16,82.06,83.4,85.34886501577725,86.00632838479086,85.67773967495995,3.1126101449893824,False,True,5.598219685232702,Oil,2026-09-16,momentum_16.9.2026
460,NE,FAIL,1_no_uptrend_stack,not in general uptrend (need EMA20 > EMA40 > EMA50),,,,,,,,-1.71,,,,0.73,1.0781876743410048,-56.14735907678664,0.0,,124,2026-04-13,2026-10-07,41.85,40.29,40.97,43.00018731306519,43.5824254377274,43.71149354529182,1.6030804027041479,False,False,5.869222855885336,Oil & Gas,2026-09-16,momentum_16.9.2026
461,DSX,PASS,,green candle bounced off EMA40 & EMA50,EMA40/50,13,0.6336,2.83,2.6754227294583304,3.0618659058125046,5.4620943654300245,0.89,-1.6,2.0,False,2.0,0.36689414930748154,-20.463975858167053,0.0,,124,2026-04-13,2026-10-07,2.8,2.79,2.83,2.847356803006961,2.7768389365902353,2.738298508640115,0.10305151369444635,True,True,5.462094365430019,Transportation,2026-09-15,momentum_15.9.2026
462,CHRD,FAIL,1_no_uptrend_stack,not in general uptrend (need EMA20 > EMA40 > EMA50),,,,,,,,-0.87,,,,0.74,0.7600063881116073,-40.84683641975184,0.0,,124,2026-04-13,2026-10-07,138.3,134.7,136.05,139.59575524307678,140.15241180944523,139.77064644517495,4.288527291599791,False,False,4.7282550072765055,Oil,2026-09-15,momentum_15.9.2026
463,YPF,FAIL,1_no_uptrend_stack,not in general uptrend (need EMA20 > EMA40 > EMA50),,,,,,,,-1.18,,,,1.31,0.6153634819555187,-12.282041491663582,0.0,,124,2026-04-13,2026-10-07,51.31,49.41,49.48,51.72677464238898,51.779497604540055,51.586560530501586,1.7927599556276075,False,False,5.434801805661705,Oil,2026-09-15,momentum_15.9.2026
464,PAGP,FAIL,1_no_uptrend_stack,not in general uptrend (need EMA20 > EMA40 > EMA50),,,,,,,,-0.7,,,,0.95,0.8424892640282007,40.747549019607526,0.0,,124,2026-04-13,2026-10-07,26.29,25.88,26.21,26.654417013983863,26.677375846921457,26.5702678967651,0.5178544665831996,False,False,2.9636844710980514,Oil,2026-09-15,momentum_15.9.2026
465,NOG,FAIL,2_no_bounce,EMA20 not rising,,,,,,,,0.22,,,,0.7,0.784600122330089,68.59806859806902,0.0,34,124,2026-04-13,2026-10-07,24.09,23.66,24.18,24.11943896029155,24.116938708238457,23.999534488063237,0.8305638809808333,True,True,5.152381395662737,Oil,2026-09-15,momentum_15.9.2026
466,BP,FAIL,2_no_bounce,latest candle not green,,,,,,,,0.58,,,,1.45,0.6349421091375176,94.34940383618071,0.0,,124,2026-04-13,2026-10-07,45.13,44.44,44.51,44.43225778012132,44.0625242681798,43.89856521619441,1.06182809663767,True,False,3.578391698397001,Oil,2026-09-15,momentum_15.9.2026
467,BTE,FAIL,2_no_bounce,EMA20 not rising,,,,,,,,-0.32,,,,1.17,1.483909248336505,15.52017622909933,0.0,,124,2026-04-13,2026-10-07,4.71,4.55,4.58,4.665134167851116,4.652671226256676,4.6343585045668325,0.1674247003823521,True,False,5.4833417155792175,Oil,2026-09-15,momentum_15.9.2026
468,CART,FAIL,1_no_uptrend_stack,not in general uptrend (need EMA20 > EMA40 > EMA50),,,,,,,,-0.71,,,,0.75,0.67600254807484,45.8709324582991,0.0,,124,2026-04-13,2026-10-07,45.13,45.01,45.21,45.389280865658996,46.204681222861275,46.273004759336494,1.5020774694020773,False,True,4.98366778169236,Internet Commerce,2026-09-15,momentum_15.9.2026
469,MSI,FAIL,1_no_uptrend_stack,not in general uptrend (need EMA20 > EMA40 > EMA50),,,,,,,,-0.77,,,,1.21,0.808617087790877,3.7010290666169667,0.0,,124,2026-04-13,2026-10-07,456.28,448.25,448.33,456.17762070742793,456.4749059497431,454.7671948918807,8.408004076303733,False,False,2.8131077809773157,Wireless Equipment,2026-09-15,momentum_15.9.2026
470,ADP,FAIL,1_no_uptrend_stack,not in general uptrend (need EMA20 > EMA40 > EMA50),,,,,,,,-0.09,,,,1.07,0.7878650256835573,83.50653549489714,0.8386929123627533,,124,2026-04-13,2026-10-07,263.5,262.16,264.0,265.5682930436907,266.07578801294875,264.5285060927321,5.64787258745462,False,True,3.2090185155992157,Internet,2026-09-15,momentum_15.9.2026
471,MTG,FAIL,1_no_uptrend_stack,not in general uptrend (need EMA20 > EMA40 > EMA50),,,,,,,,-2.83,,,,2.97,0.7309076305146764,51.76211453744461,0.0,,124,2026-04-13,2026-10-07,27.19,27.05,27.07,28.356179969507192,29.020432596171574,29.088168195452138,0.7121021456178197,False,False,3.9458929384068324,Insurance,2026-09-15,momentum_15.9.2026
472,ARMK,FAIL,1_no_uptrend_stack,not in general uptrend (need EMA20 > EMA40 > EMA50),,,,,,,,-0.8,,,,1.35,0.6151644782297956,14.467184191953768,0.0,,124,2026-04-13,2026-10-07,55.14,54.83,55.42,55.787804443635984,56.35897952244959,56.33636027465329,1.139272923710035,False,True,3.0835607823259696,Retail,2026-09-15,momentum_15.9.2026
473,NESR,FAIL,1_no_uptrend_stack,not in general uptrend (need EMA20 > EMA40 > EMA50),,,,,,,,-4.19,,,,0.84,0.8697719035806826,-116.47004395096018,0.0,,124,2026-04-13,2026-10-07,24.12,23.54,23.63,28.63130897297809,30.00777022205671,30.069964705412623,1.5377611612501427,False,False,9.761497003280635,Oil Field Machinery & Equip,2026-09-15,momentum_15.9.2026
474,RRC,FAIL,1_no_uptrend_stack,not in general uptrend (need EMA20 > EMA40 > EMA50),,,,,,,,0.34,,,,1.17,0.9680375330650408,94.42092530994856,0.0,,124,2026-04-13,2026-10-07,40.2,39.5,39.83,39.08750844796867,39.41051764149854,39.45778317709121,1.107436009278091,False,False,4.170610127836145,Oil,2026-09-15,momentum_15.9.2026
475,RSG,FAIL,1_no_uptrend_stack,not in general uptrend (need EMA20 > EMA40 > EMA50),,,,,,,,0.07,,,,1.13,0.9047603827115615,110.44307730549265,0.0,,124,2026-04-13,2026-10-07,216.05,215.36,216.18,214.68404597650925,215.89245472005945,215.9363899329715,3.621700913591265,False,True,2.5129759322725955,Waste Removal Svcs,2026-09-15,momentum_15.9.2026
476,HP,FAIL,1_no_uptrend_stack,not in general uptrend (need EMA20 > EMA40 > EMA50),,,,,,,,-0.23,,,,0.97,1.1541015867787494,61.21212121212113,0.0,,124,2026-04-13,2026-10-07,39.9,39.11,39.64,39.9172194561192,40.162832094476244,39.99413147979705,1.5357841554274385,False,False,5.811494029114929,Oil & Gas,2026-09-15,momentum_15.9.2026
477,NTR,FAIL,1_no_uptrend_stack,not in general uptrend (need EMA20 > EMA40 > EMA50),,,,,,,,-1.24,,,,1.0,0.5308921138603765,74.38878950506718,0.0,,124,2026-04-13,2026-10-07,71.51,69.81,69.97,72.81131895270306,72.89576343959178,72.6032204757606,2.12173797693649,False,False,4.548530749470823,Fertilizers,2026-09-15,momentum_15.9.2026
478,NUE,FAIL,1_no_uptrend_stack,not in general uptrend (need EMA20 > EMA40 > EMA50),,,,,,,,-0.38,,,,0.65,0.9864053421282595,36.82584397292037,0.0,,124,2026-04-13,2026-10-07,247.86,246.27,246.44,247.5938763780292,249.60438415555836,249.38740883161137,7.685333410322829,False,False,4.67781209036043,Steel,2026-09-15,momentum_15.9.2026
479,BNY,FAIL,1_no_uptrend_stack,not in general uptrend (need EMA20 > EMA40 > EMA50),,,,,,,,-3.54,,,,1.09,0.510650975952036,-121.0681866160014,0.0,,129,2026-04-06,2026-10-07,142.34,140.75,142.72,149.55657650602598,152.6383294779796,152.88585634786924,2.8709688442806303,False,True,3.0174140039384425,Banks,2026-09-15,momentum_15.9.2026
480,OXY,FAIL,1_no_uptrend_stack,not in general uptrend (need EMA20 > EMA40 > EMA50),,,,,,,,0.13,,,,1.24,0.7475632959369519,64.64406107475861,0.0,,124,2026-04-13,2026-10-07,58.7,57.72,58.21,58.083262536351675,58.144565622087185,58.013578705528296,1.5687937911550884,False,False,4.042588364082859,Oil,2026-09-15,momentum_15.9.2026
481,PAYX,FAIL,1_no_uptrend_stack,not in general uptrend (need EMA20 > EMA40 > EMA50),,,,,,,,-3.38,,,,0.97,0.5687152481995925,143.4387932185297,0.0,,124,2026-04-13,2026-10-07,101.46,101.08,101.55,106.43681295384386,110.44366199508957,110.88272686824845,2.7651175646805393,False,True,4.084368633206115,Internet,2026-09-15,momentum_15.9.2026
482,COLD,FAIL,1_no_uptrend_stack,not in general uptrend (need EMA20 > EMA40 > EMA50),,,,,,,,-1.72,,,,1.02,0.6775921515286124,-91.12959112959113,0.0,,124,2026-04-13,2026-10-07,13.88,13.62,13.65,14.264803522031073,14.452418097261836,14.491162181627136,0.49031242403371833,False,False,5.388048615755147,REIT,2026-09-15,momentum_15.9.2026
483,MOH,FAIL,1_no_uptrend_stack,not in general uptrend (need EMA20 > EMA40 > EMA50),,,,,,,,-0.45,,,,0.45,0.6509007968097835,71.88177496668472,0.0,,124,2026-04-13,2026-10-07,194.09,192.4,194.82,194.33587226215997,197.3024155415282,197.9503800557676,6.991394336629687,False,True,5.3829645339002825,Medical,2026-09-15,momentum_15.9.2026
484,ONB,FAIL,1_no_uptrend_stack,not in general uptrend (need EMA20 > EMA40 > EMA50),,,,,,,,-2.03,,,,0.75,1.2046089857006228,-126.77435144395503,0.0,,124,2026-04-13,2026-10-07,24.77,24.14,24.42,25.120424356723944,25.41114602249923,25.465269980564507,0.5155267826143524,False,False,3.166626428835088,Banks,2026-09-15,momentum_15.9.2026
485,SBRA,FAIL,1_no_uptrend_stack,not in general uptrend (need EMA20 > EMA40 > EMA50),,,,,,,,-3.38,,,,1.05,0.7103602112705009,-134.93883792049004,0.0,,124,2026-04-13,2026-10-07,19.18,18.73,18.74,19.67829542113632,19.997486557443995,20.0637240355524,0.39174229131607113,False,False,3.1356106562118824,REIT,2026-09-15,momentum_15.9.2026
486,MPLX,FAIL,1_no_uptrend_stack,not in general uptrend (need EMA20 > EMA40 > EMA50),,,,,,,,-0.95,,,,1.03,0.813749240898874,58.30753353973138,0.0,,124,2026-04-13,2026-10-07,57.86,56.88,57.05,57.79113470121607,58.11385640713514,58.10610464428303,1.1150651263528526,False,False,2.9318101481670094,Oil,2026-09-15,momentum_15.9.2026
487,UGI,FAIL,1_no_uptrend_stack,not in general uptrend (need EMA20 > EMA40 > EMA50),,,,,,,,-0.31,,,,1.37,0.7710730086048255,15.316954807401604,0.0,,124,2026-04-13,2026-10-07,37.13,36.59,36.65,36.93597388591174,36.95591179535737,36.88685366716615,0.7571556714790952,False,False,3.0988635940481384,Utility,2026-09-15,momentum_15.9.2026
488,CWST,FAIL,1_no_uptrend_stack,not in general uptrend (need EMA20 > EMA40 > EMA50),,,,,,,,-1.4,,,,0.75,0.8684172828505295,76.49442755825658,1.0288288288288294,,124,2026-04-13,2026-10-07,81.84,81.84,83.72,84.81484497686176,87.19018751874118,87.77047213399916,2.883627446108497,False,True,5.166556580461951,Waste Removal Svcs,2026-09-15,momentum_15.9.2026
489,ZBH,FAIL,1_no_uptrend_stack,not in general uptrend (need EMA20 > EMA40 > EMA50),,,,,,,,-1.98,,,,0.96,0.8210612687129445,-21.842482956584536,0.0,,124,2026-04-13,2026-10-07,89.11,88.32,88.49,91.9277179190831,93.3932244652005,93.529940566828,2.542776730784186,False,False,4.3102781061998865,Medical Products,2026-09-15,momentum_15.9.2026
490,BBVA,FAIL,1_no_uptrend_stack,not in general uptrend (need EMA20 > EMA40 > EMA50),,,,,,,,-2.49,,,,0.81,2.029482524411827,-146.21876014281085,0.0,,124,2026-04-13,2026-10-07,26.09,26.0,26.25,27.913181641716257,27.968481733021285,27.8035574406003,0.6226880136186533,False,True,3.5582172206780185,Banks,2026-09-14,momentum_14.9.2026
491,CMG,FAIL,1_no_uptrend_stack,not in general uptrend (need EMA20 > EMA40 > EMA50),,,,,,,,-2.65,,,,0.61,0.8482013626316256,-76.81096050138491,1.6579861111111123,,124,2026-04-13,2026-10-07,30.81,30.45,30.77,32.74404767127477,33.6145610796052,33.76063221436924,1.1281768784493005,False,False,5.499724789320607,Retail,2026-09-14,momentum_14.9.2026
492,WES,FAIL,1_no_uptrend_stack,not in general uptrend (need EMA20 > EMA40 > EMA50),,,,,,,,-1.01,,,,1.16,1.020375902616595,59.027777777777644,0.0,,124,2026-04-13,2026-10-07,46.24,45.31,45.55,46.089295707792914,46.571167219659245,46.565639577212266,1.0008422150694294,False,False,3.295858007912501,Oil Refining & Marketing MLP,2026-09-14,momentum_14.9.2026
493,NTRS,FAIL,1_no_uptrend_stack,not in general uptrend (need EMA20 > EMA40 > EMA50),,,,,,,,-2.78,,,,1.29,1.4978926170595752,-111.58866602992735,0.0,,124,2026-04-13,2026-10-07,167.82,166.01,168.18,174.67322990375766,177.7898546073096,178.21205972482502,3.6059818535011368,False,True,3.2161807469685484,Banks,2026-09-14,momentum_14.9.2026
494,XYZ,FAIL,1_no_uptrend_stack,not in general uptrend (need EMA20 > EMA40 > EMA50),,,,,,,,-0.73,,,,0.77,0.7114010955522171,43.9672801635994,0.0,,124,2026-04-13,2026-10-07,75.0,75.0,76.07,76.51184321788213,77.6051973415699,77.69627287460101,2.217956379382888,False,True,4.373517246055386,Internet,2026-09-14,momentum_14.9.2026
495,OMF,FAIL,1_no_uptrend_stack,not in general uptrend (need EMA20 > EMA40 > EMA50),,,,,,,,-2.81,,,,0.72,0.8097326313704046,-25.6181114089972,0.0,,124,2026-04-13,2026-10-07,55.58,55.3,56.07,58.12377260973523,59.599160211002484,59.8497220566024,1.3459335403613275,False,True,3.600678278120191,Finance,2026-09-14,momentum_14.9.2026
496,EBAY,FAIL,1_no_uptrend_stack,not in general uptrend (need EMA20 > EMA40 > EMA50),,,,,,,,0.04,,,,1.11,0.5000718097593388,147.502903600464,0.0,,124,2026-04-13,2026-10-07,107.76,107.07,107.6,107.19512133890845,107.35926032637718,107.47365639644892,3.0505172616234093,False,False,4.252579825683192,Internet Commerce,2026-09-14,momentum_14.9.2026
497,SYY,FAIL,1_no_uptrend_stack,not in general uptrend (need EMA20 > EMA40 > EMA50),,,,,,,,-2.23,,,,0.75,0.3179062018801368,-40.01554001554076,1.6666666666666399,,124,2026-04-13,2026-10-07,77.39,76.69,76.79,78.62859817298903,79.80027492537845,80.02617779580419,1.4482802082709434,False,False,2.829040646446692,Food,2026-09-14,momentum_14.9.2026
498,BJ,FAIL,2_no_bounce,latest candle not green,,,,,,,,1.04,,,,1.02,0.8640383024793055,156.97674418604504,0.0,,124,2026-04-13,2026-10-07,96.47,95.8,95.9,93.75245798163726,93.29348831406008,93.14171829302906,2.6419238092583814,True,False,4.132310442009981,Consumer Prdts,2026-09-14,momentum_14.9.2026
499,WBI,FAIL,1_no_uptrend_stack,not in general uptrend (need EMA20 > EMA40 > EMA50),,,,,,,,-1.28,,,,0.74,0.5967493897706154,58.329172907305704,0.0,,124,2026-04-13,2026-10-07,30.1,28.82,29.31,29.89124736717791,30.690764203497054,30.88111098508434,1.2258225798279911,False,False,6.273401125015308,Real Estate Operations,2026-09-14,momentum_14.9.2026
500,SIRI,FAIL,1_no_uptrend_stack,not in general uptrend (need EMA20 > EMA40 > EMA50),,,,,,,,-2.57,,,,0.61,0.9466087790474454,10.416666666667153,0.0,,124,2026-04-13,2026-10-07,26.22,25.72,25.95,26.80857322541408,27.581830445700643,27.7808751307616,0.7118989808599184,False,False,4.115023010750974,Broadcast,2026-09-14,momentum_14.9.2026
501,VOR,FAIL,1_no_uptrend_stack,not in general uptrend (need EMA20 > EMA40 > EMA50),,,,,,,,-1.44,,,,1.0,0.3630932477825747,0.610500610498114,0.8680057388809125,,124,2026-04-13,2026-10-07,18.09,17.86,18.78,19.904141484805375,20.594881478872463,20.56572018166984,1.2419433184121984,False,True,9.919675067190083,Medical,2026-09-14,momentum_14.9.2026
502,EWBC,FAIL,1_no_uptrend_stack,not in general uptrend (need EMA20 > EMA40 > EMA50),,,,,,,,-1.14,,,,1.26,1.5283060478222175,-36.87960489029368,0.0,,124,2026-04-13,2026-10-07,125.91,124.0,125.27,126.75051834563753,127.86622337732844,128.09884480711295,2.4905549030476415,False,False,2.9822242792140674,Banks,2026-09-14,momentum_14.9.2026
503,RCI,FAIL,1_no_uptrend_stack,not in general uptrend (need EMA20 > EMA40 > EMA50),,,,,,,,-3.82,,,,0.81,1.3673971631372899,-24.093392945852408,1.2296195652174042,,124,2026-04-13,2026-10-07,30.66,30.32,30.68,32.57357640260946,33.735336380619465,34.00738209746225,0.8708785378567168,False,True,4.25788072615735,Diversified Comm Services,2026-09-14,momentum_14.9.2026
504,GPC,FAIL,1_no_uptrend_stack,not in general uptrend (need EMA20 > EMA40 > EMA50),,,,,,,,-1.09,,,,0.66,0.8052999538969692,-75.2477403898502,0.0,,124,2026-04-13,2026-10-07,126.18,124.24,125.41,128.67404905181394,129.23336286126755,128.62358638789493,2.959490274823824,False,False,3.5397778584129935,Retail,2026-09-14,momentum_14.9.2026
505,VNOM,FAIL,1_no_uptrend_stack,not in general uptrend (need EMA20 > EMA40 > EMA50),,,,,,,,-1.55,,,,1.23,1.1718201864771116,68.75000000000045,0.0,,124,2026-04-13,2026-10-07,41.79,40.5,41.07,41.74771409008717,42.508671776774776,42.74627050467327,1.078081545948434,False,False,3.937478254011812,Oil,2026-09-14,momentum_14.9.2026
506,CMBT,FAIL,2_no_bounce,candle did not touch EMA20 & EMA40,,,,,,,,2.99,,,,1.08,1.1020550154767703,93.62139917695491,0.0,47,124,2026-04-13,2026-10-07,19.79,19.77,19.95,19.35194546930067,18.697529786958064,18.37279480978105,0.526887845388473,True,True,3.9615627472817523,Transportation,2026-09-12,momentum_12.9.2026
507,BSIN,FAIL,2_no_bounce,EMA20 not rising,,,,,,,,0.13,,,,0.48,0.28898986043928915,-29.150823827630994,0.0,,129,2026-04-06,2026-10-07,1.46,1.43,1.43,1.4689604591467007,1.4444004167641504,1.420380341995885,0.07478051125197681,True,False,7.84410957188568,Oil,2026-09-12,momentum_12.9.2026
508,DB,FAIL,1_no_uptrend_stack,not in general uptrend (need EMA20 > EMA40 > EMA50),,,,,,,,-4.15,,,,0.91,1.5699209899223314,-166.66666666666572,0.0,,124,2026-04-13,2026-10-07,33.25,33.13,33.55,36.501216750001035,37.127341434158254,37.09120704901687,0.8525698280002261,False,True,3.811787606558388,Banks,2026-09-12,momentum_12.9.2026
509,UBS,FAIL,1_no_uptrend_stack,not in general uptrend (need EMA20 > EMA40 > EMA50),,,,,,,,-3.32,,,,0.87,0.7816029414644907,-87.05444575009831,0.0,,124,2026-04-13,2026-10-07,46.9,46.81,47.42,49.61842013290226,50.79233754821635,50.94192391631917,1.06047749367037,False,True,3.354526023841322,Banks,2026-09-12,momentum_12.9.2026
510,HSBC,FAIL,1_no_uptrend_stack,not in general uptrend (need EMA20 > EMA40 > EMA50),,,,,,,,-3.69,,,,0.78,1.6680211891989305,-144.62520773200396,0.0,,124,2026-04-13,2026-10-07,93.55,93.27,93.71,99.61295128187277,100.8030915123019,100.78826623328312,1.9173409859404296,False,True,3.069055040988843,Banks,2026-09-12,momentum_12.9.2026
511,RJF,FAIL,1_no_uptrend_stack,not in general uptrend (need EMA20 > EMA40 > EMA50),,,,,,,,-2.54,,,,0.91,0.517722278095058,-113.83731211317486,0.0,,124,2026-04-13,2026-10-07,158.0,156.09,157.25,162.88002092370735,166.1912481788412,166.60635933730268,3.678401079234887,False,False,3.508808660637412,Finance,2026-09-12,momentum_12.9.2026
512,ACVA,FAIL,2_no_bounce,latest candle not green,,,,,,,,7.77,,,,18.19,0.6749887231667603,-114.03508771930194,0.0,,124,2026-04-13,2026-10-07,10.45,10.43,10.44,9.969486410459716,9.208805084693399,8.918535269999614,0.19593634758559816,True,False,2.8151774078390543,Auction Valuation Services,2026-09-12,momentum_12.9.2026
513,ZVRA,FAIL,1_no_uptrend_stack,not in general uptrend (need EMA20 > EMA40 > EMA50),,,,,,,,-0.79,,,,0.48,1.1088996204351544,126.40646976090095,0.0,,124,2026-04-13,2026-10-07,10.68,10.57,11.08,11.169771524700897,11.416481387729227,11.47213911126588,0.49825550228600596,False,True,6.745336222283474,Medical,2026-09-12,momentum_12.9.2026
514,TFSL,FAIL,1_no_uptrend_stack,not in general uptrend (need EMA20 > EMA40 > EMA50),,,,,,,,-2.59,,,,0.65,1.5950449265074553,-101.58150851581497,0.0,,124,2026-04-13,2026-10-07,16.4,16.07,16.12,16.71591670351698,16.970039243161953,17.015413035436584,0.34552956489679476,False,False,3.2152254798088844,Finance,2026-09-12,momentum_12.9.2026
515,PNC,FAIL,1_no_uptrend_stack,not in general uptrend (need EMA20 > EMA40 > EMA50),,,,,,,,-3.99,,,,0.65,1.2332619480574925,-125.51187551187463,0.0,,124,2026-04-13,2026-10-07,217.58,216.21,217.72,227.20954563688025,233.3654646835659,234.84151118537696,4.291373563007057,False,True,2.95657741342577,Finance,2026-09-12,momentum_12.9.2026
516,MTB,FAIL,1_no_uptrend_stack,not in general uptrend (need EMA20 > EMA40 > EMA50),,,,,,,,-3.61,,,,0.78,0.9318893312564838,-61.07549857549944,0.0,,124,2026-04-13,2026-10-07,216.62,215.32,216.63,223.72259881730434,229.50684204283894,230.87845827958847,3.95052068264546,False,True,2.735438777624609,Banks,2026-09-12,momentum_12.9.2026
517,OGN,PASS,,green candle bounced off EMA40 & EMA50,EMA40/50,51,0.2536,13.79,13.724931170805755,13.887603243791364,0.471855179073561,3.76,1.9,0.6,False,0.6,1.1258604807564836,140.804597701148,0.0,,124,2026-04-13,2026-10-07,13.72,13.72,13.79,13.717593144195474,13.675980261132326,13.626835958192009,0.043379219462829494,True,True,0.47185517907356234,Medical Services,2026-09-12,momentum_12.9.2026
518,ATAI,FAIL,0_no_data,no bars returned by IBKR,,,,,,,,,,,,0.63,,,,,,,,,,,,,,,,,,Medical,2026-09-10,momentum_10.9.2026
519,STT,FAIL,1_no_uptrend_stack,not in general uptrend (need EMA20 > EMA40 > EMA50),,,,,,,,-1.99,,,,0.64,0.7328692577537246,-79.75640179029864,0.0,,124,2026-04-13,2026-10-07,173.48,171.17,174.19,180.17337573804753,182.20809431136882,181.90424794931164,3.8678778983074786,False,True,3.33074048307091,Banks,2026-09-10,momentum_10.9.2026
520,ELVN,FAIL,1_no_uptrend_stack,not in general uptrend (need EMA20 > EMA40 > EMA50),,,,,,,,-4.53,,,,0.82,0.8369749440456528,-108.95660203139403,1.66666666666666,,124,2026-04-13,2026-10-07,41.62,41.04,41.36,47.90416722827399,50.61934288377489,51.02742544591638,2.1335878384414366,False,False,7.737866918912367,Medical,2026-09-10,momentum_10.9.2026
521,GLNG,FAIL,1_no_uptrend_stack,not in general uptrend (need EMA20 > EMA40 > EMA50),,,,,,,,-1.04,,,,0.77,0.780314276884393,32.996780801872575,0.0,,124,2026-04-13,2026-10-07,50.19,48.94,49.14,49.88582861297455,50.367660000366605,50.500293227918355,1.307006252860832,False,False,3.9896405764982656,Oil,2026-09-10,momentum_10.9.2026
522,CADL,FAIL,1_no_uptrend_stack,not in general uptrend (need EMA20 > EMA40 > EMA50),,,,,,,,-1.75,,,,1.56,0.5047573400311343,-134.63043721346187,0.0,,124,2026-04-13,2026-10-07,9.7,9.621,9.82,10.847117867228112,11.052376980805532,10.974687987175226,0.658889827341964,False,True,10.06450856428662,Medical,2026-09-10,momentum_10.9.2026
523,VIRT,FAIL,1_no_uptrend_stack,not in general uptrend (need EMA20 > EMA40 > EMA50),,,,,,,,0.0,,,,0.56,0.7266982194669438,10.889587170874634,0.0,,124,2026-04-13,2026-10-07,61.3,58.35,58.81,58.0826637649204,58.74422167961911,58.80240292144198,2.689285669839004,False,False,6.859256086989468,Finance,2026-09-10,momentum_10.9.2026
524,NIQ,FAIL,2_no_bounce,EMA20 not rising,,,,,,,,0.89,,,,0.52,1.085590411957994,-25.918635170605494,0.0,,124,2026-04-13,2026-10-07,17.25,16.95,16.99,17.486829859362395,16.88022269624188,16.417264709917504,0.6430487377564692,True,False,5.67729903846206,Advertising Marketing Services,2026-09-10,momentum_10.9.2026
525,NWS,FAIL,1_no_uptrend_stack,not in general uptrend (need EMA20 > EMA40 > EMA50),,,,,,,,-1.19,,,,0.67,1.1109318377927724,-62.659846547313784,0.0,,124,2026-04-13,2026-10-07,31.27,31.21,31.52,32.21734615665277,32.46344340833016,32.40980672866565,0.7447554133705758,False,True,3.5442040610909387,Movie & TV Production & Dist,2026-09-10,momentum_10.9.2026
526,SJM,FAIL,1_no_uptrend_stack,not in general uptrend (need EMA20 > EMA40 > EMA50),,,,,,,,-1.49,,,,0.97,0.709991232395517,-106.71191553544357,0.0,,124,2026-04-13,2026-10-07,117.59,115.66,115.93,119.89162319305765,120.50633132157044,120.01610912032776,2.7500599204169656,False,False,3.55825919143056,Food,2026-09-10,momentum_10.9.2026
527,NWSA,FAIL,1_no_uptrend_stack,not in general uptrend (need EMA20 > EMA40 > EMA50),,,,,,,,-0.54,,,,0.89,0.9188075351485572,-43.18488529014715,0.0,,124,2026-04-13,2026-10-07,28.55,28.28,28.61,29.06259347477567,29.104991901322645,28.98878530248429,0.6999035874391256,False,True,3.669539955116003,Movie & TV Production & Dist,2026-09-10,momentum_10.9.2026
528,DVN,FAIL,2_no_bounce,latest candle not green,,,,,,,,0.48,,,,1.55,0.5472414315221257,81.14035087719299,0.0,,124,2026-04-13,2026-10-07,48.4,47.4,47.88,47.75492527673765,47.41132894782056,47.19132763011619,1.4396563018389161,True,False,4.510201446863772,Oil,2026-09-10,momentum_10.9.2026
529,KRP,FAIL,1_no_uptrend_stack,not in general uptrend (need EMA20 > EMA40 > EMA50),,,,,,,,0.48,,,,0.79,0.5330204093457681,91.16809116809125,0.0,,124,2026-04-13,2026-10-07,15.02,14.82,14.92,14.690975595728814,14.764513336703919,14.786392977192776,0.2780894703556395,False,False,2.795805667114338,Oil,2026-09-10,momentum_10.9.2026
530,BMO,FAIL,1_no_uptrend_stack,not in general uptrend (need EMA20 > EMA40 > EMA50),,,,,,,,-3.37,,,,0.6,1.2673580233401285,-163.6546184738968,0.0,,124,2026-04-13,2026-10-07,164.56,161.35,161.75,169.49040507567577,171.77321782733242,172.0589369576505,3.062177012656303,False,False,2.8397313873165095,Banks,2026-09-10,momentum_10.9.2026
531,DAR,FAIL,1_no_uptrend_stack,not in general uptrend (need EMA20 > EMA40 > EMA50),,,,,,,,-1.19,,,,0.7,0.5369706661491751,-97.66954700183241,0.0,,124,2026-04-13,2026-10-07,61.92,60.01,60.02,62.5077435591171,62.91200280841772,62.82136688719562,2.3464231127880426,False,False,5.864103080943125,Food,2026-09-09,momentum_9.9.2026
532,FCX,PASS,,green candle bounced off EMA40 & EMA50,EMA40/50,12,0.6464,71.86,67.8475679643234,77.8786480535149,5.5836794262129095,0.48,1.8,0.71,False,0.71,0.846318178057382,10.086315585297207,0.0,,124,2026-04-13,2026-10-07,71.32,70.62,71.86,71.78703735692092,71.08382197189269,70.5884489493553,2.6749546904510657,True,True,5.583679426212911,Mining,2026-09-09,momentum_9.9.2026
533,BEN,FAIL,1_no_uptrend_stack,not in general uptrend (need EMA20 > EMA40 > EMA50),,,,,,,,-0.87,,,,0.61,1.2376159607390906,-67.09956709956728,0.0,,124,2026-04-13,2026-10-07,32.07,31.9,32.48,32.93724689490556,33.179357412646326,33.16104364139788,0.7794344363823701,False,True,3.599604847824985,Finance,2026-09-09,momentum_9.9.2026
534,TFX,FAIL,1_no_uptrend_stack,not in general uptrend (need EMA20 > EMA40 > EMA50),,,,,,,,-1.45,,,,0.9,1.4973582263716207,-133.72093023255448,0.0,,124,2026-04-13,2026-10-07,125.07,122.84,124.48,126.85301635726128,129.42043244281723,130.03128341123934,3.8336392043472802,False,False,4.619584516806652,Medical Instruments,2026-09-09,momentum_9.9.2026
535,CGEM,FAIL,1_no_uptrend_stack,not in general uptrend (need EMA20 > EMA40 > EMA50),,,,,,,,-2.27,,,,1.93,0.5949920812154899,19.963999345442645,0.0,,124,2026-04-13,2026-10-07,15.95,15.47,15.63,17.397558416492462,18.33122955168693,18.397054765377867,1.2213885951477779,False,False,11.721579607944124,Medical,2026-09-09,momentum_9.9.2026
536,SLDB,FAIL,1_no_uptrend_stack,not in general uptrend (need EMA20 > EMA40 > EMA50),,,,,,,,-3.34,,,,0.6,0.3901597673587155,-102.67229254570904,0.0,,124,2026-04-13,2026-10-07,6.76,6.745,6.85,7.775223154798049,8.271932396429309,8.369152805308238,0.45497261180656073,False,True,9.962903908172864,Medical,2026-09-09,momentum_9.9.2026
537,SRRK,FAIL,1_no_uptrend_stack,not in general uptrend (need EMA20 > EMA40 > EMA50),,,,,,,,-3.24,,,,1.45,0.7509554412699437,-74.17471819645706,1.58382642998028,,124,2026-04-13,2026-10-07,42.32,41.95,42.2,48.055362094535354,50.0437388010582,50.41517856791216,2.537949753322788,False,False,9.021148412284791,Medical,2026-09-09,momentum_9.9.2026
538,KMX,FAIL,1_no_uptrend_stack,not in general uptrend (need EMA20 > EMA40 > EMA50),,,,,,,,-1.65,,,,0.71,0.9874835769802894,-122.83384301732991,0.0,,124,2026-04-13,2026-10-07,54.57,52.96,53.28,56.97942135524996,57.6345167212637,57.40493797872675,2.5051625413185707,False,False,7.052822469928409,Retail,2026-09-09,momentum_9.9.2026
539,OCUL,FAIL,1_no_uptrend_stack,not in general uptrend (need EMA20 > EMA40 > EMA50),,,,,,,,-3.59,,,,1.19,0.8072052503618415,33.910533910533466,1.1676937073020006,,124,2026-04-13,2026-10-07,7.26,7.19,7.23,8.656897358691486,9.238457049457901,9.335354111592617,0.5863254846521458,False,False,12.1644291421607,Medical,2026-09-09,momentum_9.9.2026
540,CVNA,FAIL,1_no_uptrend_stack,not in general uptrend (need EMA20 > EMA40 > EMA50),,,,,,,,-1.5,,,,0.67,0.7266808947032014,-42.820512820512185,0.0,,124,2026-04-13,2026-10-07,63.27,62.01,62.76,65.28454784851388,66.94571771424154,67.35646065938059,3.073295252257275,False,False,7.345351941341479,Internet Commerce,2026-09-09,momentum_9.9.2026
541,LNTH,FAIL,1_no_uptrend_stack,not in general uptrend (need EMA20 > EMA40 > EMA50),,,,,,,,-0.63,,,,0.5,0.419432673700802,76.09860664522722,0.07340241796196066,,124,2026-04-13,2026-10-07,100.27,100.02,100.18,100.1253249517205,100.50195411305333,100.52552281191561,0.5447568083966918,False,False,0.8156670119734853,Medical Products,2026-09-09,momentum_9.9.2026
542,NDAQ,FAIL,1_no_uptrend_stack,not in general uptrend (need EMA20 > EMA40 > EMA50),,,,,,,,-0.58,,,,0.73,0.8744292356563643,-24.974515800203484,0.0,,124,2026-04-13,2026-10-07,91.16,90.41,91.93,92.85954866717361,93.28545633858411,93.16375536021602,2.131496923270447,False,True,3.4779129608459374,Securities Exchanges,2026-09-09,momentum_9.9.2026
543,J,FAIL,1_no_uptrend_stack,not in general uptrend (need EMA20 > EMA40 > EMA50),,,,,,,,-1.02,,,,0.87,1.0500533284075044,-166.66666666666802,0.0,,124,2026-04-13,2026-10-07,138.24,134.64,136.35,140.0432195733827,140.58311809666665,140.0491224515485,3.64057118654455,False,False,4.005028808079813,Building & Construction,2026-09-09,momentum_9.9.2026
544,RELY,FAIL,1_no_uptrend_stack,not in general uptrend (need EMA20 > EMA40 > EMA50),,,,,,,,-0.1,,,,0.66,0.5075605861235026,65.59280220577503,0.0,,124,2026-04-13,2026-10-07,22.95,22.87,22.93,22.45601699678263,22.961110889813654,23.028854942928778,0.9976653204585457,False,False,6.526375842511202,Financial Transaction Services,2026-09-04,momentum_4.9.2026
545,ACRS,FAIL,1_no_uptrend_stack,not in general uptrend (need EMA20 > EMA40 > EMA50),,,,,,,,-4.83,,,,0.88,2.972648012925421,-122.3152530032763,0.0,,124,2026-04-13,2026-10-07,3.595,3.315,3.4,4.916482559553413,5.251914060557817,5.298403261168548,0.3934348105592028,False,False,17.357418112906007,Medical,2026-09-04,momentum_4.9.2026
546,GPN,FAIL,1_no_uptrend_stack,not in general uptrend (need EMA20 > EMA40 > EMA50),,,,,,,,-1.46,,,,0.96,0.5566561000134592,52.63752400316202,0.0,,124,2026-04-13,2026-10-07,81.27,81.04,81.08,84.1341115055926,85.08496052851605,84.74576240436136,2.5172222449385875,False,False,4.656923245446327,Financial Transaction Services,2026-09-04,momentum_4.9.2026
547,BRZE,FAIL,1_no_uptrend_stack,not in general uptrend (need EMA20 > EMA40 > EMA50),,,,,,,,1.26,,,,0.86,1.6052076231189394,160.66384180790982,0.0,,124,2026-04-13,2026-10-07,26.16,26.16,28.46,26.161374210161625,26.54217670696858,26.487673866007565,1.5620864718687848,False,True,8.233062922709687,Internet,2026-09-04,momentum_4.9.2026
548,CYCN,FAIL,0_no_data,no bars returned by IBKR,,,,,,,,,,,,2.47,,,,,,,,,,,,,,,,,,Medical,2026-09-04,momentum_4.9.2026
549,CLYM,FAIL,1_no_uptrend_stack,not in general uptrend (need EMA20 > EMA40 > EMA50),,,,,,,,-2.87,,,,1.03,0.5089754651512056,-125.11091393078954,0.0,,124,2026-04-13,2026-10-07,10.43,10.35,10.71,12.338384853637843,13.091725880146868,13.171724467874748,0.8575486676211186,False,True,12.010485540912024,Medical,2026-09-04,momentum_4.9.2026
550,MT,FAIL,1_no_uptrend_stack,not in general uptrend (need EMA20 > EMA40 > EMA50),,,,,,,,-3.88,,,,1.03,1.1561281203983893,-166.6666666666657,0.0,,124,2026-04-13,2026-10-07,62.6,62.06,62.32,68.85978541266431,70.22310195910322,70.20588714896904,2.0311522451444786,False,False,4.8888452627033345,Steel,2026-09-04,momentum_4.9.2026
551,NVCR,FAIL,1_no_uptrend_stack,not in general uptrend (need EMA20 > EMA40 > EMA50),,,,,,,,-2.19,,,,0.48,1.7547901506406225,-102.30352303523038,0.0,,124,2026-04-13,2026-10-07,14.84,14.59,14.66,15.868583914179183,16.223271718668006,16.268179574078225,0.7350921497731528,False,False,7.5214067166420815,Medical,2026-09-04,momentum_4.9.2026
552,EL,FAIL,2_no_bounce,EMA20 not rising,,,,,,,,0.28,,,,1.54,0.8860849938934655,67.64227642276417,1.6666666666666743,,124,2026-04-13,2026-10-07,93.01,92.77,94.45,94.8531610279627,94.31688144733268,93.57852052567242,3.067669689398425,True,True,4.871894689356948,Cosmetics & Toiletries,2026-09-04,momentum_4.9.2026
553,NAVN,FAIL,1_no_uptrend_stack,not in general uptrend (need EMA20 > EMA40 > EMA50),,,,,,,,-1.09,,,,0.45,0.7245518069479971,99.22609176340647,0.0,,124,2026-04-13,2026-10-07,21.11,21.01,22.28,22.07289145568642,23.337763137764412,23.57331499700821,1.1919312161097462,False,True,8.024671562677824,Internet,2026-09-04,momentum_4.9.2026
554,SCHW,FAIL,1_no_uptrend_stack,not in general uptrend (need EMA20 > EMA40 > EMA50),,,,,,,,-3.34,,,,0.72,0.9297884858637682,-166.66666666666444,0.0,,124,2026-04-13,2026-10-07,95.94,94.7,95.58,100.69657762065287,102.66993616580596,102.76738357472466,2.153689323441798,False,False,3.3799267473976746,Finance,2026-09-04,momentum_4.9.2026
555,SLG,FAIL,1_no_uptrend_stack,not in general uptrend (need EMA20 > EMA40 > EMA50),,,,,,,,-2.03,,,,0.53,1.0342894938017289,-52.18068535825578,0.0,,124,2026-04-13,2026-10-07,48.01,47.29,48.6,50.531471374231295,51.781277191040544,51.882509817439214,1.6161585592663184,False,True,4.988143701439254,REIT,2026-09-04,momentum_4.9.2026
556,BMY,FAIL,1_no_uptrend_stack,not in general uptrend (need EMA20 > EMA40 > EMA50),,,,,,,,-2.1,,,,0.45,1.2633785212252904,-36.19364991206175,1.315561335067189,,124,2026-04-13,2026-10-07,59.45,59.01,59.7,62.12780306913081,62.80835639286113,62.74270127725916,1.446401367538446,False,True,3.634174290297603,Medical,2026-09-04,momentum_4.9.2026
557,BCRX,FAIL,1_no_uptrend_stack,not in general uptrend (need EMA20 > EMA40 > EMA50),,,,,,,,-1.48,,,,0.4,0.8958530034608259,101.85185185185124,0.0,,124,2026-04-13,2026-10-07,7.91,7.86,8.4,8.50991428340998,8.827593551363465,8.91989096207961,0.3513059920951433,False,True,6.273321287413272,Medical,2026-09-04,momentum_4.9.2026
558,RY,FAIL,1_no_uptrend_stack,not in general uptrend (need EMA20 > EMA40 > EMA50),,,,,,,,-3.63,,,,0.39,1.1125690635933894,-139.88375746151578,0.0,,124,2026-04-13,2026-10-07,194.34,191.09,191.22,199.6849651886669,202.444559352024,202.7905796667863,3.1853575739845197,False,False,2.4987116206342326,Banks,2026-09-04,momentum_4.9.2026
559,OII,FAIL,1_no_uptrend_stack,not in general uptrend (need EMA20 > EMA40 > EMA50),,,,,,,,-1.74,,,,0.36,0.8660889521231059,-63.74849175492606,0.0,,124,2026-04-13,2026-10-07,44.81,43.64,43.7,46.08380769899092,46.89087083612071,46.78377076128946,1.7708339651778464,False,False,6.078377454843865,Oil,2026-09-04,momentum_4.9.2026
560,ROKU,PASS,,green candle bounced off EMA50,EMA50,11,0.6545,152.72,149.64888281983815,157.3266757702428,2.0109462939771143,0.66,2.2,0.75,False,0.75,0.6119518189883705,-3.656076651535836,0.0,,124,2026-04-13,2026-10-07,150.03,150.03,152.72,153.32207935511187,152.49883383151558,151.36445254629348,2.047411453441239,True,True,2.0109462939771205,Broadcast,2026-09-04,momentum_4.9.2026
561,EPD,FAIL,1_no_uptrend_stack,not in general uptrend (need EMA20 > EMA40 > EMA50),,,,,,,,-1.31,,,,0.54,0.6256714325412845,72.9957805907173,0.0,,124,2026-04-13,2026-10-07,37.37,36.78,36.91,37.273767438089834,37.69915507017933,37.77873394780685,0.6637115016296132,False,False,2.697283263192685,Oil Gas Prod Pipeline MLP,2026-09-04,momentum_4.9.2026
562,EAT,FAIL,1_no_uptrend_stack,not in general uptrend (need EMA20 > EMA40 > EMA50),,,,,,,,-2.31,,,,0.78,0.8459082179686641,-130.37802405355066,1.4264603616133453,,124,2026-04-13,2026-10-07,189.09,184.85,185.31,202.6670760785413,207.02741670544611,206.1965853421671,9.044884248915126,False,False,7.321421603460521,Retail,2026-09-04,momentum_4.9.2026
563,EW,FAIL,1_no_uptrend_stack,not in general uptrend (need EMA20 > EMA40 > EMA50),,,,,,,,-0.92,,,,0.63,0.9414059120522578,8.834522595990421,0.0,,124,2026-04-13,2026-10-07,86.65,85.49,85.78,86.9894327028717,87.62829071381825,87.69884296069984,2.0833380281513456,False,False,3.6430485453800636,Medical Instruments,2026-09-04,momentum_4.9.2026
564,CNQ,FAIL,2_no_bounce,EMA20 not rising,,,,,,,,-0.53,,,,0.96,0.7337055209953312,-28.034979423867025,0.0,,124,2026-04-13,2026-10-07,48.35,47.24,47.5,48.415804400361665,48.35756487873138,48.150686635413834,1.2284836647734518,True,False,3.8794220992845845,Oil,2026-09-04,momentum_4.9.2026
565,PRGS,FAIL,1_no_uptrend_stack,not in general uptrend (need EMA20 > EMA40 > EMA50),,,,,,,,-1.57,,,,0.54,0.8606328596200635,-27.21088435374132,1.3584164400120844,,124,2026-04-13,2026-10-07,37.48,36.56,37.21,39.45852936479918,40.188734623584615,40.038190031565684,1.798851661971892,False,False,7.251484796984246,Computer,2026-09-04,momentum_4.9.2026
566,OCFC,FAIL,1_no_uptrend_stack,not in general uptrend (need EMA20 > EMA40 > EMA50),,,,,,,,-4.2,,,,0.5,1.8167707739040786,-74.56978967495375,0.0,,124,2026-04-13,2026-10-07,16.6,16.43,16.46,17.31594804957144,17.923966938431548,18.099338283660643,0.38999481519165424,False,False,3.5540232247113077,Finance,2026-09-04,momentum_4.9.2026
567,AXGN,FAIL,1_no_uptrend_stack,not in general uptrend (need EMA20 > EMA40 > EMA50),,,,,,,,-3.7,,,,0.48,0.9380689547279466,-82.39341703908659,1.476457748674774,,124,2026-04-13,2026-10-07,36.25,35.82,36.04,41.68050592811926,43.40201447850355,43.626016850391,2.0510888579157043,False,False,8.536718332057593,Medical Instruments,2026-09-04,momentum_4.9.2026
568,EXPE,FAIL,1_no_uptrend_stack,not in general uptrend (need EMA20 > EMA40 > EMA50),,,,,,,,-1.98,,,,1.21,0.49693111435269116,-114.65044142209436,1.1831198191409182,,124,2026-04-13,2026-10-07,254.0,254.0,258.86,272.1981667541849,280.4076934041112,281.0522208493088,11.214168981882043,False,True,6.498205003794741,Leisure & Recreation Services,2026-09-04,momentum_4.9.2026
569,QURE,FAIL,1_no_uptrend_stack,not in general uptrend (need EMA20 > EMA40 > EMA50),,,,,,,,-5.56,,,,0.71,0.5071837228337479,-7.414785303231122,1.2191934279312926,,124,2026-04-13,2026-10-07,22.96,22.62,23.14,33.273127666953165,37.68772911008202,38.33843667612986,2.7338137498022608,False,True,17.721351014275672,Medical,2026-09-04,momentum_4.9.2026
570,WK,PASS,,green candle bounced off EMA40 & EMA50,EMA40/50,22,0.5655,71.53,66.7249679917445,78.73754801238324,6.717505953104284,0.85,1.0,0.65,False,0.65,1.1138718412390423,-2.4249772658389324,0.0,,124,2026-04-13,2026-10-07,70.82,69.2,71.53,70.88138678212003,69.84713735123111,68.81959986075572,3.2033546721703328,True,True,6.71750595310429,Internet,2026-09-04,momentum_4.9.2026
571,ALAB,FAIL,2_no_bounce,candle did not touch EMA20 & EMA40,,,,,,,,2.39,,,,1.48,1.134269880450367,54.60223883215799,0.0,,124,2026-04-13,2026-10-07,376.0,360.22,382.25,343.6019975678274,329.5076911965746,326.2265405646879,23.446731088202355,True,True,9.200810106554227,Internet,2026-09-04,momentum_4.9.2026
572,OMDA,FAIL,1_no_uptrend_stack,not in general uptrend (need EMA20 > EMA40 > EMA50),,,,,,,,-0.21,,,,0.64,0.624140643425985,132.8784925276158,0.0,,124,2026-04-13,2026-10-07,20.7,20.65,20.89,20.741106169842848,21.118646076776322,21.10545077061881,1.0161761246603849,False,True,7.296621287652356,Medical Services,2026-09-04,momentum_4.9.2026
573,OMC,FAIL,1_no_uptrend_stack,not in general uptrend (need EMA20 > EMA40 > EMA50),,,,,,,,-2.14,,,,0.87,0.7120050633852292,-13.259483047999234,0.0,,124,2026-04-13,2026-10-07,75.04,74.2,74.87,76.70271857950662,78.6718972839332,79.0543948084237,1.9535322831169477,False,False,3.9138485704226276,Advertising Marketing Services,2026-09-04,momentum_4.9.2026
574,RDN,FAIL,1_no_uptrend_stack,not in general uptrend (need EMA20 > EMA40 > EMA50),,,,,,,,-1.6,,,,0.72,1.3916255694444215,65.5151356538432,0.0,,124,2026-04-13,2026-10-07,33.77,33.63,33.7,33.8928432938878,34.87126394032548,35.16119556459777,0.9131684138807374,False,False,4.06454783626441,Insurance,2026-09-04,momentum_4.9.2026
575,MS,FAIL,1_no_uptrend_stack,not in general uptrend (need EMA20 > EMA40 > EMA50),,,,,,,,-3.19,,,,0.62,1.075648325037159,-38.54365010674403,0.0,,124,2026-04-13,2026-10-07,187.69,185.22,189.71,197.35310953856018,203.06866451613755,204.46285329397585,4.627808585431768,False,True,3.659118063437695,Finance,2026-09-04,momentum_4.9.2026
576,TFC,FAIL,1_no_uptrend_stack,not in general uptrend (need EMA20 > EMA40 > EMA50),,,,,,,,-3.7,,,,0.67,1.1839115903820507,-114.28571428571382,0.0,,124,2026-04-13,2026-10-07,45.76,45.26,45.58,47.58341157307886,48.763165487989,49.08479847247946,0.9479046796966595,False,False,3.1194756900943164,Banks,2026-09-04,momentum_4.9.2026
577,LYFT,FAIL,1_no_uptrend_stack,not in general uptrend (need EMA20 > EMA40 > EMA50),,,,,,,,-0.22,,,,0.8,0.9124163572977416,32.11586901763254,0.0,,124,2026-04-13,2026-10-07,15.55,15.4,15.6,15.506233140087529,15.708598334934738,15.712359537983277,0.5056221784715594,False,True,4.861751716072686,Internet,2026-09-04,momentum_4.9.2026
578,APD,FAIL,1_no_uptrend_stack,not in general uptrend (need EMA20 > EMA40 > EMA50),,,,,,,,-2.16,,,,0.59,0.8953918718527201,46.476170898002785,0.0,,124,2026-04-13,2026-10-07,280.5,277.77,278.12,283.96907206492267,289.0176891939735,290.2877466970232,5.643480464253926,False,False,3.0437295758596608,Chemical,2026-09-04,momentum_4.9.2026
579,OZK,FAIL,1_no_uptrend_stack,not in general uptrend (need EMA20 > EMA40 > EMA50),,,,,,,,-4.6,,,,0.72,3.1830585252897325,-134.85536018150876,1.3557654466745357,,124,2026-04-13,2026-10-07,44.38,43.29,43.56,46.80039602401483,47.954143966518885,48.28511681692984,1.0282939501499855,False,False,3.5409571286156525,Banks,2026-09-04,momentum_4.9.2026
580,SNDR,FAIL,1_no_uptrend_stack,not in general uptrend (need EMA20 > EMA40 > EMA50),,,,,,,,-2.56,,,,0.63,0.7057593122317296,-131.23276044981878,0.0,,124,2026-04-13,2026-10-07,31.14,31.05,31.19,32.52172334741439,33.37264781414599,33.61912154278486,0.9482852314565172,False,True,4.560525319604924,Transportation,2026-09-04,momentum_4.9.2026
581,WERN,FAIL,1_no_uptrend_stack,not in general uptrend (need EMA20 > EMA40 > EMA50),,,,,,,,-3.52,,,,0.52,0.7410931681915979,-115.24143799191711,1.4146620847651707,,124,2026-04-13,2026-10-07,32.35,32.06,32.34,34.868723196902785,36.302971866982034,36.769477872774964,1.2566226630112238,False,False,5.828491015822002,Transportation,2026-09-04,momentum_4.9.2026
582,SBUX,FAIL,1_no_uptrend_stack,not in general uptrend (need EMA20 > EMA40 > EMA50),,,,,,,,-2.86,,,,0.66,1.434683423590989,-65.49838429032997,0.0,,124,2026-04-13,2026-10-07,96.29,93.19,93.58,96.48874621848036,98.96290032297458,99.67551224724912,2.13332940519689,False,False,3.419527792044599,Retail,2026-09-04,momentum_4.9.2026
583,IART,FAIL,1_no_uptrend_stack,not in general uptrend (need EMA20 > EMA40 > EMA50),,,,,,,,-3.55,,,,0.8,1.0549383775965546,-40.68532372771777,1.666666666666667,,124,2026-04-13,2026-10-07,13.19,12.98,13.0,15.135425708243275,15.834297120310387,15.99223790370603,0.8439000600991903,False,False,9.737308385759889,Medical Instruments,2026-09-04,momentum_4.9.2026
584,EPR,FAIL,1_no_uptrend_stack,not in general uptrend (need EMA20 > EMA40 > EMA50),,,,,,,,-3.81,,,,1.77,1.0294647494374074,-154.72695243687556,0.0,,124,2026-04-13,2026-10-07,55.08,54.04,54.08,56.8664787965035,58.00295133386448,58.28507599676316,1.1031834906489013,False,False,3.0598654511341565,REIT,2026-09-04,momentum_4.9.2026
585,ACGL,FAIL,1_no_uptrend_stack,not in general uptrend (need EMA20 > EMA40 > EMA50),,,,,,,,-1.31,,,,1.07,0.3101130210920077,74.44953128406502,0.0,,124,2026-04-13,2026-10-07,94.82,94.19,94.33,95.3220500492878,96.40797002141738,96.67234853404568,1.7936499828894807,False,False,2.85219439662273,Insurance,2026-09-04,momentum_4.9.2026
586,SCI,FAIL,1_no_uptrend_stack,not in general uptrend (need EMA20 > EMA40 > EMA50),,,,,,,,-1.7,,,,0.85,1.2098740030850257,86.80164979377604,1.0829889807162376,,124,2026-04-13,2026-10-07,77.21,76.51,76.86,78.14649268052914,79.3236260285138,79.54627986256725,1.5821754278971492,False,False,3.0877740591279257,Funeral Services & Related,2026-09-04,momentum_4.9.2026
587,CUZ,FAIL,1_no_uptrend_stack,not in general uptrend (need EMA20 > EMA40 > EMA50),,,,,,,,-1.75,,,,0.63,0.4830353077744721,-53.73635600335615,0.0,,124,2026-04-13,2026-10-07,27.34,27.12,27.53,28.10786345096316,28.564335805425387,28.66337762185819,0.6474488873520333,False,True,3.527690995379767,REIT,2026-09-04,momentum_4.9.2026
588,TROW,FAIL,1_no_uptrend_stack,not in general uptrend (need EMA20 > EMA40 > EMA50),,,,,,,,-1.74,,,,0.53,1.228185886799874,-59.62285080421566,0.9612983770287229,,124,2026-04-13,2026-10-07,103.35,102.54,104.07,105.29087039908312,107.1563255131139,107.67088040481352,2.0743342490261716,False,True,2.9898158677229345,Finance,2026-09-04,momentum_4.9.2026
589,CARS,FAIL,1_no_uptrend_stack,not in general uptrend (need EMA20 > EMA40 > EMA50),,,,,,,,-3.19,,,,1.14,2.09717377128192,-102.29735587342851,1.6161616161616164,,124,2026-04-13,2026-10-07,9.39,9.1,9.54,10.535671525870807,10.965380490805625,11.042463302848054,0.4711750276424842,False,True,7.408412384315791,Internet Commerce,2026-09-04,momentum_4.9.2026
590,ZION,FAIL,1_no_uptrend_stack,not in general uptrend (need EMA20 > EMA40 > EMA50),,,,,,,,-3.09,,,,0.55,0.6838484225350814,-95.19505949691226,0.0,,124,2026-04-13,2026-10-07,62.06,61.37,61.92,64.26837255874746,65.7767608259656,66.1346550356352,1.3647486854609099,False,False,3.3060772419111184,Banks,2026-09-04,momentum_4.9.2026
591,PTEN,FAIL,1_no_uptrend_stack,not in general uptrend (need EMA20 > EMA40 > EMA50),,,,,,,,-0.39,,,,0.74,0.663040325521674,17.343879239041577,0.0,,124,2026-04-13,2026-10-07,11.43,11.1,11.23,11.44888119196805,11.468410812314502,11.418365364255394,0.4889695119125215,False,False,6.53120452242905,Oil & Gas,2026-09-04,momentum_4.9.2026
592,ORI,FAIL,1_no_uptrend_stack,not in general uptrend (need EMA20 > EMA40 > EMA50),,,,,,,,-3.5,,,,1.08,0.6716316271498213,13.77410468320047,0.0,,124,2026-04-13,2026-10-07,37.87,37.71,37.71,38.84937892324835,39.842619776053255,40.09402337839335,0.6808682038715286,False,False,2.708306300204966,Insurance,2026-09-04,momentum_4.9.2026
593,BHP,FAIL,1_no_uptrend_stack,not in general uptrend (need EMA20 > EMA40 > EMA50),,,,,,,,-0.97,,,,0.83,0.9094785977601473,-48.210254756530475,0.0,,124,2026-04-13,2026-10-07,85.33,84.56,85.22,86.55064090653013,87.30377060671304,87.30217186288013,2.1528928518639194,False,False,3.789414782675286,Mining,2026-09-02,momentum_2.9.2026
594,FTI,FAIL,1_no_uptrend_stack,not in general uptrend (need EMA20 > EMA40 > EMA50),,,,,,,,-1.92,,,,0.73,0.9113779523749626,-39.92444965481268,0.0,,124,2026-04-13,2026-10-07,69.81,67.55,68.4,71.19213260389752,72.43130898982074,72.60453437076289,2.1944009710285766,False,False,4.812282831203019,Oil,2026-09-02,momentum_2.9.2026
595,SLS,FAIL,1_no_uptrend_stack,not in general uptrend (need EMA20 > EMA40 > EMA50),,,,,,,,-0.79,,,,0.72,0.5318768957574339,-94.03609466259925,1.1338169570567949,,124,2026-04-13,2026-10-07,11.28,11.1451,11.31,11.87126629393242,12.049937621514392,11.966779525540714,0.8265192201544348,False,True,10.96179337074847,Medical,2026-09-02,momentum_2.9.2026
596,NEWP,FAIL,3_risk_guard,risk_pct 9.04 > max_risk_pct 8.0,EMA40/50,,,6.18,5.6214638913115085,7.017804163032737,9.03780111146426,0.32,,,,0.97,0.9587068401311525,-144.91362763915447,0.0,7,124,2026-04-13,2026-10-07,6.16,5.895,6.18,6.299147983058759,6.1581753871984,6.061123826411821,0.3723574057923275,True,True,9.03780111146426,Mining,2026-09-02,momentum_2.9.2026
597,REGN,FAIL,1_no_uptrend_stack,not in general uptrend (need EMA20 > EMA40 > EMA50),,,,,,,,-1.12,,,,0.97,0.9857890545773809,66.77545274204935,1.2831613041450713,,124,2026-04-13,2026-10-07,738.05,734.18,742.12,765.8654443790839,769.0467003737547,765.0632204489788,20.552596510037528,False,True,4.154165736680899,Medical,2026-09-02,momentum_2.9.2026
598,WDAY,FAIL,2_no_bounce,EMA20 not rising,,,,,,,,0.28,,,,0.59,0.7000398404962487,-107.28346456692891,0.0,,124,2026-04-13,2026-10-07,186.83,183.76,184.26,188.93400338053792,185.33773131405567,182.21507825538336,7.430718613010534,True,False,6.049103397110497,Internet,2026-09-02,momentum_2.9.2026
599,EVER,FAIL,1_no_uptrend_stack,not in general uptrend (need EMA20 > EMA40 > EMA50),,,,,,,,-2.59,,,,0.41,0.5290617405711253,-36.27450980392203,0.895196506550226,,124,2026-04-13,2026-10-07,19.18,19.12,19.39,20.703368544774722,21.96696738185673,22.21154966182379,1.091296791245791,False,True,8.442213444397558,Internet,2026-09-02,momentum_2.9.2026
600,KURA,FAIL,1_no_uptrend_stack,not in general uptrend (need EMA20 > EMA40 > EMA50),,,,,,,,-0.89,,,,1.02,0.5412279856827307,-7.6291079812190885,1.666666666666647,,124,2026-04-13,2026-10-07,10.44,10.32,10.67,11.064645110847195,11.189108167161567,11.145253283902688,0.5355401207383125,False,True,7.528680235308986,Medical,2026-09-02,momentum_2.9.2026
601,PATH,FAIL,1_no_uptrend_stack,not in general uptrend (need EMA20 > EMA40 > EMA50),,,,,,,,-1.07,,,,0.82,0.48826045536291374,-79.87711213517903,0.0,,124,2026-04-13,2026-10-07,13.13,12.93,13.07,13.480424977732016,13.827350027708821,13.7854571703187,0.6659420835521085,False,False,7.64279361383445,Internet,2026-09-02,momentum_2.9.2026
602,ACAD,FAIL,1_no_uptrend_stack,not in general uptrend (need EMA20 > EMA40 > EMA50),,,,,,,,-5.86,,,,0.92,0.5899185566957712,-159.90453460620648,0.0,,124,2026-04-13,2026-10-07,19.6,19.45,19.65,22.841743002089117,24.585522252800207,24.884178571734132,0.893574447837534,False,True,6.821178991126215,Medical,2026-09-02,momentum_2.9.2026
603,CAH,FAIL,1_no_uptrend_stack,not in general uptrend (need EMA20 > EMA40 > EMA50),,,,,,,,0.38,,,,0.66,0.6388720620585138,61.84076216400124,0.0,,124,2026-04-13,2026-10-07,233.61,230.61,232.16,229.29306053067998,230.25230920320868,230.01988698714024,5.570734471941376,False,False,3.5992857115403445,Medical,2026-09-02,momentum_2.9.2026
604,DASH,FAIL,1_no_uptrend_stack,not in general uptrend (need EMA20 > EMA40 > EMA50),,,,,,,,-0.86,,,,0.8,0.4541939603966826,43.54695992921259,0.0,,124,2026-04-13,2026-10-07,191.71,189.08,191.24,193.7797151258781,197.65831134124463,197.5296040995863,7.343131440541406,False,False,5.75961993349305,Internet,2026-09-02,momentum_2.9.2026
605,AHR,FAIL,1_no_uptrend_stack,not in general uptrend (need EMA20 > EMA40 > EMA50),,,,,,,,-3.38,,,,0.56,1.525885118351749,-146.11872146118773,0.0,,124,2026-04-13,2026-10-07,50.49,49.31,49.37,51.89029579054779,52.837463727975184,52.97591297491045,1.0669344891641097,False,False,3.241648235256562,REIT,2026-09-02,momentum_2.9.2026
606,CCK,FAIL,1_no_uptrend_stack,not in general uptrend (need EMA20 > EMA40 > EMA50),,,,,,,,-1.88,,,,0.77,0.7338794024389754,72.14428857715275,0.0,,124,2026-04-13,2026-10-07,106.92,106.73,107.1,108.9449574239675,111.00970127541554,111.31484051574462,2.2454126789323716,False,True,3.144835684779232,Containers,2026-09-02,momentum_2.9.2026
607,AMCR,FAIL,1_no_uptrend_stack,not in general uptrend (need EMA20 > EMA40 > EMA50),,,,,,,,-2.45,,,,0.87,0.9078846435900199,-110.11904761904732,0.0,,124,2026-04-13,2026-10-07,41.53,41.2,41.26,42.58084077494941,43.348724635430656,43.456279986047505,0.8979121894294129,False,False,3.2643438781970904,Containers,2026-09-02,momentum_2.9.2026
608,ETSY,FAIL,1_no_uptrend_stack,not in general uptrend (need EMA20 > EMA40 > EMA50),,,,,,,,-1.24,,,,0.96,0.6631129854405291,-50.536212722198634,0.0,,124,2026-04-13,2026-10-07,71.22,70.64,71.49,72.72653569555746,74.69688771116003,75.04307449372384,2.8703627496912434,False,True,6.022582353527579,Internet Commerce,2026-09-02,momentum_2.9.2026
609,RAMP,FAIL,2_no_bounce,latest candle not green,,,,,,,,0.68,,,,0.93,0.5456491884093511,-87.71929824562879,0.0,,124,2026-04-13,2026-10-07,37.72,37.6,37.61,37.64305048299881,37.60370100219973,37.495881028192464,0.16830414859664572,True,False,0.6712476014224106,Technology Services,2026-09-02,momentum_2.9.2026
610,DLTR,FAIL,1_no_uptrend_stack,not in general uptrend (need EMA20 > EMA40 > EMA50),,,,,,,,-0.81,,,,0.43,0.5298219574087472,89.9443284620727,0.0,,124,2026-04-13,2026-10-07,116.77,115.56,116.3,116.3113157166639,118.97604551666187,119.37318775973995,3.808996157006585,False,False,4.91272075280299,Retail,2026-09-02,momentum_2.9.2026
611,FRPT,FAIL,1_no_uptrend_stack,not in general uptrend (need EMA20 > EMA40 > EMA50),,,,,,,,0.09,,,,0.6,1.1526645938327464,93.30078654732849,0.0,,124,2026-04-13,2026-10-07,63.0,62.45,63.25,61.66209941312759,62.970557172166714,63.04662402817257,2.2199300766309364,False,True,5.2646563082156606,Food,2026-09-02,momentum_2.9.2026
612,GKOS,FAIL,1_no_uptrend_stack,not in general uptrend (need EMA20 > EMA40 > EMA50),,,,,,,,1.0,,,,0.95,2.2471838698117614,166.46266829865243,0.0,,124,2026-04-13,2026-10-07,161.0,159.59,172.18,165.04476322414004,166.22565548970118,165.34562004786082,6.836280411384572,False,True,5.95563980548081,Medical Instruments,2026-09-02,momentum_2.9.2026
613,DYN,FAIL,1_no_uptrend_stack,not in general uptrend (need EMA20 > EMA40 > EMA50),,,,,,,,-4.13,,,,0.96,1.07396045457297,68.75753920385984,1.5277777777777968,,124,2026-04-13,2026-10-07,15.37,15.24,15.97,17.352911342355732,19.36411528372821,19.89490063741499,0.9495952854871824,False,True,8.919179262559634,Medical,2026-09-02,momentum_2.9.2026
614,BALL,FAIL,1_no_uptrend_stack,not in general uptrend (need EMA20 > EMA40 > EMA50),,,,,,,,-2.06,,,,1.01,1.9789344559238284,80.60027827469855,0.0,,124,2026-04-13,2026-10-07,57.01,56.9,57.48,58.409966709798745,59.7044106657993,60.01831991726556,1.2315154541052642,False,True,3.2137668426546564,Containers,2026-09-02,momentum_2.9.2026
615,WELL,FAIL,1_no_uptrend_stack,not in general uptrend (need EMA20 > EMA40 > EMA50),,,,,,,,-2.18,,,,0.83,0.8808197840629776,-129.80511353477613,0.0,,124,2026-04-13,2026-10-07,225.8,220.87,221.12,230.0145708514037,231.9209525844274,231.86705788389463,4.9335044029037025,False,False,3.346715179249075,REIT,2026-09-02,momentum_2.9.2026
616,WFC,FAIL,1_no_uptrend_stack,not in general uptrend (need EMA20 > EMA40 > EMA50),,,,,,,,-2.39,,,,1.43,1.1014594850445885,-48.41779681180062,0.0,,124,2026-04-13,2026-10-07,80.48,79.07,80.26,83.04990766981774,84.42082837549,84.64756770184086,1.8342090774129671,False,False,3.428001016844568,Finance,2026-09-02,momentum_2.9.2026
617,TTC,FAIL,2_no_bounce,latest candle not green,,,,,,,,0.17,,,,1.5,0.7429798814349551,-89.17167095605762,0.0,,124,2026-04-13,2026-10-07,97.94,95.4,96.42,96.61556244378235,96.18945918151164,96.03788364232874,2.2324279221758387,True,False,3.4729743655504643,Tools,2026-09-02,momentum_2.9.2026
618,TIGO,FAIL,1_no_uptrend_stack,not in general uptrend (need EMA20 > EMA40 > EMA50),,,,,,,,-0.57,,,,0.56,0.5974073557485131,68.30992022199109,0.0,,124,2026-04-13,2026-10-07,90.44,90.0,90.77,91.55821861095899,92.48355359726264,92.51741034041575,3.045461031667762,False,True,5.032710749698847,Wireless Non-US,2026-09-02,momentum_2.9.2026
619,FNKO,FAIL,1_no_uptrend_stack,not in general uptrend (need EMA20 > EMA40 > EMA50),,,,,,,,1.85,,,,1.39,1.0405589486800035,97.89343246592324,0.0,,124,2026-04-13,2026-10-07,6.1,6.08,6.31,5.742986351575076,5.7542137456817235,5.740927460178143,0.3076295358328949,False,True,7.312904972255821,Toys & Game & Hobby,2026-09-02,momentum_2.9.2026
620,RLI,FAIL,1_no_uptrend_stack,not in general uptrend (need EMA20 > EMA40 > EMA50),,,,,,,,-2.99,,,,0.53,1.7339333037275046,-114.99493414387337,0.0,,124,2026-04-13,2026-10-07,55.99,55.52,55.54,57.72795919177587,59.18867825662401,59.40731862820466,1.2932005820007921,False,False,3.4926195048635007,Insurance,2026-09-02,momentum_2.9.2026
621,JKHY,FAIL,1_no_uptrend_stack,not in general uptrend (need EMA20 > EMA40 > EMA50),,,,,,,,-1.77,,,,0.8,0.6039731907825042,119.95048214751087,0.0,,124,2026-04-13,2026-10-07,144.41,144.41,145.69,149.7985444250067,152.59270280144452,152.7253902320118,3.9685520077662577,False,True,4.085955118161429,IT Services,2026-09-02,momentum_2.9.2026
622,XIFR,FAIL,1_no_uptrend_stack,not in general uptrend (need EMA20 > EMA40 > EMA50),,,,,,,,-2.71,,,,0.59,1.6627792337653784,-61.61137440758186,0.0,,124,2026-04-13,2026-10-07,10.25,10.14,10.36,10.722976216264938,11.059038506775401,11.153263418396325,0.2930761548150094,False,True,4.243380619908438,Other Alt Energy,2026-09-02,momentum_2.9.2026
623,LXRX,FAIL,1_no_uptrend_stack,not in general uptrend (need EMA20 > EMA40 > EMA50),,,,,,,,-2.8,,,,0.64,0.29709881565645485,-65.97271733447444,1.4279331035363234,,124,2026-04-13,2026-10-07,1.73,1.7137,1.76,1.927339449050159,2.0390946647996473,2.0664176153798754,0.10935115265502268,False,True,9.31970051037125,Medical,2026-09-02,momentum_2.9.2026
624,RZLT,FAIL,1_no_uptrend_stack,not in general uptrend (need EMA20 > EMA40 > EMA50),,,,,,,,0.13,,,,0.54,1.0077543244414493,88.812705110173,0.0,,124,2026-04-13,2026-10-07,4.29,4.23,4.38,4.200512500322088,4.310802912179318,4.339076212506268,0.3142929949057028,False,True,10.763458729647356,Medical,2026-09-02,momentum_2.9.2026
625,QTTB,FAIL,1_no_uptrend_stack,not in general uptrend (need EMA20 > EMA40 > EMA50),,,,,,,,-4.33,,,,0.25,0.4564631839027305,-111.01398601398512,0.0,,124,2026-04-13,2026-10-07,8.0,7.83,7.99,9.737857475628678,11.17033760585523,11.50489550020809,0.8119081070350975,False,False,15.242329919307213,Medical,2026-09-01,momentum_1.9.2026
626,UNP,FAIL,1_no_uptrend_stack,not in general uptrend (need EMA20 > EMA40 > EMA50),,,,,,,,-1.84,,,,1.08,0.8093285734104351,19.42789674233854,0.0,,124,2026-04-13,2026-10-07,276.64,274.53,274.68,278.689395897162,282.8467013619155,283.43836131666114,4.7628240715370165,False,False,2.6009305764182047,Transportation,2026-09-01,momentum_1.9.2026
627,NSC,FAIL,1_no_uptrend_stack,not in general uptrend (need EMA20 > EMA40 > EMA50),,,,,,,,-1.93,,,,1.36,0.754770829226892,6.8404856952762465,0.0,,124,2026-04-13,2026-10-07,314.66,312.87,313.2,317.425137329308,322.27323618688905,323.2301288875999,5.206944916272061,False,False,2.493747565264397,Transportation,2026-09-01,momentum_1.9.2026
628,KHC,FAIL,1_no_uptrend_stack,not in general uptrend (need EMA20 > EMA40 > EMA50),,,,,,,,-3.75,,,,0.99,0.9657539757307781,-47.22222222222195,1.3768115942028931,,129,2026-04-06,2026-10-07,22.16,21.8,21.98,23.360133342066664,24.027359931115683,24.16962131597013,0.5846051220833435,False,False,3.989570896838104,Food,2026-09-01,momentum_1.9.2026
629,TRU,FAIL,1_no_uptrend_stack,not in general uptrend (need EMA20 > EMA40 > EMA50),,,,,,,,-3.71,,,,0.87,1.1283890166213644,-51.25158428390415,0.0,,124,2026-04-13,2026-10-07,63.55,61.78,62.82,68.62786900300384,72.4492784534874,73.26251698054742,2.815272585179001,False,False,6.722236354295609,Business Information,2026-09-01,momentum_1.9.2026
630,MGY,FAIL,1_no_uptrend_stack,not in general uptrend (need EMA20 > EMA40 > EMA50),,,,,,,,-1.68,,,,0.71,0.8718375991207219,140.5228758169937,0.0,,124,2026-04-13,2026-10-07,24.2,23.7,24.33,24.79442606042644,25.432082993113944,25.631707833717822,0.7767806253684209,False,True,4.789029749497047,Oil,2026-09-01,momentum_1.9.2026
631,TMCI,FAIL,1_no_uptrend_stack,not in general uptrend (need EMA20 > EMA40 > EMA50),,,,,,,,-1.99,,,,0.41,1.3381881269793656,-133.92857142857184,1.4696485623003108,,124,2026-04-13,2026-10-07,3.98,3.82,3.89,4.403808845922632,4.431778510719422,4.396421128626818,0.25461774097600987,False,False,9.818164819126345,Medical Instruments,2026-09-01,momentum_1.9.2026
632,LYV,FAIL,1_no_uptrend_stack,not in general uptrend (need EMA20 > EMA40 > EMA50),,,,,,,,-0.77,,,,0.78,0.5639010355241906,55.210060807075806,0.0,,124,2026-04-13,2026-10-07,170.8,168.96,170.84,171.23754802762923,173.38531015871934,173.8977257118574,3.9955387697466374,False,True,3.50814104110276,Movie & TV Production & Dist,2026-09-01,momentum_1.9.2026
633,CCCC,FAIL,1_no_uptrend_stack,not in general uptrend (need EMA20 > EMA40 > EMA50),,,,,,,,-3.03,,,,0.74,0.5722343628974071,-95.02551020408154,1.0773480662983423,,124,2026-04-13,2026-10-07,2.85,2.82,2.82,3.200922936621066,3.4066950768331323,3.461738754286111,0.21166992476524552,False,False,11.259038551342847,Medical,2026-09-01,momentum_1.9.2026
634,SMWB,PASS,,green candle bounced off EMA50,EMA50,14,0.63,8.13,7.507652923608104,9.063520614587846,7.65494558907622,0.7,2.2,0.61,False,0.61,0.4936267299740461,11.204481792715834,0.0,,124,2026-04-13,2026-10-07,8.0,7.91,8.13,8.101342377343302,7.996516744258294,7.83902278816554,0.414898050927931,True,True,7.654945589076216,Internet,2026-08-31,momentum_31.8.2026
635,QNST,FAIL,1_no_uptrend_stack,not in general uptrend (need EMA20 > EMA40 > EMA50),,,,,,,,-1.82,,,,1.64,0.8869840370467531,166.66666666666856,0.0,,124,2026-04-13,2026-10-07,14.96,14.96,15.4,15.918977128153319,16.626393949311712,16.66647807679225,0.6962871211736043,False,True,6.782017414028613,Internet Services,2026-08-31,momentum_31.8.2026
636,OCSL,FAIL,1_no_uptrend_stack,not in general uptrend (need EMA20 > EMA40 > EMA50),,,,,,,,-2.85,,,,0.91,1.1026909092250392,-128.75197472353815,1.6666666666666776,,124,2026-04-13,2026-10-07,11.7,11.5,11.65,12.150747344148977,12.321106275032253,12.339474046821913,0.24211343360883555,False,False,3.1173403468948786,Finance,2026-08-31,momentum_31.8.2026
637,WAB,FAIL,2_no_bounce,latest candle not green,,,,,,,,-0.51,,,,1.07,1.1450876280781073,-104.27908738047866,0.0,,124,2026-04-13,2026-10-07,287.85,280.31,282.44,287.28937793115705,286.46688381719287,285.6776451502604,6.294715593086841,True,False,3.3430368891199054,Transportation,2026-08-31,momentum_31.8.2026
638,CSX,FAIL,1_no_uptrend_stack,not in general uptrend (need EMA20 > EMA40 > EMA50),,,,,,,,-1.79,,,,1.01,0.7000314465963675,-5.295429208473187,0.0,,124,2026-04-13,2026-10-07,47.43,46.76,46.81,47.53515709422918,48.20437497049878,48.32062045994315,0.8440743118871497,False,False,2.704788438006247,Transportation,2026-08-31,momentum_31.8.2026
639,AMBP,FAIL,1_no_uptrend_stack,not in general uptrend (need EMA20 > EMA40 > EMA50),,,,,,,,-2.12,,,,0.38,1.216850401490057,-27.027027027025785,0.0,,124,2026-04-13,2026-10-07,4.41,4.36,4.4,4.5445080940498706,4.668111909951047,4.683239054380284,0.13357455406239285,False,False,4.553677979399756,Containers,2026-08-31,momentum_31.8.2026
640,CBRL,FAIL,2_no_bounce,candle did not touch EMA20 & EMA40,,,,,,,,1.8,,,,1.16,0.35627346767169266,67.542827252517,0.0,,124,2026-04-13,2026-10-07,55.9,55.55,56.4,52.56173896394938,52.23280208501317,51.86543285595096,2.5201557855402807,True,True,6.702541982819896,Retail,2026-08-31,momentum_31.8.2026
641,MCO,FAIL,1_no_uptrend_stack,not in general uptrend (need EMA20 > EMA40 > EMA50),,,,,,,,-2.11,,,,0.99,0.7701837953034817,12.791606541608196,0.0,,124,2026-04-13,2026-10-07,449.13,443.4,449.63,462.032895364371,470.3145836321298,471.76254825277806,10.467425517580152,False,True,3.4920130499233206,Finance,2026-08-31,momentum_31.8.2026
642,JAZZ,FAIL,1_no_uptrend_stack,not in general uptrend (need EMA20 > EMA40 > EMA50),,,,,,,,-1.62,,,,1.35,0.8512372920698529,-65.30214424951185,0.6618684730454294,,124,2026-04-13,2026-10-07,229.62,229.07,231.19,237.50009102453993,240.72629949926372,241.05884467257818,6.091780102307567,False,True,3.952450431879125,Medical,2026-08-31,momentum_31.8.2026
643,CNI,FAIL,1_no_uptrend_stack,not in general uptrend (need EMA20 > EMA40 > EMA50),,,,,,,,-2.72,,,,1.08,0.7775316672904752,-122.43962091103516,0.0,,124,2026-04-13,2026-10-07,117.89,115.56,115.75,119.87917595808318,121.36874387137532,121.62635009262269,2.1589520783078533,False,False,2.7977780712412783,Transportation,2026-08-31,momentum_31.8.2026
644,IMVT,FAIL,1_no_uptrend_stack,not in general uptrend (need EMA20 > EMA40 > EMA50),,,,,,,,-3.49,,,,1.16,0.8688805586338926,-93.27336722721867,1.6666666666666559,,124,2026-04-13,2026-10-07,31.72,31.58,32.04,35.02599820309975,36.67754919264401,36.93525666863581,1.4041786755076606,False,True,6.57387020368755,Medical,2026-08-31,momentum_31.8.2026
645,BAC,FAIL,1_no_uptrend_stack,not in general uptrend (need EMA20 > EMA40 > EMA50),,,,,,,,-4.53,,,,1.36,0.8883833056064075,-109.95623632385174,0.0,,124,2026-04-13,2026-10-07,53.19,52.91,53.52,56.40262805852174,58.14487752610061,58.44869061676438,1.0868146996862287,False,True,3.046005324232704,Finance,2026-08-31,momentum_31.8.2026
646,FWONK,FAIL,1_no_uptrend_stack,not in general uptrend (need EMA20 > EMA40 > EMA50),,,,,,,,-0.3,,,,1.05,0.6905753529881383,62.94007759735578,0.0,,124,2026-04-13,2026-10-07,95.54,94.28,95.52,94.91819318805567,96.11082651689266,96.29179709483861,2.552207426500488,False,False,4.007863421012073,Media Conglomerates,2026-08-31,momentum_31.8.2026
647,IBN,FAIL,1_no_uptrend_stack,not in general uptrend (need EMA20 > EMA40 > EMA50),,,,,,,,-1.88,,,,0.5,1.1488697547798399,60.832202623247014,0.0,,124,2026-04-13,2026-10-07,27.98,27.75,27.86,28.13238430626594,28.58284835785542,28.667733424334596,0.4287953725298974,False,False,2.308661373994423,Banks,2026-08-31,momentum_31.8.2026
648,SYF,FAIL,1_no_uptrend_stack,not in general uptrend (need EMA20 > EMA40 > EMA50),,,,,,,,-1.68,,,,1.24,0.7939350651894724,14.85148514851559,0.0,,124,2026-04-13,2026-10-07,71.17,71.15,71.93,73.27500614877279,74.59805200316437,74.86226132975028,1.7461278910346276,False,True,3.6413065988487987,Finance,2026-08-31,momentum_31.8.2026
649,MDLZ,FAIL,1_no_uptrend_stack,not in general uptrend (need EMA20 > EMA40 > EMA50),,,,,,,,-1.34,,,,0.82,0.9450329334062693,97.89552799699325,0.0,,124,2026-04-13,2026-10-07,59.77,59.32,59.38,60.08950244397966,60.81763732829769,60.948762407472024,1.17421594730062,False,False,2.9661905034539067,Food,2026-08-31,momentum_31.8.2026
650,KVUE,FAIL,1_no_uptrend_stack,not in general uptrend (need EMA20 > EMA40 > EMA50),,,,,,,,-2.19,,,,1.3,0.5903922049391256,91.06529209621928,1.6666666666666512,,124,2026-04-13,2026-10-07,17.62,17.52,17.53,17.78359021258469,18.117429462211255,18.203618886872253,0.30803636617349217,False,False,2.6357932074172177,Consumer Prdts,2026-08-31,momentum_31.8.2026
651,LW,FAIL,1_no_uptrend_stack,not in general uptrend (need EMA20 > EMA40 > EMA50),,,,,,,,0.2,,,,1.24,1.9158467915195525,85.6573705179283,0.0,,124,2026-04-13,2026-10-07,48.94,47.93,48.09,46.075009528290586,47.47097862526365,47.71393629570498,1.8974207282510327,False,False,5.918342882879078,Food,2026-08-31,momentum_31.8.2026
652,SON,FAIL,1_no_uptrend_stack,not in general uptrend (need EMA20 > EMA40 > EMA50),,,,,,,,-3.17,,,,1.31,0.8386880046957256,-125.04485109436797,0.0,,124,2026-04-13,2026-10-07,47.72,47.38,47.74,49.64573551833675,51.2750660262434,51.761005403853645,1.2703691435991384,False,True,3.99152433053772,Containers,2026-08-31,momentum_31.8.2026
653,ECL,FAIL,1_no_uptrend_stack,not in general uptrend (need EMA20 > EMA40 > EMA50),,,,,,,,0.27,,,,1.11,1.135572292415069,66.67914171656702,0.0,,124,2026-04-13,2026-10-07,279.02,277.31,278.1,276.6386917546464,276.86571374579046,276.6401509856495,5.346674466342504,False,False,2.8838589354598185,Chemical,2026-08-31,momentum_31.8.2026
654,DNLI,FAIL,1_no_uptrend_stack,not in general uptrend (need EMA20 > EMA40 > EMA50),,,,,,,,-3.27,,,,0.62,0.6776322727964224,-101.63551401869162,1.5694935217903252,,124,2026-04-13,2026-10-07,18.95,18.89,19.16,20.664299230870853,21.56775856850218,21.808363481734656,0.8088093175704669,False,True,6.332014490374219,Medical,2026-08-31,momentum_31.8.2026
655,EMN,FAIL,1_no_uptrend_stack,not in general uptrend (need EMA20 > EMA40 > EMA50),,,,,,,,-2.93,,,,0.97,1.4827069904209689,-98.10874704491765,0.0,,124,2026-04-13,2026-10-07,64.03,62.94,63.25,66.13584998771725,67.78448266036926,68.30602073883978,1.7256315884060438,False,False,4.092406929026191,Chemical,2026-08-31,momentum_31.8.2026
656,CP,FAIL,1_no_uptrend_stack,not in general uptrend (need EMA20 > EMA40 > EMA50),,,,,,,,-3.08,,,,0.53,1.297385404852193,-91.75084175084113,0.0,,124,2026-04-13,2026-10-07,84.85,83.54,83.63,87.03563577692987,88.48567184123887,88.76850545555611,1.6709413477300095,False,False,2.997025016854017,Transportation,2026-08-28,momentum_28.8.2026
657,LAUR,PASS,,green candle bounced off EMA20 & EMA40,EMA20/40,23,0.56,38.56,36.977083369983895,40.93437494502416,4.105074247967084,1.25,8.2,0.56,False,0.56,2.0115393926624776,0.0,0.5735930735930802,,124,2026-04-13,2026-10-07,37.98,37.97,38.56,37.614554414848094,37.3516248519148,37.24430509563121,1.055277753344074,True,True,4.105074247967093,Schools,2026-08-28,momentum_28.8.2026
658,IMNM,FAIL,1_no_uptrend_stack,not in general uptrend (need EMA20 > EMA40 > EMA50),,,,,,,,-3.93,,,,0.56,0.7423788381344265,-114.91739552964054,1.6666666666666774,,124,2026-04-13,2026-10-07,18.94,18.93,19.09,22.46791179925941,23.589610476254027,23.73323208231022,1.1814498835485547,False,True,9.283262573718345,Medical,2026-08-28,momentum_28.8.2026
659,APLE,FAIL,2_no_bounce,latest candle not green,,,,,,,,0.07,,,,0.49,1.2008008543640245,-125.60386473429946,0.0,,124,2026-04-13,2026-10-07,16.21,15.99,16.04,16.085144510555295,16.04470711072346,16.017699434466856,0.3188340321771378,True,False,2.9816150141253535,REIT,2026-08-28,momentum_28.8.2026
660,SRTA,FAIL,1_no_uptrend_stack,not in general uptrend (need EMA20 > EMA40 > EMA50),,,,,,,,-3.07,,,,0.5,0.8496166349941469,-134.71502590673512,0.0,,124,2026-04-13,2026-10-07,4.74,4.65,4.68,5.112384276979997,5.279985251983457,5.3142323847445265,0.20633877302609877,False,False,6.61342221237496,Medical Services,2026-08-28,momentum_28.8.2026
661,CDP,FAIL,1_no_uptrend_stack,not in general uptrend (need EMA20 > EMA40 > EMA50),,,,,,,,-2.35,,,,0.59,0.8363810613429957,-30.651340996169008,0.0,,124,2026-04-13,2026-10-07,33.55,33.17,33.39,34.1675462643369,34.85399292360718,35.00243256013296,0.686938870304753,False,False,3.085978752492151,REIT,2026-08-28,momentum_28.8.2026
662,PTGX,FAIL,1_no_uptrend_stack,not in general uptrend (need EMA20 > EMA40 > EMA50),,,,,,,,-0.02,,,,0.72,1.72027144395986,81.99233716474971,1.4987789987790066,,124,2026-04-13,2026-10-07,137.34,137.25,140.92,142.0382862003972,142.11510900227992,141.03433731774828,5.123193601580392,False,True,5.453300030067123,Medical,2026-08-28,momentum_28.8.2026
663,UMAC,FAIL,1_no_uptrend_stack,not in general uptrend (need EMA20 > EMA40 > EMA50),,,,,,,,-0.85,,,,1.34,1.6035042828020376,-127.13472485768526,0.0,,124,2026-04-13,2026-10-07,21.6,20.64,21.88,23.24859109938979,23.494833698270767,23.393436535470236,1.778235183121078,False,True,12.190826209696606,Wireless Equipment,2026-08-28,momentum_28.8.2026
664,CARG,FAIL,1_no_uptrend_stack,not in general uptrend (need EMA20 > EMA40 > EMA50),,,,,,,,-3.38,,,,0.49,2.084098338464242,-109.51902128372716,1.6134997688395711,,124,2026-04-13,2026-10-07,28.69,27.79,28.77,31.402678322418616,32.7270965471539,33.026404057066365,1.2588237655316723,False,True,6.563210456369512,Internet Commerce,2026-08-28,momentum_28.8.2026
665,AON,FAIL,1_no_uptrend_stack,not in general uptrend (need EMA20 > EMA40 > EMA50),,,,,,,,-5.49,,,,0.5,0.664017259333603,-32.06997084548142,0.0,,124,2026-04-13,2026-10-07,275.07,269.72,270.47,287.21912838801865,304.72862015970003,310.1652813015215,7.228515926621426,False,False,4.0088637889348675,Insurance,2026-08-28,momentum_28.8.2026
666,RPD,FAIL,3_risk_guard,risk_pct 10.08 > max_risk_pct 8.0,EMA20/40,,,12.49,11.231504808994183,14.377742786508726,10.076022345923278,1.04,,,,0.56,1.467645373967193,24.999999999999446,0.0,9,124,2026-04-13,2026-10-07,12.02,11.88,12.49,12.144612139767903,11.835663051697917,11.615958383662571,0.8389967940038779,True,True,10.076022345923272,Internet,2026-08-28,momentum_28.8.2026
667,ASB,FAIL,1_no_uptrend_stack,not in general uptrend (need EMA20 > EMA40 > EMA50),,,,,,,,-2.51,,,,1.48,0.9497697113884976,-94.99999999999983,0.0,,124,2026-04-13,2026-10-07,28.62,28.16,28.41,29.276967594581237,29.749100799949534,29.841922621563302,0.5712792679018697,False,False,3.016258014265415,Banks,2026-08-28,momentum_28.8.2026
668,MRSH,FAIL,1_no_uptrend_stack,not in general uptrend (need EMA20 > EMA40 > EMA50),,,,,,,,-1.14,,,,0.59,1.2937811387782383,62.27106227105759,0.0,,124,2026-04-13,2026-10-07,172.35,166.48,173.66,174.0811507066827,177.2814451879408,177.83750117985178,3.67475375531146,False,True,3.1740934198820625,Business Services,2026-08-28,momentum_28.8.2026
669,FOXA,FAIL,1_no_uptrend_stack,not in general uptrend (need EMA20 > EMA40 > EMA50),,,,,,,,-0.52,,,,0.57,0.9246050940148594,68.0582735377252,1.498272884283235,,124,2026-04-13,2026-10-07,61.86,61.54,62.7,63.676369028510436,63.8179299595341,63.6161475660263,1.774204123818693,False,True,4.2445074732504615,Broadcast,2026-08-28,momentum_28.8.2026
670,ALKS,FAIL,1_no_uptrend_stack,not in general uptrend (need EMA20 > EMA40 > EMA50),,,,,,,,-2.52,,,,0.71,0.9301111524878396,-4.777357129980216,0.0,,124,2026-04-13,2026-10-07,41.34,41.16,41.45,42.92431825608135,44.66294985822857,45.06980594207576,1.437663189299171,False,True,5.202641215799171,Medical,2026-08-28,momentum_28.8.2026
671,MAS,FAIL,1_no_uptrend_stack,not in general uptrend (need EMA20 > EMA40 > EMA50),,,,,,,,-1.1,,,,0.54,1.0524179596435241,24.884985361772397,0.0,,124,2026-04-13,2026-10-07,68.95,67.71,68.87,69.08751393156408,70.40538337201538,70.86444578089817,1.809417955855614,False,False,3.9409422590146956,Building & Construction,2026-08-28,momentum_28.8.2026
672,FIVE,FAIL,1_no_uptrend_stack,not in general uptrend (need EMA20 > EMA40 > EMA50),,,,,,,,-2.54,,,,0.95,0.9249950931369342,-122.2563173868572,1.6666666666666865,,124,2026-04-13,2026-10-07,209.92,201.68,204.24,225.04092892067086,228.09940762491215,227.56006376184874,9.19569537545355,False,False,6.753595310997025,Retail,2026-08-28,momentum_28.8.2026
673,LOAR,FAIL,1_no_uptrend_stack,not in general uptrend (need EMA20 > EMA40 > EMA50),,,,,,,,-2.29,,,,0.85,1.375714774381827,-119.81454367984495,0.0,,124,2026-04-13,2026-10-07,60.32,59.81,61.0,63.97938984735269,66.21955661413915,66.83349003081693,2.5420576461922515,False,True,6.250961425062913,Aerospace,2026-08-28,momentum_28.8.2026
674,VNO,FAIL,1_no_uptrend_stack,not in general uptrend (need EMA20 > EMA40 > EMA50),,,,,,,,-2.14,,,,0.42,0.6782899567359572,8.547008547009948,1.3603425559947349,,124,2026-04-13,2026-10-07,33.37,33.04,33.78,34.5432729003181,35.57584117519194,35.824784965464154,0.9574612266170763,False,True,4.251604025830711,REIT,2026-08-28,momentum_28.8.2026
675,USB,FAIL,1_no_uptrend_stack,not in general uptrend (need EMA20 > EMA40 > EMA50),,,,,,,,-3.87,,,,0.79,1.3682737741796636,-147.86135693215132,0.0,,124,2026-04-13,2026-10-07,56.75,55.96,56.17,58.962167088526506,60.192185802104106,60.408667788104324,1.0954668347251857,False,False,2.9254054692678984,Banks,2026-08-28,momentum_28.8.2026
676,TTAN,FAIL,1_no_uptrend_stack,not in general uptrend (need EMA20 > EMA40 > EMA50),,,,,,,,-0.09,,,,1.41,0.4647397570539318,85.73784006595248,0.0,,124,2026-04-13,2026-10-07,69.05,68.87,71.74,67.46777654064351,71.17252466017439,72.11908979406876,4.253958554207726,False,True,8.89453280082463,Internet,2026-08-27,momentum_27.8.2026
677,USFD,FAIL,1_no_uptrend_stack,not in general uptrend (need EMA20 > EMA40 > EMA50),,,,,,,,-0.76,,,,0.55,0.3345943884572485,49.397920087574576,0.0,,124,2026-04-13,2026-10-07,96.18,95.61,96.05,95.92265235531468,97.72091738495054,98.01062106109372,2.563151652650928,False,False,4.002839644951996,Food,2026-08-27,momentum_27.8.2026
678,CGON,FAIL,1_no_uptrend_stack,not in general uptrend (need EMA20 > EMA40 > EMA50),,,,,,,,-2.72,,,,0.33,0.5487211622122331,-126.33035334184765,1.2847947112039073,,124,2026-04-13,2026-10-07,62.68,61.9,62.38,70.03830225373999,71.57411909280461,71.6755855600131,3.4142155674130894,False,False,8.20988033202891,Medical,2026-08-27,momentum_27.8.2026
679,CRDO,FAIL,1_no_uptrend_stack,not in general uptrend (need EMA20 > EMA40 > EMA50),,,,,,,,1.04,,,,0.65,0.9351518767675149,26.69217982913897,0.0,,124,2026-04-13,2026-10-07,214.87,208.1,220.01,200.8463357619151,203.11771509588124,204.88345359611333,14.491696132005114,False,True,9.880252805785043,Electronics,2026-08-27,momentum_27.8.2026
680,TRVI,FAIL,1_no_uptrend_stack,not in general uptrend (need EMA20 > EMA40 > EMA50),,,,,,,,-3.88,,,,0.52,1.5199427731295443,-102.33905512528241,1.5434238397843176,,124,2026-04-13,2026-10-07,12.94,12.8407,13.14,14.661980842358567,15.550904228644594,15.769261841731375,0.6781741321447116,False,True,7.741713837268397,Medical,2026-08-27,momentum_27.8.2026
681,DFTX,FAIL,1_no_uptrend_stack,not in general uptrend (need EMA20 > EMA40 > EMA50),,,,,,,,-1.9,,,,0.45,0.7697285798498091,-85.20515124288713,1.4212392683837334,,124,2026-04-13,2026-10-07,35.4,34.92,35.09,37.78979312695538,38.834929073406066,38.84346316560279,1.9772255905420357,False,False,8.452090013716312,Medical,2026-08-27,momentum_27.8.2026
682,INGM,FAIL,1_no_uptrend_stack,not in general uptrend (need EMA20 > EMA40 > EMA50),,,,,,,,-0.04,,,,1.07,0.45889618505793595,-49.07584448693552,0.0,,124,2026-04-13,2026-10-07,27.86,27.49,27.65,27.431736947906757,27.600079716615994,27.687140203924596,0.984483042327066,False,False,5.340775998157682,Technology Services,2026-08-27,momentum_27.8.2026
683,DLR,FAIL,1_no_uptrend_stack,not in general uptrend (need EMA20 > EMA40 > EMA50),,,,,,,,-0.89,,,,0.38,1.167136272777896,53.22209436133455,0.0,,124,2026-04-13,2026-10-07,183.09,180.25,180.47,181.54580875579987,183.78914150204662,184.47787039960278,4.516486554268656,False,False,3.7539368490070286,REIT,2026-08-27,momentum_27.8.2026
684,TEX,FAIL,1_no_uptrend_stack,not in general uptrend (need EMA20 > EMA40 > EMA50),,,,,,,,-2.6,,,,0.56,1.3392919188690302,-66.3179776034331,0.0,,124,2026-04-13,2026-10-07,55.69,53.28,54.13,57.38501261977897,59.663844794175866,60.395750289674694,2.4110089460714934,False,False,6.681162791626159,Machinery,2026-08-27,momentum_27.8.2026
685,PYPL,FAIL,1_no_uptrend_stack,not in general uptrend (need EMA20 > EMA40 > EMA50),,,,,,,,0.49,,,,0.6,0.8207607398160278,100.27910685805492,0.0,,124,2026-04-13,2026-10-07,54.37,54.2,54.95,54.04634241594391,54.360002791398706,54.19958354605298,1.5225616610580428,False,True,4.1562192749537115,Financial Transaction Services,2026-08-27,momentum_27.8.2026
686,IRDM,FAIL,2_no_bounce,latest candle not green,,,,,,,,0.53,,,,0.25,0.8297136936879154,-38.62660944205882,0.0,,124,2026-04-13,2026-10-07,48.58,48.02,48.36,48.14469573670841,47.94907024478343,47.816465754680415,1.0305809811395634,True,False,3.196591132566884,Satellite Communication,2026-08-27,momentum_27.8.2026
687,PTRN,FAIL,1_no_uptrend_stack,not in general uptrend (need EMA20 > EMA40 > EMA50),,,,,,,,-2.36,,,,0.91,1.316154490411385,47.491039426522114,0.0,,124,2026-04-13,2026-10-07,17.5,17.05,17.71,18.43923551361903,19.539648691265977,19.851596915866494,0.9091288433534189,False,True,7.700131366629748,Internet Commerce,2026-08-27,momentum_27.8.2026
688,MRVL,FAIL,2_no_bounce,candle did not touch EMA20 & EMA40,,,,,,,,3.06,,,,1.28,1.406014102785784,70.31305509371721,0.0,,124,2026-04-13,2026-10-07,281.0,276.5,284.68,258.19426059402684,245.45396569025937,241.47934086031051,14.138849236752216,True,True,7.449864358271858,Electronics,2026-08-27,momentum_27.8.2026
689,OSW,FAIL,1_no_uptrend_stack,not in general uptrend (need EMA20 > EMA40 > EMA50),,,,,,,,-0.74,,,,0.71,0.6307271716632982,18.888888888888356,0.0,,124,2026-04-13,2026-10-07,22.95,22.78,23.3,22.993515553505674,23.57675944995213,23.831793503529433,0.7194706484682158,False,True,4.631785290567913,Leisure & Recreation Services,2026-08-27,momentum_27.8.2026
690,AXTA,FAIL,1_no_uptrend_stack,not in general uptrend (need EMA20 > EMA40 > EMA50),,,,,,,,-1.16,,,,0.9,0.6109356352195539,38.46153846153654,0.0,,124,2026-04-13,2026-10-07,33.06,32.61,32.79,33.105932325832995,33.70761300837695,33.777632923397626,0.8518781907768812,False,False,3.8969725104157424,Chemical,2026-08-26,momentum_26.8.2026
691,DRI,FAIL,1_no_uptrend_stack,not in general uptrend (need EMA20 > EMA40 > EMA50),,,,,,,,-1.19,,,,0.48,0.9396934675359313,68.61720654824194,0.0,,124,2026-04-13,2026-10-07,202.38,199.72,201.49,204.4134869421599,207.24523141373805,207.56982354447717,5.127597783641536,False,False,3.817259752574472,Retail,2026-08-26,momentum_26.8.2026
692,STTK,FAIL,1_no_uptrend_stack,not in general uptrend (need EMA20 > EMA40 > EMA50),,,,,,,,-2.02,,,,0.43,0.9295245562554307,-119.20816044260025,1.3788419086432333,,124,2026-04-13,2026-10-07,5.76,5.552,5.655,6.389311319160237,6.553667058928843,6.588367621793051,0.46289174530964317,False,False,12.27829563155552,Medical,2026-08-26,momentum_26.8.2026
693,HQY,FAIL,1_no_uptrend_stack,not in general uptrend (need EMA20 > EMA40 > EMA50),,,,,,,,-0.97,,,,0.95,1.0916490994836388,91.72137126185198,0.0,,124,2026-04-13,2026-10-07,91.05,91.0,91.9,92.0688884669282,94.08070282401285,94.38297000937828,2.5557984468624495,False,True,4.171597029699319,Medical Services,2026-08-26,momentum_26.8.2026
694,ATI,FAIL,1_no_uptrend_stack,not in general uptrend (need EMA20 > EMA40 > EMA50),,,,,,,,-0.85,,,,0.79,0.8772388075037618,-111.87386843693452,0.0,,124,2026-04-13,2026-10-07,190.54,184.49,189.19,192.23965631524578,195.43403263617964,195.68383202906148,7.675633978507357,False,False,6.085655144437357,Aerospace,2026-08-26,momentum_26.8.2026
695,CLDX,FAIL,1_no_uptrend_stack,not in general uptrend (need EMA20 > EMA40 > EMA50),,,,,,,,-3.16,,,,0.49,0.6835358716836172,-145.07657093436006,0.0,,124,2026-04-13,2026-10-07,30.62,30.105,30.43,33.846389735192275,35.6254352270856,35.94615291415357,1.745846763164516,False,False,8.605882828612469,Medical,2026-08-26,momentum_26.8.2026
696,BKNG,FAIL,1_no_uptrend_stack,not in general uptrend (need EMA20 > EMA40 > EMA50),,,,,,,,-3.76,,,,0.6,0.7859771622553309,-79.58346001824314,0.0,,124,2026-04-13,2026-10-07,157.74,155.35,155.87,166.64435977509726,175.16379053577802,177.17396776049526,5.667041689767985,False,False,5.453623233882067,Internet Commerce,2026-08-26,momentum_26.8.2026
697,MNST,FAIL,1_no_uptrend_stack,not in general uptrend (need EMA20 > EMA40 > EMA50),,,,,,,,-1.69,,,,0.54,0.8470459012050752,24.13019079685717,0.0,,124,2026-04-13,2026-10-07,43.18,42.55,42.88,43.412522717922286,44.290472543880846,44.52333427845103,0.9705454748232075,False,False,3.39509844271178,Beverages,2026-08-26,momentum_26.8.2026
698,CHD,FAIL,1_no_uptrend_stack,not in general uptrend (need EMA20 > EMA40 > EMA50),,,,,,,,-0.15,,,,0.99,0.8143058376370409,92.40924092409233,0.0,,124,2026-04-13,2026-10-07,96.73,96.52,96.75,95.92713070902931,96.76540596799958,96.98375939674766,1.5822206784956738,False,True,2.453055315497169,Consumer Prdts,2026-08-26,momentum_26.8.2026
699,PHM,FAIL,1_no_uptrend_stack,not in general uptrend (need EMA20 > EMA40 > EMA50),,,,,,,,-2.85,,,,0.55,1.5508152735042844,-129.131587153103,0.0,,124,2026-04-13,2026-10-07,113.66,111.28,112.33,118.03692238541586,120.76669231279672,121.55866466162914,3.241412666519294,False,False,4.328424285390315,Building,2026-08-26,momentum_26.8.2026
700,SYRE,FAIL,1_no_uptrend_stack,not in general uptrend (need EMA20 > EMA40 > EMA50),,,,,,,,-1.93,,,,2.34,2.6546599086525147,-107.3722503268344,1.6666666666666723,,124,2026-04-13,2026-10-07,79.16,78.33,80.85,88.68786047521083,90.96607782996554,91.23513622575071,5.3718989371231896,False,True,9.966417323048589,Medical,2026-08-26,momentum_26.8.2026
701,SPHR,FAIL,1_no_uptrend_stack,not in general uptrend (need EMA20 > EMA40 > EMA50),,,,,,,,-4.71,,,,0.75,2.970384343985611,-80.21968877423653,1.664445771875814,,124,2026-04-13,2026-10-07,103.43,102.0,106.24,131.06465315237,138.4194393034141,140.1477518078886,7.202935576260849,False,True,10.169807383651424,Media Conglomerates,2026-08-26,momentum_26.8.2026
702,PKG,FAIL,1_no_uptrend_stack,not in general uptrend (need EMA20 > EMA40 > EMA50),,,,,,,,-1.76,,,,0.89,0.8759368547917514,-106.24353225250272,0.0,,124,2026-04-13,2026-10-07,227.93,226.6,227.25,233.1835000349227,235.76786730590266,236.0571691176363,5.011477599174978,False,False,3.3079060060560916,Containers,2026-08-26,momentum_26.8.2026
703,TXRH,FAIL,1_no_uptrend_stack,not in general uptrend (need EMA20 > EMA40 > EMA50),,,,,,,,-3.34,,,,0.47,1.0430425124311753,85.4555744199208,0.0,,124,2026-04-13,2026-10-07,163.82,161.12,162.48,166.63323173347,175.4248423101346,177.72410909810435,4.5632688446305485,False,False,4.212766658632338,Retail,2026-08-26,momentum_26.8.2026
704,OC,FAIL,1_no_uptrend_stack,not in general uptrend (need EMA20 > EMA40 > EMA50),,,,,,,,-3.36,,,,0.72,2.0213608453309004,-128.31439393939488,0.0,,124,2026-04-13,2026-10-07,114.5,112.97,114.68,123.08475376136725,128.82518522445642,130.2633486055148,4.635700191086937,False,True,6.063437640940361,Building & Construction,2026-08-26,momentum_26.8.2026
705,RYTM,FAIL,1_no_uptrend_stack,not in general uptrend (need EMA20 > EMA40 > EMA50),,,,,,,,-3.25,,,,0.46,0.8358254321737837,-139.53488372092943,0.0,,124,2026-04-13,2026-10-07,90.77,88.23,88.45,96.73217819756613,100.19467056396525,100.87259098022636,3.8251898846466186,False,False,6.487037678880641,Medical,2026-08-26,momentum_26.8.2026
706,CL,FAIL,1_no_uptrend_stack,not in general uptrend (need EMA20 > EMA40 > EMA50),,,,,,,,-0.76,,,,0.77,0.9272538498282946,92.14616026078373,0.0,,124,2026-04-13,2026-10-07,87.65,87.2,87.21,86.82278877576285,87.99296561153278,88.34359790157852,1.4884738924445717,False,False,2.5601546137677533,Consumer Prdts,2026-08-26,momentum_26.8.2026
707,BEKE,FAIL,1_no_uptrend_stack,not in general uptrend (need EMA20 > EMA40 > EMA50),,,,,,,,0.32,,,,1.32,0.4868739384235222,107.03363914373134,0.0,,124,2026-04-13,2026-10-07,16.83,16.79,16.92,16.720156923536134,16.787083014335437,16.781507752716813,0.4321973970544463,False,True,3.8315372079294883,Internet,2026-08-26,momentum_26.8.2026
708,NTST,FAIL,1_no_uptrend_stack,not in general uptrend (need EMA20 > EMA40 > EMA50),,,,,,,,-5.21,,,,0.32,0.6167339497063307,-114.91935483870719,0.0,,124,2026-04-13,2026-10-07,17.7,17.19,17.21,18.26864197093541,19.036479255138435,19.28139670412459,0.3977138122373094,False,False,3.466419049134015,REIT,2026-08-26,momentum_26.8.2026
709,PBI,FAIL,1_no_uptrend_stack,not in general uptrend (need EMA20 > EMA40 > EMA50),,,,,,,,-0.8,,,,0.53,0.7835730173194106,-68.0199430199421,0.0,,124,2026-04-13,2026-10-07,16.36,16.29,16.48,16.68489807817575,16.832448192971523,16.845496335071743,0.45449362390345427,False,True,4.136774489412509,Office Automation & Equipment,2026-08-26,momentum_26.8.2026
710,CUBE,FAIL,1_no_uptrend_stack,not in general uptrend (need EMA20 > EMA40 > EMA50),,,,,,,,-2.81,,,,0.93,0.8735712801303891,-38.63298662704208,0.0,,124,2026-04-13,2026-10-07,37.77,37.22,37.23,38.30057304981126,39.08391298174168,39.31687581907898,0.7414358236250461,False,False,2.987251505338623,REIT,2026-08-26,momentum_26.8.2026
711,INVH,FAIL,1_no_uptrend_stack,not in general uptrend (need EMA20 > EMA40 > EMA50),,,,,,,,-4.55,,,,0.54,1.6548291044279444,-97.14795008912755,0.0,,124,2026-04-13,2026-10-07,26.4,25.86,25.86,26.89130373693095,27.69385410779657,27.934720412732236,0.4562233613200376,False,False,2.6463072002322368,REIT,2026-08-26,momentum_26.8.2026
712,RARE,FAIL,1_no_uptrend_stack,not in general uptrend (need EMA20 > EMA40 > EMA50),,,,,,,,-4.07,,,,0.66,0.7473334141672724,22.369714847591442,1.3216145833333244,,124,2026-04-13,2026-10-07,14.43,14.34,14.89,15.725479097810064,18.248156921445197,19.24557956822555,1.0714420235107087,False,True,10.793573104540382,Medical,2026-08-26,momentum_26.8.2026
713,PSA,FAIL,1_no_uptrend_stack,not in general uptrend (need EMA20 > EMA40 > EMA50),,,,,,,,-3.37,,,,0.72,1.238284487777372,-37.50291171674896,0.0,,124,2026-04-13,2026-10-07,285.85,281.7,281.99,290.0843161691362,298.08785554245765,300.61698826970184,5.534882037837584,False,False,2.9441905942609226,REIT,2026-08-26,momentum_26.8.2026
714,ENTX,FAIL,2_no_bounce,EMA20 not rising,,,,,,,,-1.04,,,,0.13,1.516695040081339,-98.54497354497356,1.2617823479006,,124,2026-04-13,2026-10-07,2.52,2.45,2.51,2.7859776113239794,2.7706546002785593,2.7157490341963335,0.19868185080477163,True,False,11.873417378771215,Medical,2026-08-25,momentum_25.8.2026
715,AUTL,FAIL,1_no_uptrend_stack,not in general uptrend (need EMA20 > EMA40 > EMA50),,,,,,,,-1.17,,,,0.74,0.8384046081406471,-94.3124550036,0.0,,124,2026-04-13,2026-10-07,1.78,1.73,1.81,1.9110027487277144,1.9453301104320733,1.9357409762650055,0.10703898737801143,False,True,8.870634313094868,Medical,2026-08-25,momentum_25.8.2026
716,RCUS,FAIL,1_no_uptrend_stack,not in general uptrend (need EMA20 > EMA40 > EMA50),,,,,,,,-1.83,,,,0.49,0.5270012268811631,-63.85906963941657,1.0490463215258863,,124,2026-04-13,2026-10-07,24.23,23.9,24.52,25.663529880872034,26.559527761204148,26.750032327100982,1.2201391100694197,False,True,7.4641462687770375,Medical,2026-08-25,momentum_25.8.2026
717,IFRX,FAIL,1_no_uptrend_stack,not in general uptrend (need EMA20 > EMA40 > EMA50),,,,,,,,-3.03,,,,3.39,0.950960844521249,-123.55934740308335,0.0,,124,2026-04-13,2026-10-07,1.6,1.55,1.56,1.8558355071829764,1.935609117597317,1.9463365617565491,0.12766240214176675,False,False,12.27523097516988,Medical,2026-08-25,momentum_25.8.2026
718,ADAM,FAIL,1_no_uptrend_stack,not in general uptrend (need EMA20 > EMA40 > EMA50),,,,,,,,-5.6,,,,0.66,0.8055552124549809,-166.66666666666708,0.0,,124,2026-04-13,2026-10-07,7.63,7.39,7.49,8.309682362103688,8.727592128431203,8.818725001744943,0.23744241603436575,False,False,4.755188572116804,REIT,2026-08-25,momentum_25.8.2026
719,LLY,FAIL,1_no_uptrend_stack,not in general uptrend (need EMA20 > EMA40 > EMA50),,,,,,,,0.79,,,,0.76,1.283139290420043,166.66666666666538,0.0,,124,2026-04-13,2026-10-07,1173.62,1166.0,1188.72,1162.7069794850704,1164.5783836161856,1162.5768938188069,33.14632263586548,False,True,4.182606833720154,Large Cap Pharma,2026-08-25,momentum_25.8.2026
720,XMAX,FAIL,1_no_uptrend_stack,not in general uptrend (need EMA20 > EMA40 > EMA50),,,,,,,,0.14,,,,0.55,0.6246037274646066,96.17400419287105,0.0,,129,2026-04-06,2026-10-07,8.74,8.69,8.74,8.709095107964007,8.725682649897994,8.71351902970921,0.18503365508973346,False,False,3.1756348127528624,Furniture,2026-08-25,momentum_25.8.2026
721,BXP,FAIL,1_no_uptrend_stack,not in general uptrend (need EMA20 > EMA40 > EMA50),,,,,,,,-3.56,,,,0.94,1.17177393652328,-88.79781420764938,0.0,,124,2026-04-13,2026-10-07,59.44,58.56,59.42,62.361354429165495,64.10571407667344,64.4703191807893,1.4192144969983167,False,False,3.5826687066601735,REIT,2026-08-25,momentum_25.8.2026
722,BNL,FAIL,1_no_uptrend_stack,not in general uptrend (need EMA20 > EMA40 > EMA50),,,,,,,,-4.67,,,,0.99,1.07984154136241,-46.332046332044754,0.0,,124,2026-04-13,2026-10-07,18.26,18.25,18.28,19.115057630031103,19.767669307630147,19.960963263596426,0.3597624137081101,False,True,2.9520985807558264,REIT,2026-08-25,momentum_25.8.2026
723,LPLA,FAIL,1_no_uptrend_stack,not in general uptrend (need EMA20 > EMA40 > EMA50),,,,,,,,-0.71,,,,0.41,1.0208896221934838,36.380940362389694,0.0,,124,2026-04-13,2026-10-07,331.13,322.08,324.8,325.96163798816934,332.20934852663,332.7147262363806,11.210175982833979,False,False,5.177113292564953,Finance,2026-08-25,momentum_25.8.2026
724,TOL,FAIL,1_no_uptrend_stack,not in general uptrend (need EMA20 > EMA40 > EMA50),,,,,,,,-1.71,,,,0.73,0.9559694539533368,-115.25423728813449,0.0,,124,2026-04-13,2026-10-07,135.43,132.37,133.86,136.73359683739227,139.3640342406406,140.35085382465505,3.7987591326845935,False,False,4.256789704935671,Building,2026-08-25,momentum_25.8.2026
725,XHR,FAIL,1_no_uptrend_stack,not in general uptrend (need EMA20 > EMA40 > EMA50),,,,,,,,-1.48,,,,0.56,0.9047653939826652,-101.44927536232201,0.0,,124,2026-04-13,2026-10-07,17.98,17.81,17.87,18.112457852138686,18.414146013597804,18.514108939633672,0.4342845867382534,False,False,3.6453658651783996,REIT,2026-08-25,momentum_25.8.2026
726,COMP,FAIL,1_no_uptrend_stack,not in general uptrend (need EMA20 > EMA40 > EMA50),,,,,,,,-2.37,,,,0.73,0.9882999142061457,-40.305619891914866,0.0,,124,2026-04-13,2026-10-07,9.02,8.92,9.19,9.670564466133026,10.200569376354698,10.30870593504278,0.4719042535141081,False,True,7.7024633326568255,Internet,2026-08-25,momentum_25.8.2026
727,ZM,FAIL,1_no_uptrend_stack,not in general uptrend (need EMA20 > EMA40 > EMA50),,,,,,,,0.05,,,,2.05,0.8278465785687479,100.42219541616201,0.0,,124,2026-04-13,2026-10-07,93.33,93.33,94.77,93.11239285790388,94.37071951458987,94.6297263601622,2.922535175776525,False,True,4.6257283567213126,Internet,2026-08-25,momentum_25.8.2026
728,CXM,FAIL,1_no_uptrend_stack,not in general uptrend (need EMA20 > EMA40 > EMA50),,,,,,,,-2.52,,,,0.9,0.6402276724600408,23.809523809524567,0.0,,124,2026-04-13,2026-10-07,5.21,5.14,5.19,5.4267096648427895,5.74424973799238,5.806911183343776,0.24435239468446035,False,False,7.0622079388572345,Technology Services,2026-08-24,momentum_24.8.2026
729,AMH,FAIL,1_no_uptrend_stack,not in general uptrend (need EMA20 > EMA40 > EMA50),,,,,,,,-3.85,,,,0.57,0.5617430867729737,-106.02310231022997,0.0,,124,2026-04-13,2026-10-07,30.44,30.0,30.0,30.988646104500187,31.748007084359386,31.955438335367457,0.5076414785703305,False,False,2.5382073928516524,REIT,2026-08-24,momentum_24.8.2026
730,BF.B,FAIL,0_no_data,no bars returned by IBKR,,,,,,,,,,,,0.77,,,,,,,,,,,,,,,,,,Beverages,2026-08-24,momentum_24.8.2026
731,SOBO,FAIL,1_no_uptrend_stack,not in general uptrend (need EMA20 > EMA40 > EMA50),,,,,,,,-2.72,,,,1.02,0.7594207183139412,-10.08711600183408,0.0,,124,2026-04-13,2026-10-07,34.15,33.36,33.37,34.58666219357656,35.367251668599415,35.55763110327173,0.8054052966233486,False,False,3.6203414591999494,Oil,2026-08-24,momentum_24.8.2026
732,KTB,FAIL,1_no_uptrend_stack,not in general uptrend (need EMA20 > EMA40 > EMA50),,,,,,,,-2.85,,,,0.74,1.3248442769388973,71.08336689488372,0.0,,124,2026-04-13,2026-10-07,65.34,64.55,65.0,66.6490358969285,70.13048382063992,71.31116579498129,2.2138595339070064,False,False,5.108906616708476,Textile,2026-08-24,momentum_24.8.2026
733,HLN,FAIL,1_no_uptrend_stack,not in general uptrend (need EMA20 > EMA40 > EMA50),,,,,,,,-2.02,,,,1.4,0.794813042316972,152.77777777777794,0.0,,124,2026-04-13,2026-10-07,9.13,9.01,9.02,9.143837443675652,9.345266164756424,9.396621786769755,0.18599439081259983,False,False,3.093033106639687,Consumer Prdts,2026-08-24,momentum_24.8.2026
734,VSXY,PASS,,green candle bounced off EMA20 & EMA40,EMA20/40,3,0.7573,85.79,79.71769212535823,94.89846181196268,7.0781068593563115,0.64,9.9,0.57,False,0.57,0.5158935236823254,-107.4117126093209,1.2194165061701887,,129,2026-04-06,2026-10-07,83.35,83.1,85.79,84.86368626794025,83.82003922431397,83.18011682192257,4.04820524976119,True,True,7.078106859356318,Retail,2026-08-24,momentum_24.8.2026
735,EBC,FAIL,1_no_uptrend_stack,not in general uptrend (need EMA20 > EMA40 > EMA50),,,,,,,,-2.11,,,,0.48,0.9301807524135983,-87.00209643605953,0.0,,124,2026-04-13,2026-10-07,21.02,20.67,20.86,21.393834014847375,21.703093415549695,21.762720423736013,0.4268753393729298,False,False,3.069573389546475,Banks,2026-08-24,momentum_24.8.2026
736,SGHC,FAIL,1_no_uptrend_stack,not in general uptrend (need EMA20 > EMA40 > EMA50),,,,,,,,-3.5,,,,1.56,0.7659122846419877,-38.821954484604085,0.0,,124,2026-04-13,2026-10-07,11.5,11.24,11.35,12.119849742034408,12.680561196011993,12.827094216528668,0.4225014640331253,False,False,5.583719788984035,Gaming,2026-08-24,momentum_24.8.2026
737,PRKS,FAIL,1_no_uptrend_stack,not in general uptrend (need EMA20 > EMA40 > EMA50),,,,,,,,-3.26,,,,0.89,1.0047199290417268,2.8581636298681277,0.0,,124,2026-04-13,2026-10-07,33.29,32.34,32.77,34.573303775498225,37.159239897217304,37.994036654297076,1.6007135387049263,False,False,7.327037864075035,Leisure & Recreation Services,2026-08-24,momentum_24.8.2026
738,BLMN,FAIL,1_no_uptrend_stack,not in general uptrend (need EMA20 > EMA40 > EMA50),,,,,,,,-1.42,,,,0.86,0.5621690356993345,-76.96228338430241,0.0,,124,2026-04-13,2026-10-07,8.22,8.07,8.17,8.480989798246776,8.821460611257997,8.86400565505356,0.4890961720145659,False,False,8.979733880316388,Retail,2026-08-21,momentum_21.8.2026
739,HRB,FAIL,1_no_uptrend_stack,not in general uptrend (need EMA20 > EMA40 > EMA50),,,,,,,,-0.95,,,,0.7,0.7281408971957992,154.00843881856574,0.0,,124,2026-04-13,2026-10-07,42.95,42.66,43.16,43.533098711326446,44.59573506624467,44.53446600046649,1.4405860477465722,False,True,5.006670694207271,Consumer Services,2026-08-21,momentum_21.8.2026
740,MGA,FAIL,1_no_uptrend_stack,not in general uptrend (need EMA20 > EMA40 > EMA50),,,,,,,,-0.35,,,,0.82,1.2030941436912956,48.44481145059282,0.0,,124,2026-04-13,2026-10-07,65.24,64.22,65.03,64.84385922192678,65.46408669498894,65.5891842624893,1.6129689142763937,False,False,3.720518793502369,Auto,2026-08-21,momentum_21.8.2026
741,ATRO,FAIL,1_no_uptrend_stack,not in general uptrend (need EMA20 > EMA40 > EMA50),,,,,,,,-2.18,,,,0.71,1.1809573425234383,-166.6666666666662,0.0,,124,2026-04-13,2026-10-07,67.44,64.03,64.63,69.15954621656334,71.09687255406466,71.5347884852311,3.1674642529077803,False,False,7.351379203716031,Aerospace,2026-08-21,momentum_21.8.2026
742,APO,FAIL,1_no_uptrend_stack,not in general uptrend (need EMA20 > EMA40 > EMA50),,,,,,,,-2.54,,,,0.5,1.0611856838467921,72.85293451166818,1.204599456890699,,124,2026-04-13,2026-10-07,114.41,113.9,115.55,120.99047731600844,124.26355999033008,124.91101217585867,3.6843880730329315,False,True,4.78284907793111,Finance,2026-08-21,momentum_21.8.2026
743,LINE,FAIL,1_no_uptrend_stack,not in general uptrend (need EMA20 > EMA40 > EMA50),,,,,,,,-3.8,,,,0.4,1.0961644049414192,-51.06932153392078,0.0,,124,2026-04-13,2026-10-07,34.46,33.83,34.21,36.05466340037691,37.62858331318839,38.137379945057454,1.0334600581724491,False,False,4.531394584211265,REIT,2026-08-21,momentum_21.8.2026
744,TTWO,FAIL,1_no_uptrend_stack,not in general uptrend (need EMA20 > EMA40 > EMA50),,,,,,,,-2.34,,,,0.67,0.878573390550517,62.672176308534645,0.5353558746333192,,124,2026-04-13,2026-10-07,201.6,201.32,204.01,208.17997626367597,215.58048037225558,217.98026132572753,5.9645991481639244,False,True,4.385519691312136,Gaming,2026-08-21,momentum_21.8.2026
745,APGE,FAIL,0_no_data,no bars returned by IBKR,,,,,,,,,,,,0.37,,,,,,,,,,,,,,,,,,Medical,2026-08-20,momentum_20.8.2026
746,CHRN,FAIL,1_no_uptrend_stack,not in general uptrend (need EMA20 > EMA40 > EMA50),,,,,,,,-0.2,,,,0.67,1.0384304901512693,32.247449819018435,1.4794181367997499,,127,2026-04-06,2026-10-07,18.44,18.44,19.77,19.786293365446546,20.0939223355442,20.105540160475588,1.697139259344452,False,True,12.876625639942734,Internet,2026-08-20,momentum_20.8.2026
747,AEHR,FAIL,2_no_bounce,latest candle not green,,,,,,,,-0.66,,,,0.71,1.4978772715678212,-130.96428007785795,0.0,,124,2026-04-13,2026-10-07,90.36,85.72,89.37,96.59817942635264,95.62602825583399,95.24893873756916,8.942974877392064,True,False,15.010028327277716,Electronics,2026-08-20,momentum_20.8.2026
748,AVR,FAIL,1_no_uptrend_stack,not in general uptrend (need EMA20 > EMA40 > EMA50),,,,,,,,-3.67,,,,1.0,2.465901790117821,-124.42396313364058,1.471718835804504,,124,2026-04-13,2026-10-07,6.83,6.76,6.82,7.8051500246933045,8.147933517099291,8.229000664662843,0.38344646795246806,False,False,8.433573342063081,Medical Instruments,2026-08-20,momentum_20.8.2026
749,WBS,FAIL,0_no_data,no bars returned by IBKR,,,,,,,,,,,,13.78,,,,,,,,,,,,,,,,,,Banks,2026-08-20,momentum_20.8.2026
750,PCG,FAIL,1_no_uptrend_stack,not in general uptrend (need EMA20 > EMA40 > EMA50),,,,,,,,-3.36,,,,2.33,1.1522011302126112,145.2599388379197,0.0,,124,2026-04-13,2026-10-07,12.46,12.45,12.79,13.013607175701157,14.063589139021586,14.444075362280856,0.4929451159013534,False,True,5.781217152869665,Utility,2026-08-20,momentum_20.8.2026
751,RTX,FAIL,1_no_uptrend_stack,not in general uptrend (need EMA20 > EMA40 > EMA50),,,,,,,,-4.75,,,,0.97,1.2432475786669073,-146.72861014324195,0.0,,124,2026-04-13,2026-10-07,182.99,179.95,180.26,190.1427180811833,195.57483738977473,196.67554045730114,3.4552186619064824,False,False,2.8751958242869877,Aerospace,2026-08-20,momentum_20.8.2026
752,REYN,FAIL,1_no_uptrend_stack,not in general uptrend (need EMA20 > EMA40 > EMA50),,,,,,,,-2.26,,,,0.83,0.4656878545592085,-22.258414766557845,0.0,,124,2026-04-13,2026-10-07,22.3,21.89,21.92,22.263658725952546,22.89594725378656,23.109372010794875,0.5260692354498138,False,False,3.599926337475915,Consumer Prdts,2026-08-20,momentum_20.8.2026
753,CWK,FAIL,1_no_uptrend_stack,not in general uptrend (need EMA20 > EMA40 > EMA50),,,,,,,,-2.84,,,,1.55,1.3939915162228316,-155.2162849872776,0.0,,124,2026-04-13,2026-10-07,11.87,11.21,11.42,12.297009620841095,12.752450487473206,12.881062335998351,0.5146693063362666,False,False,6.760104724206655,Real Estate Operations,2026-08-19,momentum_19.8.2026
754,GD,FAIL,1_no_uptrend_stack,not in general uptrend (need EMA20 > EMA40 > EMA50),,,,,,,,-4.66,,,,0.72,0.7121436010382076,-166.25207296848774,0.0,,124,2026-04-13,2026-10-07,330.24,325.0,326.63,342.0349720889225,352.575403846386,355.124821921472,6.113978638590215,False,False,2.8077543268791363,Aerospace,2026-08-19,momentum_19.8.2026
755,SVV,FAIL,1_no_uptrend_stack,not in general uptrend (need EMA20 > EMA40 > EMA50),,,,,,,,-1.33,,,,2.43,1.5703298408411646,-99.27140255009188,1.3740458015267194,,124,2026-04-13,2026-10-07,9.12,9.05,9.24,9.423046521310189,9.674895814243216,9.719341717062221,0.35932135681289806,False,True,5.833138909300293,Textile,2026-08-19,momentum_19.8.2026
756,RF,FAIL,1_no_uptrend_stack,not in general uptrend (need EMA20 > EMA40 > EMA50),,,,,,,,-4.13,,,,0.76,0.9838134142985359,-79.95495495495506,0.0,,124,2026-04-13,2026-10-07,26.84,26.58,26.7,27.87497892708624,28.73970610256636,28.957127236574127,0.546482313199717,False,False,3.0701253550545897,Banks,2026-08-19,momentum_19.8.2026
757,HWM,FAIL,1_no_uptrend_stack,not in general uptrend (need EMA20 > EMA40 > EMA50),,,,,,,,-3.37,,,,0.98,0.7013442618801173,-141.18713617711606,0.0,,124,2026-04-13,2026-10-07,228.03,222.06,222.75,232.8314129764449,242.77868064985375,246.31695862260796,6.989058740297585,False,False,4.7064368621532555,Aerospace,2026-08-19,momentum_19.8.2026
758,ALLE,FAIL,1_no_uptrend_stack,not in general uptrend (need EMA20 > EMA40 > EMA50),,,,,,,,-1.45,,,,0.72,2.532363635502123,-166.66666666666669,0.0,,124,2026-04-13,2026-10-07,152.29,141.99,147.91,153.90898308781988,154.0831927302573,153.5602164179864,3.9013921418755535,False,False,3.9565196489847407,Protection,2026-08-19,momentum_19.8.2026
759,FITB,FAIL,1_no_uptrend_stack,not in general uptrend (need EMA20 > EMA40 > EMA50),,,,,,,,-3.22,,,,0.96,1.507253612885049,-70.16978293574098,0.0,,128,2026-04-06,2026-10-07,50.57,49.91,50.12,51.991702495671106,53.15797751998908,53.42934511217245,1.028120615996561,False,False,3.0769771029426214,Banks,2026-08-19,momentum_19.8.2026
760,LQDA,FAIL,1_no_uptrend_stack,not in general uptrend (need EMA20 > EMA40 > EMA50),,,,,,,,-6.39,,,,0.59,1.689620485422698,-68.78306878306854,0.0,,124,2026-04-13,2026-10-07,25.55,24.59,26.68,50.677572186798976,59.90669253016781,62.0060723585338,5.524892422838122,False,True,31.06198888402243,Medical,2026-08-19,momentum_19.8.2026
761,VSAT,FAIL,1_no_uptrend_stack,not in general uptrend (need EMA20 > EMA40 > EMA50),,,,,,,,-0.55,,,,0.79,1.236157219111446,-32.34620130442373,0.0,,124,2026-04-13,2026-10-07,72.19,69.29,70.87,72.33911343028362,73.04687604356958,73.10216398456157,4.081290864514538,False,False,8.638262024512215,Wireless Equipment,2026-08-19,momentum_19.8.2026
762,AIRJ,FAIL,1_no_uptrend_stack,not in general uptrend (need EMA20 > EMA40 > EMA50),,,,,,,,-3.22,,,,1.0,0.9813533467863464,-127.17770034843234,0.0,,124,2026-04-13,2026-10-07,3.75,3.65,3.68,4.0900955713409894,4.320389517380815,4.370316716185201,0.21414604110919255,False,False,8.728778849559479,Technology Services,2026-08-19,momentum_19.8.2026
763,ELS,FAIL,1_no_uptrend_stack,not in general uptrend (need EMA20 > EMA40 > EMA50),,,,,,,,-3.62,,,,0.67,0.7692970707932338,16.781083142637314,0.0,,124,2026-04-13,2026-10-07,58.88,57.96,57.98,59.65930062630095,61.066291448538145,61.50994869324493,0.974427490016273,False,False,2.5209403846574845,REIT,2026-08-19,momentum_19.8.2026
764,MNKD,FAIL,1_no_uptrend_stack,not in general uptrend (need EMA20 > EMA40 > EMA50),,,,,,,,-1.35,,,,1.09,1.1406498836518824,-152.9649595687329,0.0,,124,2026-04-13,2026-10-07,3.63,3.39,3.45,3.6639896618648775,3.739858482168613,3.753796456695076,0.2258700816069331,False,False,9.82043833073622,Medical,2026-08-19,momentum_19.8.2026
765,COF,FAIL,1_no_uptrend_stack,not in general uptrend (need EMA20 > EMA40 > EMA50),,,,,,,,-2.04,,,,0.58,0.9143714912878783,17.047282084272908,0.0,,124,2026-04-13,2026-10-07,194.7,193.38,195.91,200.10318072836128,204.05325260108637,204.67386228786694,4.298533368951997,False,True,3.291205172491448,Finance,2026-08-19,momentum_19.8.2026
766,AME,FAIL,2_no_bounce,latest candle not green,,,,,,,,1.05,,,,1.28,0.9253405478339926,-75.65447500236316,0.0,,124,2026-04-13,2026-10-07,250.77,246.37,248.62,246.4790916577275,244.05146827526733,243.25563755431665,5.102581733276997,True,False,3.078542595091101,Electronic Test Equipment,2026-08-18,momentum_18.8.2026
767,CFG,FAIL,1_no_uptrend_stack,not in general uptrend (need EMA20 > EMA40 > EMA50),,,,,,,,-3.39,,,,0.65,1.1394951157363742,-81.60283033379415,0.0,,124,2026-04-13,2026-10-07,63.6,62.59,63.07,65.74167368001353,67.37700821568038,67.75079016085833,1.3827635142247994,False,False,3.288640037002059,Banks,2026-08-18,momentum_18.8.2026
768,FNB,FAIL,1_no_uptrend_stack,not in general uptrend (need EMA20 > EMA40 > EMA50),,,,,,,,-2.96,,,,0.79,1.0462032967124617,-95.00274574409698,0.0,,124,2026-04-13,2026-10-07,17.14,16.92,17.07,17.619158569924576,17.959380129049688,18.053260208487792,0.33228385111886455,False,False,2.9198932435752596,Banks,2026-08-18,momentum_18.8.2026
769,PB,FAIL,1_no_uptrend_stack,not in general uptrend (need EMA20 > EMA40 > EMA50),,,,,,,,-3.19,,,,0.82,0.7106860867781699,-101.96078431372874,0.0,,124,2026-04-13,2026-10-07,66.38,65.51,65.95,68.36598493878532,69.80195752570441,70.17492563976464,1.3249108186352223,False,False,3.0134438634614606,Banks,2026-08-18,momentum_18.8.2026
770,VLY,FAIL,1_no_uptrend_stack,not in general uptrend (need EMA20 > EMA40 > EMA50),,,,,,,,-3.69,,,,0.79,0.835883320398404,-106.52920962199333,0.0,,124,2026-04-13,2026-10-07,12.56,12.35,12.48,13.078396723025051,13.468134920568808,13.58059542787931,0.29793438720157644,False,False,3.5809421538651014,Banks,2026-08-18,momentum_18.8.2026
771,CM,FAIL,1_no_uptrend_stack,not in general uptrend (need EMA20 > EMA40 > EMA50),,,,,,,,-2.66,,,,0.59,0.9073945964248602,-96.12633432375905,0.0,,124,2026-04-13,2026-10-07,109.95,108.23,108.33,112.3310236236978,113.84432250729854,114.15316221063877,2.1851844609867093,False,False,3.025733122385363,Banks,2026-08-18,momentum_18.8.2026
772,XENE,FAIL,1_no_uptrend_stack,not in general uptrend (need EMA20 > EMA40 > EMA50),,,,,,,,-6.56,,,,0.71,0.6340627977690492,-101.24315212810744,0.0,,124,2026-04-13,2026-10-07,36.19,35.78,36.41,42.91063012732014,48.979719182654954,50.74857122261115,2.185536580922695,False,True,9.003858476748263,Medical,2026-08-18,momentum_18.8.2026
773,AUB,FAIL,1_no_uptrend_stack,not in general uptrend (need EMA20 > EMA40 > EMA50),,,,,,,,-2.86,,,,0.63,1.0588397136426917,-131.9336443753226,0.0,,124,2026-04-13,2026-10-07,37.77,37.31,37.6,38.80544939016162,39.539964672640544,39.733320701761535,0.7458889626451649,False,False,2.9756208616163495,Banks,2026-08-18,momentum_18.8.2026
774,GE,FAIL,1_no_uptrend_stack,not in general uptrend (need EMA20 > EMA40 > EMA50),,,,,,,,-3.22,,,,1.15,0.87795436667554,-98.24772605671453,0.0,,124,2026-04-13,2026-10-07,305.51,302.98,303.62,317.39774631406596,326.7249650930162,329.37715162708275,7.987741277864394,False,False,3.9462525251289744,Aerospace,2026-08-18,momentum_18.8.2026
775,COLB,FAIL,1_no_uptrend_stack,not in general uptrend (need EMA20 > EMA40 > EMA50),,,,,,,,-2.68,,,,0.98,1.2481971937731184,-102.44648318042839,0.0,,124,2026-04-13,2026-10-07,28.59,27.95,28.26,29.27016036205578,29.834754190106686,30.002241523861688,0.6501137250521102,False,False,3.4507097932702244,Banks,2026-08-18,momentum_18.8.2026
776,STX,FAIL,2_no_bounce,EMA20 not rising,,,,,,,,-0.93,,,,0.9,0.9987697956412117,-83.16995466241858,1.6666666666666636,,124,2026-04-13,2026-10-07,783.55,780.9,807.57,867.8729221517976,863.0508112808075,859.9162065712974,55.99283726734704,True,True,10.400244672414843,Computer,2026-08-18,momentum_18.8.2026
777,ASML,PASS,,green candle bounced off EMA20,EMA20,38,0.42,1804.96,1730.869958209988,1916.095062685018,4.104802421660981,1.26,-3.8,0.76,False,0.76,0.9101965431249239,-92.55419202048682,0.0,,124,2026-04-13,2026-10-07,1788.89,1785.74,1804.96,1770.7603265910293,1748.678886081862,1742.6923687392807,49.39336119334128,True,True,4.104802421660975,Semi-Eqpt Wafer Fabrication,2026-08-18,momentum_18.8.2026
778,FFBC,FAIL,1_no_uptrend_stack,not in general uptrend (need EMA20 > EMA40 > EMA50),,,,,,,,-2.4,,,,0.67,0.744875665340564,-122.08373282198738,0.0,,124,2026-04-13,2026-10-07,30.88,30.65,30.87,31.812480994724083,32.256777067591045,32.35935266119633,0.6213014411338762,False,False,3.0189574399119348,Banks,2026-08-18,momentum_18.8.2026
779,NBIS,FAIL,2_no_bounce,latest candle not green,,,,,,,,0.73,,,,1.05,1.021186375370658,-18.21647294088233,0.0,,124,2026-04-13,2026-10-07,242.33,234.03,237.15,232.45197568822394,227.09316314530875,225.14929673502914,16.356213727202906,True,False,10.345486228464836,Internet Software Services,2026-08-18,momentum_18.8.2026
780,PFS,FAIL,1_no_uptrend_stack,not in general uptrend (need EMA20 > EMA40 > EMA50),,,,,,,,-2.73,,,,0.58,1.033336361559961,-111.63949275362386,0.0,,124,2026-04-13,2026-10-07,22.04,21.8,21.97,22.67715423046591,23.042210251610307,23.12944985727081,0.4240712270925595,False,False,2.895342925074371,Finance,2026-08-18,momentum_18.8.2026
781,DAL,FAIL,1_no_uptrend_stack,not in general uptrend (need EMA20 > EMA40 > EMA50),,,,,,,,0.04,,,,0.67,0.8410403870295513,-149.86077963405106,0.0,,124,2026-04-13,2026-10-07,82.19,81.8,82.97,82.73182575678617,82.83773515182452,82.87011484194544,2.371037634571876,False,True,4.286557131321941,Transportation,2026-08-18,momentum_18.8.2026
782,PNFP,FAIL,1_no_uptrend_stack,not in general uptrend (need EMA20 > EMA40 > EMA50),,,,,,,,-2.09,,,,0.86,1.5005388359174674,-92.32244366824177,0.0,,124,2026-04-13,2026-10-07,94.88,92.03,93.09,96.03133149830401,97.76274922013755,98.19788510443274,2.4432875248163106,False,False,3.936976353232856,Banks,2026-08-18,momentum_18.8.2026
783,SF,FAIL,1_no_uptrend_stack,not in general uptrend (need EMA20 > EMA40 > EMA50),,,,,,,,-3.38,,,,0.64,0.7676972381166486,-145.0892857142864,0.0,,124,2026-04-13,2026-10-07,70.23,68.31,69.71,72.89554184676543,75.33118714256511,75.890215376468,1.8305746159456378,False,False,3.938978516595118,Finance,2026-08-18,momentum_18.8.2026
784,CTOS,FAIL,1_no_uptrend_stack,not in general uptrend (need EMA20 > EMA40 > EMA50),,,,,,,,-0.47,,,,0.66,1.8199243383398824,-64.97175141242953,0.0,,124,2026-04-13,2026-10-07,9.74,9.11,9.44,9.477991125629869,9.575601144862182,9.62487588275248,0.392485407521292,False,False,6.236526602562903,Auto,2026-08-18,momentum_18.8.2026
785,OUST,FAIL,2_no_bounce,latest candle not green,,,,,,,,0.81,,,,0.83,1.2511657280390378,-53.91351943076081,0.0,,124,2026-04-13,2026-10-07,42.61,40.67,41.67,40.39102603891419,39.58897922177613,39.42688572114529,2.764698810398961,True,False,9.952119547872428,Electronics,2026-08-18,momentum_18.8.2026
786,UAL,FAIL,1_no_uptrend_stack,not in general uptrend (need EMA20 > EMA40 > EMA50),,,,,,,,-0.78,,,,0.57,1.3342021805005932,-99.8001390337159,0.0,,124,2026-04-13,2026-10-07,109.33,108.93,110.17,111.39861519143633,112.77347231018105,113.2082498927843,3.897863491401486,False,True,5.307066567216328,Transportation,2026-08-18,momentum_18.8.2026
787,FHN,FAIL,1_no_uptrend_stack,not in general uptrend (need EMA20 > EMA40 > EMA50),,,,,,,,-2.77,,,,0.47,1.1359159384063142,-63.28565236237496,0.0,,124,2026-04-13,2026-10-07,23.11,22.82,22.99,23.58710044140897,24.05922439056714,24.20595455317746,0.43901634553082813,False,False,2.8643954688831763,Banks,2026-08-17,momentum_17.8.2026
788,STLD,FAIL,1_no_uptrend_stack,not in general uptrend (need EMA20 > EMA40 > EMA50),,,,,,,,-0.49,,,,0.62,0.5100353036207934,13.034579338576124,0.0,,124,2026-04-13,2026-10-07,234.03,233.26,234.09,234.32828427979535,237.055272215753,237.81532603780286,7.671581592331136,False,True,4.915789819512454,Steel,2026-08-17,momentum_17.8.2026
789,IRM,FAIL,1_no_uptrend_stack,not in general uptrend (need EMA20 > EMA40 > EMA50),,,,,,,,-0.42,,,,0.65,0.8623357666069826,78.38850718301028,0.0,,124,2026-04-13,2026-10-07,115.34,114.78,115.75,114.29313712548364,116.27892079309873,117.08267096890896,3.15560016271852,False,True,4.089330664430047,Business Information,2026-08-17,momentum_17.8.2026
790,KN,FAIL,2_no_bounce,latest candle not green,,,,,,,,1.09,,,,0.57,0.7275187731086665,-47.6772616136921,0.0,,124,2026-04-13,2026-10-07,39.61,37.75,38.07,37.34561654272147,36.82401056365563,36.716190784590644,1.240879472904443,True,False,4.88920202090009,Communications Components,2026-08-17,momentum_17.8.2026
791,CGNX,FAIL,1_no_uptrend_stack,not in general uptrend (need EMA20 > EMA40 > EMA50),,,,,,,,-0.28,,,,0.87,1.9484586445090462,-73.56884691617164,0.0,,124,2026-04-13,2026-10-07,64.6,60.05,61.21,61.65689110324577,61.77741463875504,61.89979935900587,2.4587302521606285,False,False,6.025315109036011,Electronic Test Equipment,2026-08-17,momentum_17.8.2026
792,LYG,FAIL,1_no_uptrend_stack,not in general uptrend (need EMA20 > EMA40 > EMA50),,,,,,,,-3.26,,,,0.39,0.9817703386840209,-102.90305857957236,0.0,,124,2026-04-13,2026-10-07,5.37,5.36,5.4,5.681183926274887,5.790458192668944,5.809002058716858,0.1254884224703161,False,True,3.4857895130643364,Banks,2026-08-17,momentum_17.8.2026
793,ROST,FAIL,1_no_uptrend_stack,not in general uptrend (need EMA20 > EMA40 > EMA50),,,,,,,,-1.33,,,,1.08,0.7640177299456651,-62.347880228674676,1.5817694369973103,,124,2026-04-13,2026-10-07,223.64,223.17,225.53,230.634251920581,232.0948738555604,232.31160856842996,5.103803310179173,False,True,3.3945395137093777,Retail,2026-08-17,momentum_17.8.2026
794,AUR,FAIL,1_no_uptrend_stack,not in general uptrend (need EMA20 > EMA40 > EMA50),,,,,,,,-1.2,,,,1.07,0.48464824150057056,35.405872193435506,0.0,,124,2026-04-13,2026-10-07,5.68,5.625,5.72,5.911689891046579,6.06520077450139,6.103130170043949,0.31876597992930644,False,True,8.359247725418875,Technology Services,2026-08-17,momentum_17.8.2026
795,VIK,FAIL,1_no_uptrend_stack,not in general uptrend (need EMA20 > EMA40 > EMA50),,,,,,,,-2.24,,,,1.25,0.49460602054727143,40.412544727425775,0.0,,124,2026-04-13,2026-10-07,80.2,79.79,81.26,82.42742638484937,86.06237725039394,87.26594729444845,2.6776025107794545,False,True,4.9426578466271,Leisure & Recreation Services,2026-08-17,momentum_17.8.2026
796,WDS,FAIL,1_no_uptrend_stack,not in general uptrend (need EMA20 > EMA40 > EMA50),,,,,,,,-1.62,,,,0.49,0.7340656400588363,141.74454828660126,0.0,,124,2026-04-13,2026-10-07,21.89,21.68,21.77,22.353823806943463,22.5682462587414,22.568803424924244,0.49352257172424113,False,False,3.400477067461469,Other Alt Energy,2026-08-17,momentum_17.8.2026
797,ITW,FAIL,1_no_uptrend_stack,not in general uptrend (need EMA20 > EMA40 > EMA50),,,,,,,,-1.95,,,,0.99,0.8090986813443218,-3.3362344067299436,0.0,,124,2026-04-13,2026-10-07,265.32,260.82,261.15,267.66548787645263,270.9705746386938,271.6422314223454,5.393871525919624,False,False,3.098145620861358,Machinery,2026-08-14,momentum_14.8.2026
798,SHOO,FAIL,2_no_bounce,latest candle not green,,,,,,,,0.32,,,,0.59,0.72104150044823,-139.3481907500591,0.0,,124,2026-04-13,2026-10-07,44.78,44.43,44.6,44.47536414581805,44.27570293051396,44.17719960231175,1.3299914499417227,True,False,4.473065414602207,Shoes and Related Apparel,2026-08-14,momentum_14.8.2026
799,ONTO,PASS,,green candle bounced off EMA20,EMA20,29,0.5055,304.4,281.0065905047787,339.49011424283185,7.685088533252711,0.99,-8.1,0.82,False,0.82,1.3673079219343214,-123.97754611066557,0.0,,124,2026-04-13,2026-10-07,302.73,296.01,304.4,294.9902451375219,289.6177883474246,288.9497400715787,15.5956063301475,True,True,7.685088533252711,Nanotechnology,2026-08-14,momentum_14.8.2026
800,FFIN,FAIL,1_no_uptrend_stack,not in general uptrend (need EMA20 > EMA40 > EMA50),,,,,,,,-2.61,,,,0.56,0.7858578775977046,-111.5221987314997,0.0,,124,2026-04-13,2026-10-07,31.63,31.21,31.39,32.33804693644471,32.88400558006909,33.03459238616773,0.6310281821318448,False,False,3.0154261650135936,Banks,2026-08-14,momentum_14.8.2026
801,KEY,FAIL,1_no_uptrend_stack,not in general uptrend (need EMA20 > EMA40 > EMA50),,,,,,,,-3.7,,,,1.0,1.1237611064341708,-87.18422674060274,0.0,,124,2026-04-13,2026-10-07,19.92,19.68,19.83,20.59222716360707,21.157767913359915,21.3371995680772,0.40714650860043056,False,False,3.079776918308854,Banks,2026-08-14,momentum_14.8.2026
802,FIBK,FAIL,1_no_uptrend_stack,not in general uptrend (need EMA20 > EMA40 > EMA50),,,,,,,,-2.92,,,,0.78,0.701413357719442,-154.03387884008086,0.0,,124,2026-04-13,2026-10-07,35.24,34.55,34.74,36.25027629442513,36.74256970635197,36.85255097554477,0.723673874913752,False,False,3.124671307917755,Banks,2026-08-14,momentum_14.8.2026
803,SHW,FAIL,1_no_uptrend_stack,not in general uptrend (need EMA20 > EMA40 > EMA50),,,,,,,,-1.94,,,,0.48,1.0477612291443383,-140.33366045142344,0.0,,124,2026-04-13,2026-10-07,317.55,311.12,315.0,324.6104210995676,329.1338891535452,330.17678127940775,7.804570146069236,False,False,3.716461974318684,Chemical,2026-08-14,momentum_14.8.2026
804,HAPN,FAIL,1_no_uptrend_stack,not in general uptrend (need EMA20 > EMA40 > EMA50),,,,,,,,-3.22,,,,0.43,0.8256209232407058,-90.93211752786186,0.0,,129,2026-04-06,2026-10-07,15.26,14.81,15.16,15.802270643010715,16.609503856327102,16.860595337574647,0.5273915003435042,False,False,5.218253631367126,Banks,2026-08-14,momentum_14.8.2026
805,SMA,FAIL,1_no_uptrend_stack,not in general uptrend (need EMA20 > EMA40 > EMA50),,,,,,,,0.1,,,,0.63,0.8252021993332639,50.83909180651772,0.0,,124,2026-04-13,2026-10-07,33.09,32.63,32.81,32.44116498090223,32.668416458573176,32.73043492499742,0.7636218572680958,False,False,3.491108765321986,REIT,2026-08-14,momentum_14.8.2026
806,JBLU,FAIL,1_no_uptrend_stack,not in general uptrend (need EMA20 > EMA40 > EMA50),,,,,,,,-3.98,,,,0.45,1.1141848962444756,-127.57201646090445,0.0,,124,2026-04-13,2026-10-07,3.95,3.91,3.97,4.311855995397868,4.582789020776064,4.680057377034432,0.17835380922305272,False,True,6.7388089127098,Transportation,2026-08-14,momentum_14.8.2026
807,COHU,FAIL,2_no_bounce,latest candle not green,,,,,,,,3.35,,,,0.48,0.6639433091481244,-49.83922829582046,0.0,,124,2026-04-13,2026-10-07,70.95,69.91,70.78,64.64101838274348,60.22796683538184,59.02797099232215,3.5111039505171227,True,False,7.440881500106928,Electrical,2026-08-14,momentum_14.8.2026
808,EXR,FAIL,1_no_uptrend_stack,not in general uptrend (need EMA20 > EMA40 > EMA50),,,,,,,,-2.77,,,,0.7,1.0825729552838375,-66.50413111201678,0.0,,124,2026-04-13,2026-10-07,133.19,131.56,131.7,134.98730315618968,138.00773644488814,139.02019716969983,2.6406628561476984,False,False,3.0075886744279026,REIT,2026-08-14,momentum_14.8.2026
809,C,FAIL,1_no_uptrend_stack,not in general uptrend (need EMA20 > EMA40 > EMA50),,,,,,,,-1.77,,,,0.55,0.8736860092397501,-91.21125787792522,0.0,,124,2026-04-13,2026-10-07,125.9,124.1,127.32,131.17066670154466,132.6246402912306,132.93063157907645,3.176601916264996,False,True,3.7424622010662065,Finance,2026-08-14,momentum_14.8.2026
810,H,FAIL,1_no_uptrend_stack,not in general uptrend (need EMA20 > EMA40 > EMA50),,,,,,,,-2.21,,,,0.51,0.5367951574717128,-92.7181722773885,0.0,,124,2026-04-13,2026-10-07,157.62,155.9,157.14,160.4261023806894,165.0785070427541,166.9530133133504,4.444432406066113,False,False,4.242489887424697,Hotels & Motels,2026-08-14,momentum_14.8.2026
811,TXN,FAIL,2_no_bounce,latest candle not green,,,,,,,,1.63,,,,0.55,1.087119670973555,-28.84990253411264,0.0,,124,2026-04-13,2026-10-07,290.5,284.81,288.98,278.846335037431,275.7242169464241,275.7053887873428,8.119353615379511,True,False,4.214489038365723,Semi General,2026-08-14,momentum_14.8.2026
812,BWA,FAIL,1_no_uptrend_stack,not in general uptrend (need EMA20 > EMA40 > EMA50),,,,,,,,-0.61,,,,0.6,1.0051468349677997,49.46557295550614,0.0,,124,2026-04-13,2026-10-07,62.32,61.13,62.36,62.14400405481786,63.2478514268664,63.55232246527668,1.9697333082497794,False,True,4.737972999317943,Auto,2026-08-14,momentum_14.8.2026
813,LYB,FAIL,1_no_uptrend_stack,not in general uptrend (need EMA20 > EMA40 > EMA50),,,,,,,,-1.6,,,,0.49,0.8835777939788247,46.982957162598154,0.0,,124,2026-04-13,2026-10-07,59.5,57.94,58.49,60.121086227697276,61.19211319706967,61.51536746354131,1.8867168277303632,False,False,4.838562560430065,Chemical,2026-08-14,momentum_14.8.2026
814,ALH,FAIL,1_no_uptrend_stack,not in general uptrend (need EMA20 > EMA40 > EMA50),,,,,,,,-2.46,,,,1.51,0.8197392275111269,-76.10241820768104,0.0,,124,2026-04-13,2026-10-07,21.39,20.72,21.1,21.701803574756347,22.500142720765375,22.8322526408328,0.7041565961973762,False,False,5.005852579602201,Retail,2026-08-14,momentum_14.8.2026
815,BLZE,FAIL,1_no_uptrend_stack,not in general uptrend (need EMA20 > EMA40 > EMA50),,,,,,,,-0.28,,,,0.66,0.5317275994117614,-100.9495252373802,0.0,,124,2026-04-13,2026-10-07,13.63,13.53,13.73,13.85847836118587,14.047715255191617,13.962324383954025,0.8209656382312046,False,True,8.969034649284827,Internet,2026-08-13,momentum_13.8.2026
816,JCI,FAIL,2_no_bounce,latest candle not green,,,,,,,,2.5,,,,0.57,0.5578992297453821,20.57613168724174,0.0,,124,2026-04-13,2026-10-07,156.78,154.25,155.93,149.70268777473115,147.4098582915364,146.83990969207105,3.6379080626315536,True,False,3.4995588366236974,Building Products,2026-08-13,momentum_13.8.2026
817,NVT,FAIL,2_no_bounce,latest candle not green,,,,,,,,1.19,,,,0.73,0.7473188306113884,-32.565918929554904,0.0,,124,2026-04-13,2026-10-07,169.28,163.66,167.82,162.5711284875778,160.28241357623176,159.79190832782552,6.757813715965136,True,False,6.040233925603447,Electronics,2026-08-13,momentum_13.8.2026
818,MC,FAIL,1_no_uptrend_stack,not in general uptrend (need EMA20 > EMA40 > EMA50),,,,,,,,-3.12,,,,0.97,1.6357236302201428,-106.94529809465311,0.0,,124,2026-04-13,2026-10-07,56.06,54.1,56.15,59.15895511309044,61.728722297719486,62.49296792288388,2.0361420492961924,False,True,5.439382144157237,Finance,2026-08-13,momentum_13.8.2026
819,JBHT,FAIL,1_no_uptrend_stack,not in general uptrend (need EMA20 > EMA40 > EMA50),,,,,,,,-3.98,,,,1.11,0.3952822152350206,-108.92917086270663,0.0,,124,2026-04-13,2026-10-07,223.46,222.11,222.64,237.26245887015742,248.36911076304034,251.66862856087326,7.288425117164611,False,False,4.910455298125636,Transportation,2026-08-13,momentum_13.8.2026
820,ULCC,FAIL,1_no_uptrend_stack,not in general uptrend (need EMA20 > EMA40 > EMA50),,,,,,,,-0.02,,,,0.53,1.3008138834870866,-55.555555555554804,0.0,,124,2026-04-13,2026-10-07,5.95,5.95,6.07,6.019112514182223,6.062304823747712,6.076556026891017,0.30460358869034426,False,True,7.527271549184785,Transportation,2026-08-13,momentum_13.8.2026
821,ABEO,FAIL,1_no_uptrend_stack,not in general uptrend (need EMA20 > EMA40 > EMA50),,,,,,,,-2.65,,,,3.54,0.4819140047260021,-43.07116104869211,1.2056737588652515,,124,2026-04-13,2026-10-07,4.93,4.93,5.08,5.3672775181270085,5.630323761313772,5.704266435715322,0.23579434629020585,False,True,6.962431484947023,Medical,2026-08-13,momentum_13.8.2026
822,CRI,FAIL,1_no_uptrend_stack,not in general uptrend (need EMA20 > EMA40 > EMA50),,,,,,,,-0.89,,,,0.66,0.6819248697904242,51.00728675525077,0.0,,124,2026-04-13,2026-10-07,33.48,32.35,32.45,31.83905308480547,32.974907859656575,33.5306430203954,1.2169095923755582,False,False,5.625159903122764,Shoes and Related Apparel,2026-08-13,momentum_13.8.2026
823,KNX,FAIL,1_no_uptrend_stack,not in general uptrend (need EMA20 > EMA40 > EMA50),,,,,,,,-2.06,,,,0.63,0.43638936456383615,-112.94765840220388,0.0,,124,2026-04-13,2026-10-07,63.93,63.41,63.62,65.93792763801108,67.49195033294657,68.03085693637755,2.1395525224306753,False,False,5.044528110100618,Transportation,2026-08-13,momentum_13.8.2026
824,WMS,FAIL,1_no_uptrend_stack,not in general uptrend (need EMA20 > EMA40 > EMA50),,,,,,,,-1.97,,,,1.31,1.119416456496584,-89.74358974359022,0.0,,124,2026-04-13,2026-10-07,126.83,124.39,126.08,129.60362119847906,132.8014002548843,134.10661133383311,4.084187841845391,False,False,4.859043276307175,Building & Construction,2026-08-13,momentum_13.8.2026
825,RXO,FAIL,1_no_uptrend_stack,not in general uptrend (need EMA20 > EMA40 > EMA50),,,,,,,,4.43,,,,0.91,1.4437096536723293,52.74875834903235,0.0,,124,2026-04-13,2026-10-07,28.34,28.18,28.36,22.71258418372062,22.228008038433973,22.2732172078962,1.3753089721064164,False,True,7.274201192382317,Transportation,2026-08-13,momentum_13.8.2026
826,SLM,FAIL,1_no_uptrend_stack,not in general uptrend (need EMA20 > EMA40 > EMA50),,,,,,,,-3.13,,,,0.66,1.0938258551634596,-72.96849087893877,0.0,,124,2026-04-13,2026-10-07,22.35,22.25,22.6,23.803697381572725,24.58610232271841,24.71281627468083,0.6749941636378761,False,True,4.4800497586584695,Finance,2026-08-12,momentum_12.8.2026
827,YETI,FAIL,1_no_uptrend_stack,not in general uptrend (need EMA20 > EMA40 > EMA50),,,,,,,,-2.53,,,,2.04,1.0994421236832252,-117.58055398530229,0.0,,124,2026-04-13,2026-10-07,39.72,39.42,39.47,41.454087078589176,42.64692130276034,43.11197203599462,1.4387235271429326,False,False,5.467659718050162,Leisure & Recreational Prdcts,2026-08-12,momentum_12.8.2026
828,PRM,FAIL,1_no_uptrend_stack,not in general uptrend (need EMA20 > EMA40 > EMA50),,,,,,,,-1.72,,,,0.94,0.8222142962776091,72.1736462647644,0.0,,124,2026-04-13,2026-10-07,28.2,28.15,28.44,29.097429604006827,30.279772291209838,30.637170135094678,1.2803466730475934,False,True,6.752883296664522,Chemical,2026-08-12,momentum_12.8.2026
829,AM,FAIL,1_no_uptrend_stack,not in general uptrend (need EMA20 > EMA40 > EMA50),,,,,,,,-1.27,,,,0.91,1.209083820205638,64.24659306537974,0.0,,124,2026-04-13,2026-10-07,21.21,20.4551,20.85,21.05217483473541,21.430361291938556,21.531980596103953,0.5386386089538077,False,False,3.875097906142501,Oil,2026-08-12,momentum_12.8.2026
830,ZGN,FAIL,1_no_uptrend_stack,not in general uptrend (need EMA20 > EMA40 > EMA50),,,,,,,,-1.65,,,,0.64,1.058776178066192,-166.66666666666725,0.0,,124,2026-04-13,2026-10-07,12.32,12.05,12.19,12.51257316538283,12.788329992419234,12.892268586880656,0.42565665392605073,False,False,5.2377767095084184,Retail,2026-08-12,momentum_12.8.2026
831,BURL,FAIL,1_no_uptrend_stack,not in general uptrend (need EMA20 > EMA40 > EMA50),,,,,,,,-1.31,,,,1.44,0.6449134367935669,-49.779458097042316,0.0,,124,2026-04-13,2026-10-07,274.99,270.67,272.56,266.9165545630715,278.70733938850464,284.4748022769563,9.073318245095821,False,False,4.993387645892183,Retail,2026-08-12,momentum_12.8.2026
832,AFL,FAIL,1_no_uptrend_stack,not in general uptrend (need EMA20 > EMA40 > EMA50),,,,,,,,-2.06,,,,0.62,0.6138141746508678,76.42872317824408,0.0,,124,2026-04-13,2026-10-07,113.23,112.51,112.74,114.14316055182566,115.87828086642993,116.40212937867197,1.7735321673722022,False,False,2.3596755819215036,Insurance,2026-08-12,momentum_12.8.2026
833,SPG,FAIL,1_no_uptrend_stack,not in general uptrend (need EMA20 > EMA40 > EMA50),,,,,,,,-3.94,,,,0.78,1.0751342630148675,-130.48056672410326,0.0,,124,2026-04-13,2026-10-07,201.47,197.31,197.59,204.14516848729767,208.3425371566092,209.6264595704409,3.0575075977775437,False,False,2.321099952763963,REIT,2026-08-12,momentum_12.8.2026
834,ARWR,FAIL,1_no_uptrend_stack,not in general uptrend (need EMA20 > EMA40 > EMA50),,,,,,,,-4.31,,,,0.46,0.6854793396220465,-81.65490917765713,1.5516746960312053,,124,2026-04-13,2026-10-07,61.64,60.78,61.48,68.50335609109494,73.49962144369975,74.73856928150894,3.0773621065708,False,False,7.508202927547497,Medical,2026-08-11,momentum_11.8.2026
835,BFH,FAIL,1_no_uptrend_stack,not in general uptrend (need EMA20 > EMA40 > EMA50),,,,,,,,-1.69,,,,0.77,1.1656482619028325,-31.27613313262979,0.0,,124,2026-04-13,2026-10-07,97.09,96.6,97.64,101.64915935875716,103.32172423887121,103.32993384037171,3.373132541685136,False,True,5.181993867807972,Finance,2026-08-11,momentum_11.8.2026
836,PFGC,FAIL,1_no_uptrend_stack,not in general uptrend (need EMA20 > EMA40 > EMA50),,,,,,,,-2.04,,,,1.7,0.7801926853693079,53.02719693863615,0.0,,124,2026-04-13,2026-10-07,93.14,92.75,93.48,93.65881513259102,96.75239504790844,97.81636241315738,2.1251266361870345,False,True,3.4100234855376033,Food Items,2026-08-11,momentum_11.8.2026
837,PCAR,FAIL,1_no_uptrend_stack,not in general uptrend (need EMA20 > EMA40 > EMA50),,,,,,,,-4.73,,,,0.73,0.896332303735303,-160.9294320137679,0.0,,124,2026-04-13,2026-10-07,108.58,106.52,106.86,113.6716206604628,117.93136925964413,119.06629974177397,2.579388063348068,False,False,3.620701941813683,Auto,2026-08-11,momentum_11.8.2026
838,BCS,FAIL,1_no_uptrend_stack,not in general uptrend (need EMA20 > EMA40 > EMA50),,,,,,,,-4.72,,,,0.36,2.0604068069150596,-166.66666666666723,0.0,,124,2026-04-13,2026-10-07,22.76,22.74,23.0,24.622543236568482,25.414627723814903,25.602797187040743,0.5518353586662242,False,True,3.5989262521710272,Banks,2026-08-11,momentum_11.8.2026
839,CSCO,FAIL,1_no_uptrend_stack,not in general uptrend (need EMA20 > EMA40 > EMA50),,,,,,,,2.29,,,,0.71,0.8379528577511318,93.18902563207358,0.0,,124,2026-04-13,2026-10-07,117.17,116.58,117.39,110.90623303925452,111.13905967554544,111.25371950277034,2.682330092456499,False,True,3.427459867692945,Computer,2026-08-11,momentum_11.8.2026
840,TPR,FAIL,1_no_uptrend_stack,not in general uptrend (need EMA20 > EMA40 > EMA50),,,,,,,,-3.31,,,,1.54,0.6821191703198448,-140.81351258186754,0.0,,124,2026-04-13,2026-10-07,115.01,112.79,113.42,117.08951339505303,122.33443818972098,124.63784609614633,3.385742596232916,False,False,4.477705778830342,Retail,2026-08-11,momentum_11.8.2026
841,CB,FAIL,1_no_uptrend_stack,not in general uptrend (need EMA20 > EMA40 > EMA50),,,,,,,,-0.72,,,,0.6,0.6400210877376562,117.27206017244596,0.0,,124,2026-04-13,2026-10-07,334.32,333.58,334.7,334.9332340037428,337.73015500106084,338.32710944830063,5.018746060810479,False,True,2.2492139501690227,Insurance,2026-08-11,momentum_11.8.2026
842,MAC,FAIL,1_no_uptrend_stack,not in general uptrend (need EMA20 > EMA40 > EMA50),,,,,,,,-2.3,,,,1.14,1.0712392164001197,-78.94736842105266,0.0,,124,2026-04-13,2026-10-07,22.96,22.17,22.19,22.820181347342515,23.228120119165776,23.359286895660702,0.5085091210487003,False,False,3.43742082727828,REIT,2026-08-11,momentum_11.8.2026
843,GEV,FAIL,1_no_uptrend_stack,not in general uptrend (need EMA20 > EMA40 > EMA50),,,,,,,,0.64,,,,0.56,0.8249064848591826,14.474052930328105,0.0,,124,2026-04-13,2026-10-07,1008.9,980.47,997.09,967.6739122578816,968.3704869166013,972.213565097007,38.61931848443447,False,False,5.8098043031874465,Other Alt Energy,2026-08-11,momentum_11.8.2026
844,ASPN,FAIL,2_no_bounce,candle did not touch EMA20 & EMA40,,,,,,,,1.68,,,,0.65,0.6423951436049231,12.092251891091932,0.0,,124,2026-04-13,2026-10-07,5.53,5.53,5.78,5.40884083417708,5.319160122081451,5.299344485675564,0.2869447806994283,True,True,7.446663858981703,Building & Construction,2026-08-11,momentum_11.8.2026
845,FATE,FAIL,1_no_uptrend_stack,not in general uptrend (need EMA20 > EMA40 > EMA50),,,,,,,,-1.74,,,,0.53,0.47852895644937044,-156.50406504065046,0.0,,124,2026-04-13,2026-10-07,2.28,2.14,2.15,2.374509625466128,2.418994527930243,2.420992088487609,0.1557954654213489,False,False,10.869451075908062,Medical,2026-08-10,momentum_10.8.2026
846,EVC,FAIL,1_no_uptrend_stack,not in general uptrend (need EMA20 > EMA40 > EMA50),,,,,,,,-3.99,,,,2.08,0.9724272576619505,-79.17584125157877,1.666666666666667,,124,2026-04-13,2026-10-07,6.65,6.6416,6.78,7.584258744130859,8.151151440070933,8.323206890336788,0.3863113419413531,False,True,8.546711104897192,Broadcast,2026-08-10,momentum_10.8.2026
847,BUD,FAIL,1_no_uptrend_stack,not in general uptrend (need EMA20 > EMA40 > EMA50),,,,,,,,-2.45,,,,0.68,1.021327789784332,50.07473841554669,0.0,,124,2026-04-13,2026-10-07,75.24,74.55,74.62,76.36925852489293,77.74374546791792,78.14615845718053,1.439960635212098,False,False,2.894587178796766,Beverages,2026-08-10,momentum_10.8.2026
848,RPM,FAIL,1_no_uptrend_stack,not in general uptrend (need EMA20 > EMA40 > EMA50),,,,,,,,-1.67,,,,1.04,1.937402101116035,-10.752688172042932,1.4068076956559483,,124,2026-04-13,2026-10-07,98.1,96.5,98.33,99.90174323560565,102.14571164236399,102.88018643453363,2.721674174845555,False,True,4.15184710898844,Chemical,2026-08-10,momentum_10.8.2026
849,HXL,FAIL,1_no_uptrend_stack,not in general uptrend (need EMA20 > EMA40 > EMA50),,,,,,,,-3.1,,,,0.86,0.5456277053778646,-166.66666666666669,0.0,,124,2026-04-13,2026-10-07,85.0,83.11,83.9,87.34789055448401,90.44308097416915,91.41957144948937,2.4242127256648014,False,False,4.334110951724913,Aerospace,2026-08-10,momentum_10.8.2026
850,VTR,FAIL,1_no_uptrend_stack,not in general uptrend (need EMA20 > EMA40 > EMA50),,,,,,,,-4.59,,,,0.75,1.7748173323459464,-96.90959066934101,1.4724966104977621,,124,2026-04-13,2026-10-07,82.13,79.93,80.04,85.70157274319492,87.74969430526217,88.21057124732232,1.779853344689965,False,False,3.3355572426723477,REIT,2026-08-10,momentum_10.8.2026
851,ELDN,FAIL,1_no_uptrend_stack,not in general uptrend (need EMA20 > EMA40 > EMA50),,,,,,,,-3.7,,,,0.75,0.6746036925762935,-152.7777777777778,0.0,,124,2026-04-13,2026-10-07,2.42,2.39,2.42,2.6548748236980084,2.890146209596875,2.979334534835348,0.15105122301323815,False,False,9.362679112390794,Medical,2026-08-10,momentum_10.8.2026
852,M,FAIL,1_no_uptrend_stack,not in general uptrend (need EMA20 > EMA40 > EMA50),,,,,,,,0.05,,,,0.61,1.8908253299637179,-60.38647342995178,1.3746958637469684,,124,2026-04-13,2026-10-07,22.02,21.45,22.79,22.576879295271624,22.708611711036855,22.745262753107554,0.8397414206344167,False,True,5.52703874923925,Retail,2026-08-07,momentum_7.8.2026
853,CRS,FAIL,1_no_uptrend_stack,not in general uptrend (need EMA20 > EMA40 > EMA50),,,,,,,,-4.03,,,,0.74,0.745933534443453,-22.70307969019513,0.0,,124,2026-04-13,2026-10-07,387.8,379.18,391.17,409.24301363309655,440.4586437214567,451.4357890583154,14.950213474589047,False,True,5.732883455245434,Steel,2026-08-07,momentum_7.8.2026
854,BLK,FAIL,1_no_uptrend_stack,not in general uptrend (need EMA20 > EMA40 > EMA50),,,,,,,,-0.67,,,,0.71,0.7735320121675856,-19.332021485932213,0.0,,124,2026-04-13,2026-10-07,1067.02,1057.95,1069.63,1076.217917693171,1085.0155719461661,1085.3519385201664,23.56203094314163,False,True,3.3042310345364703,Finance,2026-08-07,momentum_7.8.2026
855,HIG,FAIL,1_no_uptrend_stack,not in general uptrend (need EMA20 > EMA40 > EMA50),,,,,,,,-2.45,,,,0.81,0.9222795716999616,74.2147922999,0.0,,124,2026-04-13,2026-10-07,126.58,126.2,126.92,128.95794999650937,131.98251468727875,132.81461358291597,2.4033163469206253,False,True,2.8403518124652836,Insurance,2026-08-07,momentum_7.8.2026
856,LEVI,FAIL,1_no_uptrend_stack,not in general uptrend (need EMA20 > EMA40 > EMA50),,,,,,,,-2.68,,,,0.4,7.984603876641436,-71.27882599580661,0.0,,124,2026-04-13,2026-10-07,20.27,19.35,19.51,20.117933773104532,20.77017728056325,21.051901466170303,0.574424134455139,False,False,4.416382376641252,Retail,2026-08-07,momentum_7.8.2026
857,L,FAIL,1_no_uptrend_stack,not in general uptrend (need EMA20 > EMA40 > EMA50),,,,,,,,-1.97,,,,0.51,0.5821555179214523,68.84057971014504,0.0,,124,2026-04-13,2026-10-07,106.23,105.62,105.67,106.65515579821957,108.24410639376227,108.75722372835658,1.565978788451721,False,False,2.222928156219912,Insurance,2026-08-07,momentum_7.8.2026
858,INN,FAIL,1_no_uptrend_stack,not in general uptrend (need EMA20 > EMA40 > EMA50),,,,,,,,-0.03,,,,0.37,0.8993292405171209,-28.169014084507527,0.0,,124,2026-04-13,2026-10-07,5.93,5.92,5.97,5.88121191900667,5.947079827403002,5.975202205950586,0.17570827460829008,False,True,4.4147807690525145,REIT,2026-08-07,momentum_7.8.2026
859,MTH,FAIL,1_no_uptrend_stack,not in general uptrend (need EMA20 > EMA40 > EMA50),,,,,,,,-3.13,,,,0.97,2.267463756596377,-162.44339951236452,0.0,,124,2026-04-13,2026-10-07,61.6,59.16,60.07,64.26983036669161,66.36221454647124,67.08035156200938,2.242818060027139,False,False,5.6005112203108185,Building,2026-08-07,momentum_7.8.2026
860,KLC,FAIL,1_no_uptrend_stack,not in general uptrend (need EMA20 > EMA40 > EMA50),,,,,,,,-5.81,,,,0.48,0.7286867760207727,101.44927536231876,0.0,,124,2026-04-13,2026-10-07,1.98,1.94,1.97,2.17303079038175,2.6160996866561588,2.7951850002245755,0.14213173886654062,False,False,10.822213619279744,Schools,2026-08-07,momentum_7.8.2026
861,AHRT,FAIL,1_no_uptrend_stack,not in general uptrend (need EMA20 > EMA40 > EMA50),,,,,,,,-2.22,,,,0.73,0.4500042542154,-11.982570806100366,0.8333333333333277,,124,2026-04-13,2026-10-07,6.04,5.99,6.02,6.147771848896827,6.324200366169098,6.38106896209265,0.162719013140043,False,False,4.054460460300075,REIT,2026-08-07,momentum_7.8.2026
862,CPT,FAIL,1_no_uptrend_stack,not in general uptrend (need EMA20 > EMA40 > EMA50),,,,,,,,-4.12,,,,0.68,0.6526040451311533,-43.15886134067743,0.0,,124,2026-04-13,2026-10-07,97.24,95.77,95.8,99.21291969874797,102.20297330546889,103.21114258057193,1.7979872534364056,False,False,2.8152201254223472,REIT,2026-08-07,momentum_7.8.2026
863,PENN,FAIL,1_no_uptrend_stack,not in general uptrend (need EMA20 > EMA40 > EMA50),,,,,,,,-2.18,,,,0.72,0.7753774281306924,73.34785766158342,0.0,,124,2026-04-13,2026-10-07,15.82,15.47,15.72,15.91707630119013,16.825682598031044,17.14055419317834,0.6519935866974763,False,False,6.2213128501667585,Gaming,2026-08-07,momentum_7.8.2026
864,ZTO,FAIL,1_no_uptrend_stack,not in general uptrend (need EMA20 > EMA40 > EMA50),,,,,,,,-3.32,,,,1.56,0.49645084941874323,104.96794871795049,0.0,,124,2026-04-13,2026-10-07,19.67,19.67,19.8,20.021320799453964,20.737663728116843,21.03329204755205,0.3716515584098266,False,True,2.815542109165353,Transportation,2026-08-07,momentum_7.8.2026
865,SEZL,FAIL,1_no_uptrend_stack,not in general uptrend (need EMA20 > EMA40 > EMA50),,,,,,,,-1.42,,,,1.87,0.6136124903808736,90.58204467353882,0.0,,124,2026-04-13,2026-10-07,110.63,110.08,113.85,113.39905359389002,119.66358663749003,121.78488103586692,5.599673465213793,False,True,7.377698900149925,Financial Transaction Services,2026-08-06,momentum_6.8.2026
866,TNGX,FAIL,1_no_uptrend_stack,not in general uptrend (need EMA20 > EMA40 > EMA50),,,,,,,,-1.74,,,,0.32,1.064232838820341,-88.19177271382061,1.3633316574493046,,124,2026-04-13,2026-10-07,21.64,21.38,21.83,23.626052866203608,24.25185994846666,24.500277229303045,1.5365179486231644,False,True,10.557842065665355,Medical,2026-08-06,momentum_6.8.2026
867,AIG,FAIL,1_no_uptrend_stack,not in general uptrend (need EMA20 > EMA40 > EMA50),,,,,,,,-0.2,,,,0.79,1.143202393534944,98.54014598540054,0.0,,124,2026-04-13,2026-10-07,74.94,74.88,75.66,75.23763970834864,75.75451759817764,75.94758596205585,1.4098505881153875,False,True,2.7951042587537422,Insurance,2026-08-06,momentum_6.8.2026
868,TDAY,FAIL,1_no_uptrend_stack,not in general uptrend (need EMA20 > EMA40 > EMA50),,,,,,,,0.47,,,,3.43,1.0840569476968784,-25.013376136971207,0.0,,124,2026-04-13,2026-10-07,7.26,6.99,7.06,6.742815574295454,6.832945995292438,6.915689840781395,0.30541880205386057,False,False,6.48906803230582,Media Conglomerates,2026-08-06,momentum_6.8.2026
869,PPG,FAIL,1_no_uptrend_stack,not in general uptrend (need EMA20 > EMA40 > EMA50),,,,,,,,-1.78,,,,0.69,1.393515613207903,-40.238450074515725,0.0,,124,2026-04-13,2026-10-07,104.96,103.5,105.08,106.58112613656868,108.60427396745094,109.34773630139708,2.3967049502112614,False,True,3.421257542174431,Chemical,2026-08-06,momentum_6.8.2026
870,NTES,FAIL,1_no_uptrend_stack,not in general uptrend (need EMA20 > EMA40 > EMA50),,,,,,,,-0.14,,,,0.43,0.9413330837919631,54.18381344307189,1.666666666666674,,124,2026-04-13,2026-10-07,119.07,119.07,120.61,119.36603302693212,120.54317845915963,120.97790078268403,2.583779997254862,False,True,3.213390262733018,Internet Software Services,2026-08-06,momentum_6.8.2026
871,IRT,FAIL,1_no_uptrend_stack,not in general uptrend (need EMA20 > EMA40 > EMA50),,,,,,,,-3.44,,,,0.99,0.4859676386376385,-37.135278514590816,0.0,,124,2026-04-13,2026-10-07,14.75,14.4,14.44,14.908447968616645,15.373220240678345,15.528121898175234,0.3160980390025817,False,False,3.283566887145932,REIT,2026-08-06,momentum_6.8.2026
872,RRR,FAIL,1_no_uptrend_stack,not in general uptrend (need EMA20 > EMA40 > EMA50),,,,,,,,-2.44,,,,1.26,0.5927702097598007,32.06034889203252,0.0,,124,2026-04-13,2026-10-07,51.83,50.57,50.7,51.963293397407064,54.47955381792389,55.338682694278035,1.9038393456856721,False,False,5.632660786052285,Gaming,2026-08-06,momentum_6.8.2026
873,OPLN,FAIL,1_no_uptrend_stack,not in general uptrend (need EMA20 > EMA40 > EMA50),,,,,,,,-0.91,,,,0.92,1.0968505781210047,-59.40023068050729,0.0,,124,2026-04-13,2026-10-07,34.8,34.5,34.79,34.904754551347025,35.35267703271394,35.55246767596462,0.8335927949784333,False,False,3.594105180993533,Auto,2026-08-06,momentum_6.8.2026
874,CALY,FAIL,1_no_uptrend_stack,not in general uptrend (need EMA20 > EMA40 > EMA50),,,,,,,,-3.82,,,,1.6,1.032825540862802,-151.34099616858356,0.0,,124,2026-04-13,2026-10-07,14.19,13.83,13.91,14.63062641717644,15.262252702363197,15.481531092109698,0.4118212607347393,False,False,4.4409194184191865,Leisure & Recreational Prdcts,2026-08-05,momentum_5.8.2026
875,DHC,FAIL,1_no_uptrend_stack,not in general uptrend (need EMA20 > EMA40 > EMA50),,,,,,,,-2.16,,,,1.85,0.5794760888533969,-72.91666666666632,1.2412518675788358,,124,2026-04-13,2026-10-07,7.55,7.5,7.52,7.823521643693033,7.979683986589001,8.044238417259733,0.24253474312293477,False,False,4.837794078250028,REIT,2026-08-05,momentum_5.8.2026
876,APPS,FAIL,2_no_bounce,EMA20 not rising,,,,,,,,-0.28,,,,2.91,0.7049746689246058,-103.69905493207332,1.6666666666666725,,124,2026-04-13,2026-10-07,10.3,10.28,10.63,11.145587153519221,11.02280397921939,10.861901222265145,0.8271642811418453,True,True,11.6721206181822,Internet,2026-08-05,momentum_5.8.2026
877,PPLI,FAIL,1_no_uptrend_stack,not in general uptrend (need EMA20 > EMA40 > EMA50),,,,,,,,0.48,,,,1.37,0.6302812644660772,-101.52116402116289,0.0,,128,2026-04-06,2026-10-07,41.2,40.56,40.59,39.65735575691946,39.7201458038273,39.93484749291933,1.3694883126849426,False,False,5.060932419382641,Media Conglomerates,2026-08-05,momentum_5.8.2026
878,AER,FAIL,1_no_uptrend_stack,not in general uptrend (need EMA20 > EMA40 > EMA50),,,,,,,,-0.9,,,,0.86,0.876214597219009,-74.07407407407354,0.0,,124,2026-04-13,2026-10-07,144.2,141.86,142.56,144.41984744066573,145.17789728733135,145.42868635236698,3.176086734199991,False,False,3.341842102483156,Transportation,2026-08-05,momentum_5.8.2026
879,BROS,FAIL,1_no_uptrend_stack,not in general uptrend (need EMA20 > EMA40 > EMA50),,,,,,,,-5.44,,,,1.22,0.8169010278690354,-30.65134099616938,0.0,,124,2026-04-13,2026-10-07,38.73,38.15,38.18,40.46046400221079,44.585753916683835,46.27623931263509,1.4880199523060675,False,False,5.846071054109747,Retail,2026-08-05,momentum_5.8.2026
880,VTRS,FAIL,2_no_bounce,latest candle not green,,,,,,,,1.03,,,,1.16,0.8523540271925527,-20.11494252872857,1.0987654320987679,,124,2026-04-13,2026-10-07,17.55,17.41,17.49,17.36489545474504,17.11433569234002,17.018823712611447,0.4565152093409286,True,False,3.915224779939354,Medical Services,2026-08-05,momentum_5.8.2026
881,UNH,FAIL,1_no_uptrend_stack,not in general uptrend (need EMA20 > EMA40 > EMA50),,,,,,,,-1.25,,,,0.86,1.2757387717926325,68.10312088108566,0.0,,124,2026-04-13,2026-10-07,375.92,372.01,375.98,377.9425663899711,384.9537050085479,387.02676520282347,8.840066235836746,False,True,3.5268097648159795,Medical,2026-08-05,momentum_5.8.2026
882,PRMB,FAIL,1_no_uptrend_stack,not in general uptrend (need EMA20 > EMA40 > EMA50),,,,,,,,-3.22,,,,3.17,3.6899397973364962,-85.53326293558546,0.0,,124,2026-04-13,2026-10-07,19.28,18.71,19.0,20.041356166785487,20.993062945168308,21.300330911118802,0.7134934290876318,False,False,5.632842861218146,Beverages,2026-08-05,momentum_5.8.2026
883,SKT,FAIL,1_no_uptrend_stack,not in general uptrend (need EMA20 > EMA40 > EMA50),,,,,,,,-3.34,,,,0.98,0.7421490345882099,-16.94486595852484,0.0,,124,2026-04-13,2026-10-07,34.71,34.5,34.55,35.42221121820817,36.422814214118006,36.752840604625106,0.6604810979334462,False,False,2.867501148770389,REIT,2026-08-05,momentum_5.8.2026
884,AFRM,FAIL,1_no_uptrend_stack,not in general uptrend (need EMA20 > EMA40 > EMA50),,,,,,,,0.79,,,,0.56,0.8090729576590843,68.44157590426263,0.0,,124,2026-04-13,2026-10-07,73.93,73.5,75.31,72.03905889200867,72.59992928824522,72.70329742026607,3.2818666082429275,False,True,6.536714795331817,Internet,2026-08-05,momentum_5.8.2026
885,RH,FAIL,1_no_uptrend_stack,not in general uptrend (need EMA20 > EMA40 > EMA50),,,,,,,,-4.12,,,,0.87,1.0626888312308467,-101.15056700604254,0.0,,124,2026-04-13,2026-10-07,115.7,112.95,115.19,126.18481128259545,136.44022170435656,139.64473266847466,5.932540471562582,False,False,7.725332674141742,Consumer Prdts,2026-08-05,momentum_5.8.2026
886,TT,FAIL,1_no_uptrend_stack,not in general uptrend (need EMA20 > EMA40 > EMA50),,,,,,,,1.13,,,,0.9,1.6674294694035863,20.65303831220433,0.0,,124,2026-04-13,2026-10-07,469.73,462.21,467.27,453.5293501377569,453.4020108757148,454.6597267416624,11.118359136053627,False,False,3.5691439005458174,Technology Services,2026-08-05,momentum_5.8.2026
887,FBIN,FAIL,1_no_uptrend_stack,not in general uptrend (need EMA20 > EMA40 > EMA50),,,,,,,,-2.55,,,,2.11,0.8288974668050848,-47.20133667501932,0.0,,124,2026-04-13,2026-10-07,38.35,37.44,38.52,39.71769436477518,41.594437150282566,42.18860489786491,1.4409016800989347,False,True,5.610987850852549,Building Prdcts,2026-08-05,momentum_5.8.2026
888,KRC,FAIL,1_no_uptrend_stack,not in general uptrend (need EMA20 > EMA40 > EMA50),,,,,,,,-1.82,,,,1.12,0.9579964989503117,83.41527368075964,1.0582208895552243,,124,2026-04-13,2026-10-07,33.73,33.38,34.01,34.306424049534215,35.14064148622389,35.37949920581721,0.7516462221727951,False,True,3.315111241573634,REIT,2026-08-05,momentum_5.8.2026
889,TKR,FAIL,1_no_uptrend_stack,not in general uptrend (need EMA20 > EMA40 > EMA50),,,,,,,,-2.23,,,,1.89,0.734074889264126,-116.61987408541758,0.0,,124,2026-04-13,2026-10-07,117.42,114.1,114.91,118.73505503601466,121.35780878395813,122.37729267810555,3.3461500031992584,False,False,4.367961887389163,Electronics Products,2026-08-05,momentum_5.8.2026
890,WYFI,FAIL,1_no_uptrend_stack,not in general uptrend (need EMA20 > EMA40 > EMA50),,,,,,,,-2.79,,,,0.34,0.8337750605349673,-162.86599099099047,0.0,,124,2026-04-13,2026-10-07,16.97,16.43,16.83,18.554480785655336,20.16335705065096,20.860167727235915,1.4456933238249556,False,False,12.88496723551654,Technology Services,2026-08-05,momentum_5.8.2026
891,XRAY,FAIL,1_no_uptrend_stack,not in general uptrend (need EMA20 > EMA40 > EMA50),,,,,,,,-4.86,,,,0.64,0.8190854986161417,-90.99901088031532,0.0,,124,2026-04-13,2026-10-07,8.46,8.38,8.54,9.396969833615433,10.110907870965882,10.33618429599912,0.3692757952195183,False,True,6.48610881533112,Medical,2026-08-05,momentum_5.8.2026
892,MGM,FAIL,1_no_uptrend_stack,not in general uptrend (need EMA20 > EMA40 > EMA50),,,,,,,,-7.62,,,,0.74,1.1542162002883523,-144.35695538057666,0.0,,124,2026-04-13,2026-10-07,30.2,29.62,30.0,34.32032054918765,37.465373896916574,38.409427527731076,1.1040018153628264,False,False,5.520009076814132,Gaming,2026-08-05,momentum_5.8.2026
893,ROK,FAIL,1_no_uptrend_stack,not in general uptrend (need EMA20 > EMA40 > EMA50),,,,,,,,0.38,,,,1.34,0.9256754653599136,-61.541790306626716,0.0,,124,2026-04-13,2026-10-07,448.49,437.55,441.9,436.76173627985827,436.8717624369361,437.89703448993345,10.534377054534913,False,False,3.5758238474320816,Electronics Products,2026-08-05,momentum_5.8.2026
894,WSC,FAIL,1_no_uptrend_stack,not in general uptrend (need EMA20 > EMA40 > EMA50),,,,,,,,-4.47,,,,1.14,0.8764598109836289,-122.71062271062202,0.0,,124,2026-04-13,2026-10-07,16.98,16.51,16.88,18.082601105187376,19.563736767431678,20.161567873769297,0.7340598551278776,False,False,6.523043736325927,Real Estate Operations,2026-08-05,momentum_5.8.2026
895,AKR,FAIL,1_no_uptrend_stack,not in general uptrend (need EMA20 > EMA40 > EMA50),,,,,,,,-5.14,,,,1.04,0.8601698676959685,-123.809523809523,0.0,,124,2026-04-13,2026-10-07,18.38,18.05,18.08,19.12731346012389,19.751611749874613,19.96885068200821,0.3671279389407478,False,False,3.0458623252827532,REIT,2026-08-05,momentum_5.8.2026
896,SANA,FAIL,1_no_uptrend_stack,not in general uptrend (need EMA20 > EMA40 > EMA50),,,,,,,,-2.73,,,,0.88,1.0613283380542042,-122.27414330218035,1.4360587002096488,,124,2026-04-13,2026-10-07,2.71,2.7,2.72,3.037267886874044,3.2122645120096687,3.2533946870578663,0.19520039360925556,False,True,10.76472758874571,Medical,2026-08-05,momentum_5.8.2026
897,LASR,FAIL,1_no_uptrend_stack,not in general uptrend (need EMA20 > EMA40 > EMA50),,,,,,,,-3.26,,,,1.07,1.755632985582568,-24.064171122993745,0.0,,124,2026-04-13,2026-10-07,40.73,38.4,39.88,40.66762176702841,44.46540653965867,46.48584354798167,2.0239717867856424,False,False,7.612732397639076,Electronics,2026-08-04,momentum_4.8.2026
898,HST,FAIL,1_no_uptrend_stack,not in general uptrend (need EMA20 > EMA40 > EMA50),,,,,,,,-0.93,,,,1.0,0.700242712616283,-77.67944936086762,0.0,,124,2026-04-13,2026-10-07,22.46,22.21,22.24,22.37388376304066,22.556071203288933,22.63663365445412,0.42777104998100685,False,False,2.88514647019564,REIT,2026-08-04,momentum_4.8.2026
899,NVRI,FAIL,1_no_uptrend_stack,not in general uptrend (need EMA20 > EMA40 > EMA50),,,,,,,,-1.45,,,,0.24,0.7249567001191515,-51.56295647093263,0.0,,93,2026-05-27,2026-10-07,19.78,19.42,19.66,20.308234349226385,20.772884420149413,20.835191740889968,0.8083726600306267,False,False,6.167644913763682,Waste Removal Svcs,2026-08-04,momentum_4.8.2026
900,VVV,FAIL,1_no_uptrend_stack,not in general uptrend (need EMA20 > EMA40 > EMA50),,,,,,,,-0.97,,,,0.92,0.752004114091815,30.67993366500725,0.0,,124,2026-04-13,2026-10-07,30.47,30.47,30.73,30.037407448719538,31.168535220855688,31.705826126850376,1.0042510572634358,False,True,4.901973920908407,Oil,2026-08-04,momentum_4.8.2026
901,FCEL,FAIL,1_no_uptrend_stack,not in general uptrend (need EMA20 > EMA40 > EMA50),,,,,,,,0.12,,,,0.51,2.343299142099506,15.816655907036935,0.0,,124,2026-04-13,2026-10-07,18.92,17.54,18.36,17.59430525660161,17.976376999547444,18.15684621535886,1.6790544284141378,False,False,13.717764938024002,Other Alt Energy,2026-08-04,momentum_4.8.2026
902,ACHC,FAIL,1_no_uptrend_stack,not in general uptrend (need EMA20 > EMA40 > EMA50),,,,,,,,0.44,,,,0.61,1.0655001326500582,84.70049599389552,0.0,,124,2026-04-13,2026-10-07,28.86,28.66,29.23,28.39506610174037,28.639795355559958,28.693824472287734,1.2218890887787492,False,True,6.270385334136586,Medical,2026-08-04,momentum_4.8.2026
903,DVA,FAIL,1_no_uptrend_stack,not in general uptrend (need EMA20 > EMA40 > EMA50),,,,,,,,-1.92,,,,3.3,1.024481410574718,-9.744282978485415,0.0,,124,2026-04-13,2026-10-07,180.61,175.76,176.78,180.1176939164687,184.66561207285258,186.54618865668945,5.081003510505048,False,False,4.311293848714545,Medical,2026-08-04,momentum_4.8.2026
904,OSK,FAIL,1_no_uptrend_stack,not in general uptrend (need EMA20 > EMA40 > EMA50),,,,,,,,-3.01,,,,1.76,0.8064804294965667,-111.21710204480941,0.0,,124,2026-04-13,2026-10-07,130.3,126.48,128.61,136.94130219154502,141.5187366860317,142.54797169295006,4.628234376530047,False,False,5.3979873764054656,Auto,2026-08-04,momentum_4.8.2026
905,CVS,FAIL,1_no_uptrend_stack,not in general uptrend (need EMA20 > EMA40 > EMA50),,,,,,,,-2.05,,,,0.93,1.1279957966700658,139.66230571396488,0.0,,124,2026-04-13,2026-10-07,87.05,87.0,87.95,88.84564222024213,91.60466614845144,92.44333972121946,2.1970950071683086,False,True,3.7471773857333286,Medical Services,2026-08-04,momentum_4.8.2026
906,UTI,FAIL,1_no_uptrend_stack,not in general uptrend (need EMA20 > EMA40 > EMA50),,,,,,,,-3.8,,,,0.37,0.5059407159307715,126.79166343844423,0.0,,124,2026-04-13,2026-10-07,19.49,19.3,19.89,20.30748176864285,22.99128338311115,24.37171068261297,1.1781680126871927,False,True,8.885128300808391,Schools,2026-08-04,momentum_4.8.2026
907,NBIX,FAIL,1_no_uptrend_stack,not in general uptrend (need EMA20 > EMA40 > EMA50),,,,,,,,-1.96,,,,0.95,0.6397194050116474,47.734627831717084,0.0,,124,2026-04-13,2026-10-07,145.51,143.21,143.47,145.4380395505829,149.97155281090463,151.41873623480333,4.060519443129692,False,False,4.245332936986505,Medical,2026-08-04,momentum_4.8.2026
908,RBA,FAIL,1_no_uptrend_stack,not in general uptrend (need EMA20 > EMA40 > EMA50),,,,,,,,-3.36,,,,2.09,0.568754886507332,-95.59854219231892,0.0,,124,2026-04-13,2026-10-07,80.87,79.07,80.4,82.67137545444842,86.07153635285027,87.82049177592033,2.2073131998563627,False,False,4.118121641523064,Financial Transaction Services,2026-08-04,momentum_4.8.2026
909,VSH,FAIL,1_no_uptrend_stack,not in general uptrend (need EMA20 > EMA40 > EMA50),,,,,,,,1.24,,,,1.19,0.8654860944874262,9.607843137254969,0.0,,124,2026-04-13,2026-10-07,36.54,36.02,36.87,34.09339879299484,34.18871244551454,34.621661845875074,1.8106563431175715,False,True,7.366380565978729,Semi Discretes,2026-08-04,momentum_4.8.2026
910,ENOV,FAIL,1_no_uptrend_stack,not in general uptrend (need EMA20 > EMA40 > EMA50),,,,,,,,-3.39,,,,1.38,0.6464009466850414,-101.82571052136372,0.0,,124,2026-04-13,2026-10-07,18.03,17.53,17.61,18.827778787685002,20.401284142128294,20.97579491483578,0.9939377888056312,False,False,8.466250330542003,Medical Information Systems,2026-08-03,momentum_3.8.2026
911,ALK,FAIL,1_no_uptrend_stack,not in general uptrend (need EMA20 > EMA40 > EMA50),,,,,,,,-1.63,,,,0.71,0.9243250897634395,-47.55671902268643,0.0,,124,2026-04-13,2026-10-07,39.23,38.78,39.59,40.27910890054891,41.54105925717109,42.01912788783127,1.491312357094415,False,True,5.650337296392074,Transportation,2026-08-03,momentum_3.8.2026
912,KIM,FAIL,1_no_uptrend_stack,not in general uptrend (need EMA20 > EMA40 > EMA50),,,,,,,,-4.52,,,,1.23,0.7511054648016035,-153.02491103202775,0.0,,124,2026-04-13,2026-10-07,22.15,21.83,21.85,22.553983538064916,23.130546601414284,23.329133629554807,0.327443800521115,False,False,2.247897944080881,REIT,2026-08-03,momentum_3.8.2026
913,BRX,FAIL,1_no_uptrend_stack,not in general uptrend (need EMA20 > EMA40 > EMA50),,,,,,,,-4.36,,,,0.94,0.8620326402102847,-121.71052631578823,0.0,,124,2026-04-13,2026-10-07,27.36,26.81,26.84,27.89640045441839,28.598406073374495,28.862377266566483,0.4634957863109043,False,False,2.5903266746138467,REIT,2026-08-03,momentum_3.8.2026
914,OHI,FAIL,1_no_uptrend_stack,not in general uptrend (need EMA20 > EMA40 > EMA50),,,,,,,,-3.32,,,,0.86,0.8197554285164085,-136.07305936073104,1.516791562586734,,124,2026-04-13,2026-10-07,44.82,43.74,43.75,45.98353729984077,46.53689585561859,46.693187174866026,0.8856670705952191,False,False,3.036572813469322,REIT,2026-08-03,momentum_3.8.2026
915,FRT,FAIL,1_no_uptrend_stack,not in general uptrend (need EMA20 > EMA40 > EMA50),,,,,,,,-5.12,,,,0.88,1.1156407826233723,-125.70861678004452,0.0,,124,2026-04-13,2026-10-07,105.89,104.82,105.11,109.8865452220519,112.88137144231129,113.82743989899267,1.703771156046696,False,False,2.431411601246355,REIT,2026-08-03,momentum_3.8.2026
916,HR,FAIL,1_no_uptrend_stack,not in general uptrend (need EMA20 > EMA40 > EMA50),,,,,,,,-5.45,,,,1.18,1.4404844704477942,-108.04597701149378,0.0,,124,2026-04-13,2026-10-07,17.0,16.87,16.88,17.919282437366743,18.524539818113624,18.72118013715468,0.33809825170809243,False,False,3.004427592192765,REIT,2026-08-03,momentum_3.8.2026
917,DRS,FAIL,1_no_uptrend_stack,not in general uptrend (need EMA20 > EMA40 > EMA50),,,,,,,,-3.46,,,,0.92,2.5668332048440545,-166.66666666666666,0.0,,124,2026-04-13,2026-10-07,36.32,35.72,35.78,37.126015838454656,38.52965835827674,39.17017571041437,0.981169886804372,False,False,4.113344969833868,Aerospace,2026-08-03,momentum_3.8.2026
918,GRPN,FAIL,1_no_uptrend_stack,not in general uptrend (need EMA20 > EMA40 > EMA50),,,,,,,,-1.74,,,,0.46,0.7776503388579985,-154.36533855867603,0.0,,124,2026-04-13,2026-10-07,17.89,17.5,18.43,19.67648136231941,20.232045697056382,20.393025870749206,1.1274196325788624,False,True,9.175960113230024,Internet Commerce,2026-07-31,momentum_31.7.2026
919,GBTG,FAIL,0_no_data,no bars returned by IBKR,,,,,,,,,,,,0.49,,,,,,,,,,,,,,,,,,Internet,2026-07-31,momentum_31.7.2026
920,CTRE,FAIL,1_no_uptrend_stack,not in general uptrend (need EMA20 > EMA40 > EMA50),,,,,,,,-3.61,,,,0.57,1.9405034044705645,-69.57186544342778,0.0,,124,2026-04-13,2026-10-07,36.59,35.82,35.82,37.256627151239016,38.1446996668022,38.424081906472125,0.7215411567893948,False,False,3.0215291322838977,REIT,2026-07-31,momentum_31.7.2026
921,CURB,FAIL,1_no_uptrend_stack,not in general uptrend (need EMA20 > EMA40 > EMA50),,,,,,,,-3.01,,,,0.59,0.3587233405805529,-144.85794317727292,0.0,,124,2026-04-13,2026-10-07,27.69,27.21,27.26,28.37725583812777,28.892802825808925,29.03634301942241,0.5904347518204086,False,False,3.2489072917483965,REIT,2026-07-31,momentum_31.7.2026
922,D,FAIL,1_no_uptrend_stack,not in general uptrend (need EMA20 > EMA40 > EMA50),,,,,,,,-2.7,,,,0.56,0.7676448575913942,54.65891973316142,0.0,,124,2026-04-13,2026-10-07,62.0,60.99,61.53,62.34062478209418,63.94891400249964,64.46396873905975,1.085803532256289,False,False,2.6470100737598456,Utility,2026-07-31,momentum_31.7.2026
923,KRG,FAIL,1_no_uptrend_stack,not in general uptrend (need EMA20 > EMA40 > EMA50),,,,,,,,-4.73,,,,1.35,1.192074433152277,-143.65881032547583,0.0,,124,2026-04-13,2026-10-07,24.18,23.75,23.75,24.8567088337833,25.553286747229876,25.800630811407984,0.43317390367071357,False,False,2.735835181078191,REIT,2026-07-31,momentum_31.7.2026
924,FANG,FAIL,1_no_uptrend_stack,not in general uptrend (need EMA20 > EMA40 > EMA50),,,,,,,,-1.8,,,,0.71,0.7236406947207373,71.3204691638254,0.6766104626027339,,124,2026-04-13,2026-10-07,186.54,181.85,184.38,189.47299297026257,192.88820600583097,193.52518948799178,5.092299533502126,False,False,4.14277540961774,Oil,2026-07-31,momentum_31.7.2026
925,PWR,FAIL,1_no_uptrend_stack,not in general uptrend (need EMA20 > EMA40 > EMA50),,,,,,,,2.06,,,,1.53,1.1711207181147916,61.348055742863146,0.0,,124,2026-04-13,2026-10-07,706.5,684.37,701.07,658.704860937759,652.006932480757,652.1627170253245,23.778137794132924,False,False,5.08753857549166,Engineering & R&D Services,2026-07-31,momentum_31.7.2026
926,ABEV,FAIL,1_no_uptrend_stack,not in general uptrend (need EMA20 > EMA40 > EMA50),,,,,,,,1.74,,,,2.17,1.2813068170853874,22.29497973183667,0.0,,124,2026-04-13,2026-10-07,3.16,3.13,3.15,3.011288840817449,2.9941944853501066,2.996880961984513,0.08788845790398382,False,False,4.185164662094468,Beverages,2026-07-31,momentum_31.7.2026
927,TWO,FAIL,0_no_data,no bars returned by IBKR,,,,,,,,,,,,4.83,,,,,,,,,,,,,,,,,,REIT,2026-07-31,momentum_31.7.2026
928,SO,FAIL,1_no_uptrend_stack,not in general uptrend (need EMA20 > EMA40 > EMA50),,,,,,,,-1.87,,,,0.97,1.0815861675775427,103.96570203644083,0.0,,124,2026-04-13,2026-10-07,85.5,85.18,85.44,85.12835074669259,87.06702520798041,87.85428902794993,1.2925304935068462,False,False,2.269189770903873,Utility,2026-07-31,momentum_31.7.2026
929,COO,FAIL,1_no_uptrend_stack,not in general uptrend (need EMA20 > EMA40 > EMA50),,,,,,,,-4.43,,,,0.84,0.532465092424191,-152.00000000000148,0.0,,124,2026-04-13,2026-10-07,56.33,54.66,54.75,57.891726918319634,61.48123528425174,62.66261236895214,1.7863883747736589,False,False,4.894214725407284,Medical,2026-07-31,momentum_31.7.2026
930,EIX,FAIL,1_no_uptrend_stack,not in general uptrend (need EMA20 > EMA40 > EMA50),,,,,,,,-3.41,,,,1.19,1.0283394671953754,67.64295676429637,0.0,,124,2026-04-13,2026-10-07,53.24,53.24,54.41,55.50380413813511,59.397961745608775,60.95240519592128,1.9204227629977164,False,True,5.294310135079167,Utility,2026-07-30,momentum_30.7.2026
931,BTSG,FAIL,1_no_uptrend_stack,not in general uptrend (need EMA20 > EMA40 > EMA50),,,,,,,,1.68,,,,0.87,0.763186531782095,78.30540037243948,0.0,,124,2026-04-13,2026-10-07,63.59,63.32,63.8,59.320151311446566,59.871245581424766,60.14187655062466,2.17393430905507,False,True,5.11113082066239,Medical Services,2026-07-30,momentum_30.7.2026
932,VCYT,FAIL,1_no_uptrend_stack,not in general uptrend (need EMA20 > EMA40 > EMA50),,,,,,,,-0.76,,,,1.24,0.751070927868164,-156.52130022208706,0.0,,124,2026-04-13,2026-10-07,44.04,42.34,43.16,44.36865894901204,44.81298467215393,45.120644971934084,2.5828155826979975,False,False,8.976421163222884,Medical Instruments,2026-07-30,momentum_30.7.2026
933,FR,FAIL,1_no_uptrend_stack,not in general uptrend (need EMA20 > EMA40 > EMA50),,,,,,,,-3.26,,,,0.8,0.9200999369210028,-140.81826831589004,0.0,,124,2026-04-13,2026-10-07,59.04,58.08,58.18,60.49539949153581,61.44236953247948,61.728592831860375,1.087670197476159,False,False,2.8042373602857307,REIT,2026-07-30,momentum_30.7.2026
934,IP,FAIL,1_no_uptrend_stack,not in general uptrend (need EMA20 > EMA40 > EMA50),,,,,,,,-3.68,,,,1.23,1.0172091638689964,-90.4406538734886,0.0,,124,2026-04-13,2026-10-07,31.86,31.37,31.82,34.05684080560437,35.55758633639656,35.9419064759797,1.1195708846209977,False,False,5.27767544604493,Paper & Related Products,2026-07-30,momentum_30.7.2026
935,UE,FAIL,1_no_uptrend_stack,not in general uptrend (need EMA20 > EMA40 > EMA50),,,,,,,,-4.41,,,,0.71,1.1167717663172678,-118.40628507295054,0.0,,124,2026-04-13,2026-10-07,19.5,19.28,19.31,19.98419104168822,20.568556555400956,20.784354260068177,0.3343203876538335,False,False,2.5969993862286396,REIT,2026-07-30,momentum_30.7.2026
936,PECO,FAIL,1_no_uptrend_stack,not in general uptrend (need EMA20 > EMA40 > EMA50),,,,,,,,-2.73,,,,0.59,0.6991423107549141,-86.58392434988504,0.0,,124,2026-04-13,2026-10-07,37.47,36.97,37.05,37.72770145382126,38.49044409267143,38.78414803124115,0.6360894457400014,False,False,2.5752609139271314,REIT,2026-07-30,momentum_30.7.2026
937,SMG,FAIL,1_no_uptrend_stack,not in general uptrend (need EMA20 > EMA40 > EMA50),,,,,,,,-3.87,,,,1.09,0.8293055546686856,-24.514642974662955,0.0,,124,2026-04-13,2026-10-07,50.28,48.7,49.4,52.143563510974836,55.31809322505812,56.41864683545906,1.8148111098718753,False,False,5.510560050218245,Agriculture Operations,2026-07-30,momentum_30.7.2026
938,NNN,FAIL,1_no_uptrend_stack,not in general uptrend (need EMA20 > EMA40 > EMA50),,,,,,,,-4.92,,,,0.85,0.9277388355026965,-153.3469945355227,0.0,,124,2026-04-13,2026-10-07,40.53,39.75,39.84,41.6850868048222,43.05778353084734,43.49651790779694,0.7435096587544359,False,False,2.79935865494893,REIT,2026-07-30,momentum_30.7.2026
939,VSTS,FAIL,2_no_bounce,latest candle not green,,,,,,,,0.68,,,,0.68,1.0460434711058253,-0.9980039920162972,0.0,,124,2026-04-13,2026-10-07,14.01,13.65,13.94,13.683264678608207,13.60312447180938,13.562876264291166,0.5586710403898698,True,False,6.011524824855127,Uniform & Related,2026-07-30,momentum_30.7.2026
940,REG,FAIL,1_no_uptrend_stack,not in general uptrend (need EMA20 > EMA40 > EMA50),,,,,,,,-4.07,,,,1.12,0.8309259967593792,-119.74110032362358,0.0,,124,2026-04-13,2026-10-07,71.57,70.76,70.8,72.85179431661278,74.30838928308489,74.85052787909007,0.9948831917604523,False,False,2.10780337237384,REIT,2026-07-30,momentum_30.7.2026
941,NVO,FAIL,1_no_uptrend_stack,not in general uptrend (need EMA20 > EMA40 > EMA50),,,,,,,,-4.31,,,,0.94,1.022097122789019,154.35606060606358,0.0,,124,2026-04-13,2026-10-07,37.57,37.5,38.26,39.87627785193108,42.038649863506706,42.66064088258333,1.0212441742060943,False,True,4.003832360975278,Large Cap Pharma,2026-07-30,momentum_30.7.2026
942,SNEX,FAIL,1_no_uptrend_stack,not in general uptrend (need EMA20 > EMA40 > EMA50),,,,,,,,-2.63,,,,0.78,1.686189959992513,-132.61464750171106,0.0,,124,2026-04-13,2026-10-07,65.17,60.8,61.46,66.54190447677468,68.10853010634374,68.80521431517492,2.791910219444667,False,False,6.813968970333552,Finance,2026-07-30,momentum_30.7.2026
943,HAYW,FAIL,1_no_uptrend_stack,not in general uptrend (need EMA20 > EMA40 > EMA50),,,,,,,,-4.85,,,,1.21,0.5632321757554071,-138.12436289500457,0.0,,124,2026-04-13,2026-10-07,12.16,11.75,11.8,12.694235847490923,13.28956418002183,13.50162657076124,0.3507916195575509,False,False,4.459215502850223,Electronics Products,2026-07-30,momentum_30.7.2026
944,ES,FAIL,1_no_uptrend_stack,not in general uptrend (need EMA20 > EMA40 > EMA50),,,,,,,,-2.62,,,,1.35,0.9478370513435057,99.95021160069618,0.0,,124,2026-04-13,2026-10-07,65.09,64.96,65.24,66.03550123044097,67.7799720186092,68.31703181943513,1.172540109796278,False,True,2.6959076712054215,Utility,2026-07-30,momentum_30.7.2026
945,BYD,FAIL,1_no_uptrend_stack,not in general uptrend (need EMA20 > EMA40 > EMA50),,,,,,,,-3.34,,,,0.91,1.4067479837478336,63.91758698491853,0.0,,124,2026-04-13,2026-10-07,69.76,69.11,69.85,71.44691814375331,74.8911995140022,76.15639241056923,1.8878853249958099,False,True,4.054156030771246,Gaming,2026-07-30,momentum_30.7.2026
946,WRB,FAIL,1_no_uptrend_stack,not in general uptrend (need EMA20 > EMA40 > EMA50),,,,,,,,0.26,,,,0.77,0.8332633864027332,72.84409351292685,0.0,,124,2026-04-13,2026-10-07,69.99,69.61,69.73,68.98893340232694,69.30177448200017,69.38758384424811,1.2959912598919991,False,False,2.7878773696228287,Insurance,2026-07-30,momentum_30.7.2026
947,WAL,FAIL,1_no_uptrend_stack,not in general uptrend (need EMA20 > EMA40 > EMA50),,,,,,,,-1.97,,,,0.68,1.2973911518775672,-112.81212841854844,0.0,,124,2026-04-13,2026-10-07,74.9,72.61,74.35,76.94980993777853,78.13776136405978,78.49129855742036,2.1055035809257148,False,False,4.247821615855511,Banks,2026-07-30,momentum_30.7.2026
948,AJG,FAIL,1_no_uptrend_stack,not in general uptrend (need EMA20 > EMA40 > EMA50),,,,,,,,-2.19,,,,0.92,0.6595964048017454,3.4568338946996664,0.0,,124,2026-04-13,2026-10-07,228.93,226.39,227.1,234.91917867791938,240.43023425748248,241.10363076890255,6.4002487637326,False,False,4.227376990576355,Insurance,2026-07-29,momentum_29.7.2026
949,YOU,FAIL,1_no_uptrend_stack,not in general uptrend (need EMA20 > EMA40 > EMA50),,,,,,,,-1.1,,,,1.73,0.8203363875025865,128.73134328358285,0.0,,124,2026-04-13,2026-10-07,41.57,41.45,42.58,41.54638431687211,43.37976612300214,44.31204656773488,1.5804609139033345,False,True,5.5676171227219395,Internet,2026-07-29,momentum_29.7.2026
950,PGNY,FAIL,1_no_uptrend_stack,not in general uptrend (need EMA20 > EMA40 > EMA50),,,,,,,,0.99,,,,0.79,2.8330299705853332,153.87348969438528,0.0,,124,2026-04-13,2026-10-07,25.81,25.81,27.55,26.149525151403793,26.569424765456823,26.655744985117583,0.9002043826051151,False,True,4.901294279156707,Medical Services,2026-07-29,momentum_29.7.2026
951,PBA,FAIL,1_no_uptrend_stack,not in general uptrend (need EMA20 > EMA40 > EMA50),,,,,,,,-1.34,,,,0.57,1.0867556465062018,43.90934844192583,0.0,,124,2026-04-13,2026-10-07,46.62,45.7,45.97,46.32087332229291,47.03609797744941,47.2179550808175,0.9347827389665047,False,False,3.0501938404388884,Oil,2026-07-29,momentum_29.7.2026
952,HGV,FAIL,1_no_uptrend_stack,not in general uptrend (need EMA20 > EMA40 > EMA50),,,,,,,,-4.43,,,,1.17,0.6108041606466523,-55.15759312320826,0.0,,124,2026-04-13,2026-10-07,34.34,34.18,34.59,36.491870385746836,39.195183778841184,40.253546334068865,1.2779256622930724,False,True,5.54174181393353,Hotels & Motels,2026-07-29,momentum_29.7.2026
953,LPRO,FAIL,0_no_data,no bars returned by IBKR,,,,,,,,,,,,0.32,,,,,,,,,,,,,,,,,,Finance,2026-07-29,momentum_29.7.2026
954,QSR,FAIL,1_no_uptrend_stack,not in general uptrend (need EMA20 > EMA40 > EMA50),,,,,,,,-3.06,,,,0.86,0.8067703815726894,-61.57112526538823,0.0,,124,2026-04-13,2026-10-07,70.26,69.37,69.43,72.24368102645602,73.75767398430548,74.10716917017038,1.5265437526557497,False,False,3.2980204939991706,Retail,2026-07-29,momentum_29.7.2026
955,ADC,FAIL,1_no_uptrend_stack,not in general uptrend (need EMA20 > EMA40 > EMA50),,,,,,,,-5.28,,,,1.62,0.8856725914040632,-128.26797385620654,0.0,,124,2026-04-13,2026-10-07,66.0,65.11,65.16,67.75283632345591,70.01722739668642,70.81761265262317,1.0711084254436372,False,False,2.465719211426421,REIT,2026-07-29,momentum_29.7.2026
956,MAA,FAIL,1_no_uptrend_stack,not in general uptrend (need EMA20 > EMA40 > EMA50),,,,,,,,-4.67,,,,1.31,0.8230449622501462,-92.98739608474044,0.0,,124,2026-04-13,2026-10-07,117.25,114.19,114.21,119.47943134014407,123.29701999968961,124.56801168733811,2.2197994667527783,False,False,2.915418264713394,REIT,2026-07-29,momentum_29.7.2026
957,RSI,FAIL,1_no_uptrend_stack,not in general uptrend (need EMA20 > EMA40 > EMA50),,,,,,,,-3.58,,,,1.0,0.3464610560324159,-18.784669692385418,0.0,,124,2026-04-13,2026-10-07,20.66,20.06,20.24,21.83338287297116,23.621890187326354,24.209625611558316,1.1085587380671462,False,False,8.215603295952171,Gaming,2026-07-29,momentum_29.7.2026
958,UA,FAIL,1_no_uptrend_stack,not in general uptrend (need EMA20 > EMA40 > EMA50),,,,,,,,-1.82,,,,0.7,1.1162040778998445,91.95402298850634,0.0,,124,2026-04-13,2026-10-07,4.78,4.64,4.7,4.658330296162827,4.931713533743085,5.049277764043721,0.19148670132472811,False,False,6.111277701853025,Textile,2026-07-29,momentum_29.7.2026
959,WM,FAIL,1_no_uptrend_stack,not in general uptrend (need EMA20 > EMA40 > EMA50),,,,,,,,-1.99,,,,1.28,0.984433982052172,111.05275443510766,0.0,,124,2026-04-13,2026-10-07,209.0,208.62,208.94,209.59901694276024,214.14090190080745,215.72071864783834,3.39967311592339,False,False,2.4406574489734303,Waste Removal Svcs,2026-07-29,momentum_29.7.2026
960,FDX,FAIL,1_no_uptrend_stack,not in general uptrend (need EMA20 > EMA40 > EMA50),,,,,,,,-2.75,,,,0.9,0.8469150718415215,38.91820580475297,0.0,,124,2026-04-13,2026-10-07,287.83,287.18,289.04,295.80552735733306,303.88069354538163,306.13076424127223,6.207380723597829,False,True,3.2213780395089757,Transportation,2026-07-29,momentum_29.7.2026
961,FTV,FAIL,1_no_uptrend_stack,not in general uptrend (need EMA20 > EMA40 > EMA50),,,,,,,,-0.98,,,,2.26,0.8438956560329802,-19.711084109625055,0.0,,124,2026-04-13,2026-10-07,57.54,56.06,56.52,56.50837850113873,57.29516605472002,57.65920228167438,1.166722781894752,False,False,3.096398041121953,Electronic Test Equipment,2026-07-29,momentum_29.7.2026
962,PLD,FAIL,1_no_uptrend_stack,not in general uptrend (need EMA20 > EMA40 > EMA50),,,,,,,,-4.15,,,,1.0,1.130632446372676,-112.5067531064331,0.0,,124,2026-04-13,2026-10-07,128.65,127.05,127.3,132.3094462175628,135.24886890583105,136.19728317552838,2.1439299472520186,False,False,2.526233244994523,REIT,2026-07-29,momentum_29.7.2026
963,MAR,FAIL,1_no_uptrend_stack,not in general uptrend (need EMA20 > EMA40 > EMA50),,,,,,,,0.51,,,,1.02,0.8370566187741136,14.624963799596047,0.0,,124,2026-04-13,2026-10-07,359.23,355.69,356.5,351.78952330095535,351.83468108151163,352.9631233190038,6.950819981118273,False,False,2.9246086877075483,Hotels & Motels,2026-07-29,momentum_29.7.2026
964,AS,FAIL,1_no_uptrend_stack,not in general uptrend (need EMA20 > EMA40 > EMA50),,,,,,,,-2.87,,,,0.7,0.6231513351890262,-37.70949720670404,0.0,,124,2026-04-13,2026-10-07,27.32,26.74,27.13,27.77416443205499,29.13960832534578,29.73725362504172,0.9069304038068797,False,False,5.0143590332116466,Leisure & Recreational Prdcts,2026-07-29,momentum_29.7.2026
965,ODFL,FAIL,1_no_uptrend_stack,not in general uptrend (need EMA20 > EMA40 > EMA50),,,,,,,,-3.03,,,,1.62,1.1287233572438113,-74.37020115489673,0.0,,124,2026-04-13,2026-10-07,178.65,175.42,175.61,179.85263653793152,187.5911702017626,190.9247783873624,5.050999607194493,False,False,4.314389505604316,Transportation,2026-07-29,momentum_29.7.2026
966,HUBG,FAIL,1_no_uptrend_stack,not in general uptrend (need EMA20 > EMA40 > EMA50),,,,,,,,-6.24,,,,0.81,1.4585002074787865,-125.88652482269484,1.6666666666666714,,124,2026-04-13,2026-10-07,27.78,26.21,26.31,31.355439475321795,34.631163670376196,35.791104994730375,1.5197623687553088,False,False,8.664551703279983,Transportation,2026-07-29,momentum_29.7.2026
967,TDOC,FAIL,1_no_uptrend_stack,not in general uptrend (need EMA20 > EMA40 > EMA50),,,,,,,,-3.65,,,,1.13,1.165420943460867,-64.4718792866936,0.0,,124,2026-04-13,2026-10-07,5.76,5.53,5.56,5.990654937768008,6.334365545103669,6.464679917830938,0.2479330380757226,False,False,6.688840955280287,Medical Services,2026-07-28,momentum_28.7.2026
968,MO,FAIL,1_no_uptrend_stack,not in general uptrend (need EMA20 > EMA40 > EMA50),,,,,,,,0.42,,,,1.3,1.1133361756283773,122.06728640991672,0.0,,124,2026-04-13,2026-10-07,69.08,68.74,69.38,68.5151997822409,68.7017921432001,68.8147621197983,1.3500948720101786,False,True,2.918913675432788,Tobacco,2026-07-28,momentum_28.7.2026
969,BANC,FAIL,1_no_uptrend_stack,not in general uptrend (need EMA20 > EMA40 > EMA50),,,,,,,,-3.07,,,,2.44,0.7039659212323237,-104.4098573281455,0.0,,124,2026-04-13,2026-10-07,17.24,17.0,17.17,17.856121024079737,18.321197207364794,18.4850974546487,0.42899033226631095,False,False,3.7477314991232755,Banks,2026-07-28,momentum_28.7.2026
970,BBIO,FAIL,1_no_uptrend_stack,not in general uptrend (need EMA20 > EMA40 > EMA50),,,,,,,,-2.41,,,,0.61,0.6420493813119839,-15.98837209302397,0.0,,124,2026-04-13,2026-10-07,66.78,66.15,66.5,68.50882764997404,71.50276698507682,72.36335105063844,2.4279192035024257,False,False,5.4765094815844195,Medical,2026-07-28,momentum_28.7.2026
971,CNP,FAIL,1_no_uptrend_stack,not in general uptrend (need EMA20 > EMA40 > EMA50),,,,,,,,-1.08,,,,1.18,1.4873560023939152,94.47144592952704,0.0,,124,2026-04-13,2026-10-07,38.17,38.17,38.53,38.03944155880891,38.873527319449806,39.25023878664398,0.664341714245742,False,True,2.586329019902966,Utility,2026-07-28,momentum_28.7.2026
972,OGE,FAIL,1_no_uptrend_stack,not in general uptrend (need EMA20 > EMA40 > EMA50),,,,,,,,-0.44,,,,1.36,1.0066706740668236,104.92379835873182,0.0,,124,2026-04-13,2026-10-07,45.71,45.56,45.89,45.58838796631948,46.04027373286225,46.23863539346441,0.8000424334792686,False,True,2.6150874923053014,Utility,2026-07-28,momentum_28.7.2026
973,HELE,FAIL,1_no_uptrend_stack,not in general uptrend (need EMA20 > EMA40 > EMA50),,,,,,,,-1.66,,,,0.63,1.7508951179049121,-80.88557650153483,1.1379002423778575,,124,2026-04-13,2026-10-07,25.04,24.69,25.55,27.334347071154713,27.690590421565588,27.66931090668092,1.273815150750558,False,True,7.478366834152003,Cosmetics & Toiletries,2026-07-28,momentum_28.7.2026
974,STAG,FAIL,1_no_uptrend_stack,not in general uptrend (need EMA20 > EMA40 > EMA50),,,,,,,,-3.13,,,,1.89,0.8446404581279279,-95.74468085106338,0.0,,124,2026-04-13,2026-10-07,36.05,35.25,35.28,36.572225590258654,37.02381977451781,37.18972511613945,0.6095631530914575,False,False,2.5916800726677613,REIT,2026-07-28,momentum_28.7.2026
975,WPC,FAIL,1_no_uptrend_stack,not in general uptrend (need EMA20 > EMA40 > EMA50),,,,,,,,-5.15,,,,1.28,0.9485828874612243,-166.666666666668,0.0,,124,2026-04-13,2026-10-07,63.79,62.71,62.73,65.97879058763735,67.85876349817251,68.49909057450854,1.121140121097173,False,False,2.68087068650687,REIT,2026-07-28,momentum_28.7.2026
976,EVRG,FAIL,1_no_uptrend_stack,not in general uptrend (need EMA20 > EMA40 > EMA50),,,,,,,,-0.61,,,,0.77,0.8240688889872788,102.33379395056083,0.0,,124,2026-04-13,2026-10-07,80.36,79.89,80.3,79.68996855996699,80.6444335878609,81.01901848173344,1.1766996330231623,False,False,2.198069052969793,Utility,2026-07-28,momentum_28.7.2026
977,PNW,FAIL,1_no_uptrend_stack,not in general uptrend (need EMA20 > EMA40 > EMA50),,,,,,,,0.13,,,,1.31,1.3003940161522127,88.28458257160283,0.0,,124,2026-04-13,2026-10-07,98.0,97.19,97.54,95.2893855999798,96.65229022522298,97.31905547657149,1.743774377652577,False,False,2.6816296560168804,Utility,2026-07-28,momentum_28.7.2026
978,CI,FAIL,1_no_uptrend_stack,not in general uptrend (need EMA20 > EMA40 > EMA50),,,,,,,,0.1,,,,1.15,0.8870274911434812,140.23773394031377,0.0,,124,2026-04-13,2026-10-07,274.88,274.76,278.51,274.65561038181374,276.95038782696525,277.7789296359815,7.297166829310862,False,True,3.9301103170321685,Medical,2026-07-28,momentum_28.7.2026
979,FCPT,FAIL,1_no_uptrend_stack,not in general uptrend (need EMA20 > EMA40 > EMA50),,,,,,,,-6.08,,,,0.8,0.6968590466665892,-106.45724258289803,0.0,,124,2026-04-13,2026-10-07,21.37,21.02,21.03,22.34689006862,23.241336622839416,23.51663936011298,0.40865418442274576,False,False,2.9147944680652333,REIT,2026-07-28,momentum_28.7.2026
980,PTON,FAIL,1_no_uptrend_stack,not in general uptrend (need EMA20 > EMA40 > EMA50),,,,,,,,-1.95,,,,0.8,1.0140278476341689,-162.44725738396673,0.0,,124,2026-04-13,2026-10-07,4.84,4.75,4.85,4.98251095982193,5.15735678910884,5.22448745339219,0.19216043071239214,False,True,5.943106104506975,Leisure & Recreational Prdcts,2026-07-28,momentum_28.7.2026
981,EFC,FAIL,1_no_uptrend_stack,not in general uptrend (need EMA20 > EMA40 > EMA50),,,,,,,,-4.97,,,,0.89,1.0563836964984163,-16.666666666666888,1.2167689161554234,,124,2026-04-13,2026-10-07,11.62,11.5,11.59,12.226277607178648,12.638743364539735,12.75693366043778,0.2350132250395998,False,False,3.041586173937875,REIT,2026-07-28,momentum_28.7.2026
982,BA,FAIL,1_no_uptrend_stack,not in general uptrend (need EMA20 > EMA40 > EMA50),,,,,,,,-2.91,,,,1.71,0.6599291369287518,-134.03245160953685,0.0,,124,2026-04-13,2026-10-07,188.18,186.2,188.32,196.44848229698562,203.244166547308,205.5695850400507,5.937787129036001,False,True,4.72954582283029,Aerospace,2026-07-28,momentum_28.7.2026
983,ERAS,FAIL,1_no_uptrend_stack,not in general uptrend (need EMA20 > EMA40 > EMA50),,,,,,,,-1.87,,,,0.71,0.6930147523190544,-120.97656995370222,0.0,,124,2026-04-13,2026-10-07,14.09,13.93,14.12,15.011556173609106,15.757718608213505,15.94262595514412,0.9725247886224905,False,True,10.331353986782831,Medical,2026-07-28,momentum_28.7.2026
984,GS,FAIL,1_no_uptrend_stack,not in general uptrend (need EMA20 > EMA40 > EMA50),,,,,,,,-3.86,,,,0.98,1.2946647357566063,-148.6180234624956,0.0,,124,2026-04-13,2026-10-07,880.85,868.52,887.21,934.4013098069122,967.4277052501374,976.5549756128605,23.14720483493484,False,True,3.9134824057891886,Finance,2026-07-28,momentum_28.7.2026
985,GBCI,FAIL,1_no_uptrend_stack,not in general uptrend (need EMA20 > EMA40 > EMA50),,,,,,,,-3.62,,,,1.24,1.1577989058767335,-101.13519091847219,0.0,,124,2026-04-13,2026-10-07,43.09,42.48,42.77,44.40593280981835,45.638361606620194,46.09332695838387,0.9186923000984665,False,False,3.2219743982878177,Banks,2026-07-28,momentum_28.7.2026
986,SSL,FAIL,2_no_bounce,latest candle not green,,,,,,,,2.49,,,,1.43,0.6594642679984827,103.9004426626582,0.0,,124,2026-04-13,2026-10-07,14.55,14.19,14.2,13.844714224136169,13.318922035998908,13.126815995383405,0.43055170503222606,True,False,4.548081391185487,Oil,2026-07-27,momentum_27.7.2026
987,TOI,FAIL,0_no_data,no bars returned by IBKR,,,,,,,,,,,,0.74,,,,,,,,,,,,,,,,,,Medical Services,2026-07-27,momentum_27.7.2026
988,NSA,FAIL,0_no_data,no bars returned by IBKR,,,,,,,,,,,,18.34,,,,,,,,,,,,,,,,,,REIT,2026-07-27,momentum_27.7.2026
989,SHLS,FAIL,1_no_uptrend_stack,not in general uptrend (need EMA20 > EMA40 > EMA50),,,,,,,,0.86,,,,0.71,0.8535685630543245,56.13305613305622,0.0,,124,2026-04-13,2026-10-07,8.41,8.21,8.39,7.859461888604951,7.9115101406439665,8.004794792526567,0.44647905235843877,False,False,7.982343009984005,Solar,2026-07-27,momentum_27.7.2026
990,UNIT,FAIL,1_no_uptrend_stack,not in general uptrend (need EMA20 > EMA40 > EMA50),,,,,,,,-4.43,,,,0.85,1.2824569465899005,-129.62962962963002,0.0,,124,2026-04-13,2026-10-07,8.01,7.71,7.84,8.786070823434569,9.30390434006281,9.48487046225299,0.37107178254546086,False,False,7.09958767625244,Wireless National,2026-07-27,momentum_27.7.2026
991,ETR,FAIL,1_no_uptrend_stack,not in general uptrend (need EMA20 > EMA40 > EMA50),,,,,,,,-0.98,,,,0.56,0.5402363209587243,89.49736136344016,0.0,,124,2026-04-13,2026-10-07,102.99,102.03,102.8,101.94554209830746,103.89576439943694,104.72963020654821,1.9593057830719223,False,False,2.858909216544634,Utility,2026-07-24,momentum_24.7.2026
992,KMI,FAIL,1_no_uptrend_stack,not in general uptrend (need EMA20 > EMA40 > EMA50),,,,,,,,0.49,,,,0.95,0.6317510969672512,79.17066922830563,0.0,,124,2026-04-13,2026-10-07,32.18,31.6,31.82,31.24554147358916,31.384247711434682,31.45284823665248,0.7520538123717041,False,False,3.5451939615259462,Oil,2026-07-24,momentum_24.7.2026
993,MRTN,FAIL,1_no_uptrend_stack,not in general uptrend (need EMA20 > EMA40 > EMA50),,,,,,,,-4.22,,,,1.19,0.9898249415122593,-124.27912341407092,0.0,,124,2026-04-13,2026-10-07,12.76,12.62,12.67,13.307435000398696,13.881886974651746,14.118600529324025,0.34357461959510965,False,False,4.067576396153626,Transportation,2026-07-24,momentum_24.7.2026
994,AMPG,FAIL,1_no_uptrend_stack,not in general uptrend (need EMA20 > EMA40 > EMA50),,,,,,,,-4.65,,,,0.27,0.7047789474689564,-79.4573643410856,0.0,,124,2026-04-13,2026-10-07,2.93,2.92,2.96,3.266219416988464,3.6642848216980215,3.8290994309048907,0.1868768269080688,False,True,9.470109471692675,Communications Components,2026-07-23,momentum_23.7.2026
995,FLG,FAIL,1_no_uptrend_stack,not in general uptrend (need EMA20 > EMA40 > EMA50),,,,,,,,-5.98,,,,1.39,1.2129713936836957,-166.66666666666546,0.0,,124,2026-04-13,2026-10-07,11.46,11.25,11.3,12.19973706265835,12.763657440364584,12.957053078081655,0.2771052278616785,False,False,3.678387980464758,Banks,2026-07-23,momentum_23.7.2026
996,EXTR,FAIL,1_no_uptrend_stack,not in general uptrend (need EMA20 > EMA40 > EMA50),,,,,,,,1.13,,,,0.74,1.4738463756533198,102.29995208433189,0.0,,124,2026-04-13,2026-10-07,24.23,24.12,24.6,22.659302252162856,23.26610649063912,23.615970985640264,0.8693940124935553,False,True,5.301183003009483,Computer,2026-07-23,momentum_23.7.2026
997,LODE,FAIL,1_no_uptrend_stack,not in general uptrend (need EMA20 > EMA40 > EMA50),,,,,,,,-4.58,,,,0.7,0.864522765682831,-166.66666666666666,0.0,,124,2026-04-13,2026-10-07,2.22,2.16,2.17,2.531309363952447,2.8123730163458807,2.912870240448813,0.16205877595986318,False,False,11.202219536396072,Waste Removal Svcs,2026-07-23,momentum_23.7.2026
998,ANRO,FAIL,1_no_uptrend_stack,not in general uptrend (need EMA20 > EMA40 > EMA50),,,,,,,,-3.05,,,,0.74,0.6604375620927913,-94.59984459984513,1.260754467240233,,124,2026-04-13,2026-10-07,23.39,23.325,23.52,27.493710516873616,28.912054443479477,28.98412866898556,1.7892260961564261,False,True,11.41088071528333,Medical,2026-07-22,momentum_22.7.2026
999,GPRE,FAIL,1_no_uptrend_stack,not in general uptrend (need EMA20 > EMA40 > EMA50),,,,,,,,0.03,,,,0.56,0.6466043088882986,83.33333333333428,0.0,,124,2026-04-13,2026-10-07,15.2,15.02,15.34,15.098927915311378,15.2495549098533,15.325699180033226,0.5508969338794232,False,True,5.3868670196814525,Chemical,2026-07-22,momentum_22.7.2026
1000,HBAN,FAIL,1_no_uptrend_stack,not in general uptrend (need EMA20 > EMA40 > EMA50),,,,,,,,-3.48,,,,1.52,0.8344513232887791,-71.24010554089688,0.0,,124,2026-04-13,2026-10-07,15.19,15.0,15.17,15.704064596561958,16.185928504343444,16.332270975383313,0.33420653744736645,False,False,3.3046130927557664,Banks,2026-07-22,momentum_22.7.2026
1001,AVNS,FAIL,0_no_data,no bars returned by IBKR,,,,,,,,,,,,0.57,,,,,,,,,,,,,,,,,,Medical Instruments,2026-07-22,momentum_22.7.2026
1002,DUK,FAIL,1_no_uptrend_stack,not in general uptrend (need EMA20 > EMA40 > EMA50),,,,,,,,-2.33,,,,0.95,1.0085533959303266,106.01209533973687,0.0,,124,2026-04-13,2026-10-07,115.9,115.25,115.5,115.99696409066809,118.22542398515739,119.08101706398415,1.5400014993262352,False,False,2.0000019471769286,Utility,2026-07-22,momentum_22.7.2026
1003,MIRM,FAIL,1_no_uptrend_stack,not in general uptrend (need EMA20 > EMA40 > EMA50),,,,,,,,-3.82,,,,0.45,1.4285407676490178,-58.72400639842494,1.2923334573874177,,124,2026-04-13,2026-10-07,78.79,78.39,80.64,88.44016733589874,93.51563810252993,95.17112472887788,3.8050267604891257,False,True,7.077802753886023,Medical,2026-07-22,momentum_22.7.2026
1004,NEE,FAIL,1_no_uptrend_stack,not in general uptrend (need EMA20 > EMA40 > EMA50),,,,,,,,-3.2,,,,0.72,0.9087096366213587,56.62034818719158,0.0,,124,2026-04-13,2026-10-07,78.16,76.5,77.06,78.3715661754693,80.61210104194005,81.47341135858507,1.3780280251667676,False,False,2.682380012652675,Utility,2026-07-22,momentum_22.7.2026
1005,EXC,FAIL,1_no_uptrend_stack,not in general uptrend (need EMA20 > EMA40 > EMA50),,,,,,,,-2.23,,,,1.33,0.8281742965003988,94.21641791044779,0.0,,124,2026-04-13,2026-10-07,41.65,41.43,41.49,41.617656704051065,42.670585223987466,43.07411859150757,0.7116619399838413,False,False,2.5728920462177918,Utility,2026-07-22,momentum_22.7.2026
1006,PRVA,FAIL,1_no_uptrend_stack,not in general uptrend (need EMA20 > EMA40 > EMA50),,,,,,,,-1.34,,,,1.03,0.8804842981069698,37.589828634605105,0.0,,124,2026-04-13,2026-10-07,20.17,19.99,20.3,20.18406406571002,20.817965132345936,21.127049238854738,0.6192920516023837,False,True,4.576049642382145,Medical Information Systems,2026-07-21,momentum_21.7.2026
1007,UDR,FAIL,1_no_uptrend_stack,not in general uptrend (need EMA20 > EMA40 > EMA50),,,,,,,,-3.91,,,,0.49,0.8124703028312058,-41.28993369499652,0.0,,124,2026-04-13,2026-10-07,33.98,33.32,33.32,34.279021362129,35.31591538628548,35.68068701242763,0.604067703653578,False,False,2.719392423410465,REIT,2026-07-21,momentum_21.7.2026
1008,TRP,FAIL,1_no_uptrend_stack,not in general uptrend (need EMA20 > EMA40 > EMA50),,,,,,,,-2.44,,,,1.31,0.7582820861186499,25.004981071926395,0.0,,124,2026-04-13,2026-10-07,60.19,58.91,58.94,60.01995721125394,61.41458814818699,61.97381979433785,1.2454078350110644,False,False,3.1695143408832656,Other Alt Energy,2026-07-21,momentum_21.7.2026
1009,TBLA,FAIL,1_no_uptrend_stack,not in general uptrend (need EMA20 > EMA40 > EMA50),,,,,,,,-3.84,,,,0.6,1.7204814951642688,-4.385964912279087,1.3256484149855905,,124,2026-04-13,2026-10-07,3.22,3.2,3.29,3.481267036887786,3.722227507563688,3.818547995891506,0.13751215644553963,False,True,6.269551205723692,IT Services,2026-07-21,momentum_21.7.2026
1010,EQR,FAIL,0_no_data,no bars returned by IBKR,,,,,,,,,,,,0.89,,,,,,,,,,,,,,,,,,REIT,2026-07-21,momentum_21.7.2026
1011,AVB,FAIL,0_no_data,no bars returned by IBKR,,,,,,,,,,,,0.68,,,,,,,,,,,,,,,,,,REIT,2026-07-20,momentum_20.7.2026
1012,ALTO,FAIL,1_no_uptrend_stack,not in general uptrend (need EMA20 > EMA40 > EMA50),,,,,,,,-3.1,,,,0.86,0.8616075545385318,-64.74190726159216,0.0,,124,2026-04-13,2026-10-07,3.72,3.64,3.645,3.823747485150019,4.027125207680146,4.124107643220672,0.1545793281018338,False,False,6.361289222297688,Consumer Prdts,2026-07-20,momentum_20.7.2026
1013,OUT,FAIL,1_no_uptrend_stack,not in general uptrend (need EMA20 > EMA40 > EMA50),,,,,,,,-0.67,,,,0.45,1.117502566997743,74.56140350877114,0.0,,124,2026-04-13,2026-10-07,29.02,28.75,28.93,28.564798018106693,29.111737419563713,29.364959501156275,0.6463196891673555,False,False,3.3511217896682792,REIT,2026-07-20,momentum_20.7.2026
1014,ATEN,FAIL,1_no_uptrend_stack,not in general uptrend (need EMA20 > EMA40 > EMA50),,,,,,,,0.97,,,,0.93,0.8874973645410664,72.52641690682074,0.0,,124,2026-04-13,2026-10-07,28.15,27.99,28.51,26.961620507739465,27.2440463677498,27.533055366766135,1.0122634330007865,False,True,5.3258335654197815,Internet,2026-07-20,momentum_20.7.2026
1015,UPS,FAIL,1_no_uptrend_stack,not in general uptrend (need EMA20 > EMA40 > EMA50),,,,,,,,-3.93,,,,1.45,1.237611155470225,-80.34744842562299,0.0,,124,2026-04-13,2026-10-07,92.79,92.22,92.29,95.81024464932212,98.8619588174356,99.89016772455525,1.9314494455695452,False,False,3.1392070303980035,Transportation,2026-07-20,momentum_20.7.2026
1016,LNT,FAIL,1_no_uptrend_stack,not in general uptrend (need EMA20 > EMA40 > EMA50),,,,,,,,-1.97,,,,0.89,0.7908568717390558,93.3427539645151,0.0,,124,2026-04-13,2026-10-07,65.4,65.1,65.21,65.19552246542234,66.73741464339156,67.39073778090702,1.1044296513230243,False,False,2.5404761186697384,Utility,2026-07-20,momentum_20.7.2026
1017,DTM,FAIL,1_no_uptrend_stack,not in general uptrend (need EMA20 > EMA40 > EMA50),,,,,,,,-2.0,,,,0.99,0.896030527117321,52.35862460926438,0.0,,124,2026-04-13,2026-10-07,123.83,121.66,122.69,124.26101997473579,127.51234829914375,128.87915831808124,3.091634648028303,False,False,3.779812512871835,Oil,2026-07-20,momentum_20.7.2026
1018,KOD,FAIL,2_no_bounce,latest candle not green,,,,,,,,5.39,,,,0.65,0.31417770684080853,-74.92823967473149,0.0,,124,2026-04-13,2026-10-07,91.78,89.91,91.08,66.7806533223986,54.977383013159454,52.17098397500518,7.223381075079942,True,False,11.896213891765385,Medical,2026-07-17,momentum_17.7.2026
1019,CTVA,FAIL,1_no_uptrend_stack,not in general uptrend (need EMA20 > EMA40 > EMA50),,,,,,,,0.12,,,,0.94,1.2717005539895787,115.33538146441377,0.0,,124,2026-04-13,2026-10-07,14.18,13.75,14.45,13.962830116680285,14.288163299550158,14.36625510786991,0.712165715818609,False,True,7.392723693618779,Agriculture Operations,2026-07-17,momentum_17.7.2026
1020,MBX,FAIL,1_no_uptrend_stack,not in general uptrend (need EMA20 > EMA40 > EMA50),,,,,,,,-1.35,,,,0.96,0.6053032023088442,-146.50217994451015,0.0,,124,2026-04-13,2026-10-07,56.42,53.36,54.54,58.752669264716744,59.73386850174962,59.375479368575576,3.5798622134311078,False,False,9.845605647500296,Medical,2026-07-17,momentum_17.7.2026
1021,GLUE,FAIL,1_no_uptrend_stack,not in general uptrend (need EMA20 > EMA40 > EMA50),,,,,,,,-5.18,,,,0.97,1.4102026229589313,-49.275362318840585,1.6329284750337385,,124,2026-04-13,2026-10-07,9.84,9.74,10.17,11.874175825753657,13.438145956312585,14.07700882672217,0.7548269831367662,False,True,11.13314134420009,Medical,2026-07-17,momentum_17.7.2026
1022,TMHC,FAIL,0_no_data,no bars returned by IBKR,,,,,,,,,,,,0.76,,,,,,,,,,,,,,,,,,Building,2026-07-17,momentum_17.7.2026
1023,CERS,FAIL,1_no_uptrend_stack,not in general uptrend (need EMA20 > EMA40 > EMA50),,,,,,,,-2.55,,,,0.95,0.4675962082651505,-97.93784320598078,0.0,,124,2026-04-13,2026-10-07,2.31,2.28,2.29,2.464529892181039,2.5471375663882836,2.5690131319771066,0.10934097498093807,False,False,7.162072597004678,Medical Products,2026-07-17,momentum_17.7.2026
1024,HPP,FAIL,1_no_uptrend_stack,not in general uptrend (need EMA20 > EMA40 > EMA50),,,,,,,,-1.65,,,,0.56,1.321840061648436,83.99738829779233,1.6666666666666723,,124,2026-04-13,2026-10-07,11.57,11.43,11.63,11.8353914096264,12.392326818174208,12.54856130381839,0.5559239202822708,False,True,7.170127948610543,REIT,2026-07-17,momentum_17.7.2026
1025,ALLY,FAIL,1_no_uptrend_stack,not in general uptrend (need EMA20 > EMA40 > EMA50),,,,,,,,-4.21,,,,1.0,0.8170545170562413,-90.3395977579947,0.0,,124,2026-04-13,2026-10-07,37.09,36.94,37.37,39.08873082581414,40.52435060649445,40.98916708524318,0.8587803380919661,False,True,3.447071199191729,Finance,2026-07-17,momentum_17.7.2026
1026,PENG,FAIL,2_no_bounce,candle did not touch EMA20 & EMA40,,,,,,,,4.01,,,,0.98,12.721637792419143,165.9718425369057,0.0,,124,2026-04-13,2026-10-07,67.3,65.7,72.61,57.31171821630053,55.79554969457278,55.54910297101773,4.251162473008606,True,True,8.78218387207397,Internet,2026-07-17,momentum_17.7.2026
1027,FHB,FAIL,1_no_uptrend_stack,not in general uptrend (need EMA20 > EMA40 > EMA50),,,,,,,,-3.11,,,,1.45,1.0042378126074152,-88.74458874458811,0.0,,124,2026-04-13,2026-10-07,24.76,24.47,24.64,25.25488848199793,25.818911659142305,26.047126303057677,0.4531055491121526,False,False,2.7583535863158644,Banks,2026-07-16,momentum_16.7.2026
1028,EZPW,FAIL,1_no_uptrend_stack,not in general uptrend (need EMA20 > EMA40 > EMA50),,,,,,,,-0.62,,,,1.08,1.2494424821835053,-4.349816849816068,0.0,,124,2026-04-13,2026-10-07,30.6,29.86,30.44,30.784884456169955,31.054599207590982,31.126227378738303,1.1132162416361886,False,False,5.485625369429313,Finance,2026-07-16,momentum_16.7.2026
1029,LIN,FAIL,1_no_uptrend_stack,not in general uptrend (need EMA20 > EMA40 > EMA50),,,,,,,,0.33,,,,0.89,0.8690112000800478,64.79502478700934,0.0,,124,2026-04-13,2026-10-07,490.34,483.69,483.98,475.31688261410886,478.7451256452347,481.17992158743044,8.366501974506944,False,False,2.5930313157073464,Chemical,2026-07-16,momentum_16.7.2026
1030,ALGN,FAIL,1_no_uptrend_stack,not in general uptrend (need EMA20 > EMA40 > EMA50),,,,,,,,-3.55,,,,1.35,0.6390898568194391,-86.2821584471063,0.0,,124,2026-04-13,2026-10-07,140.46,138.95,139.87,147.13811183457457,153.15145017396736,155.48160259436872,4.394765614133408,False,False,4.713053850861593,Medical,2026-07-16,momentum_16.7.2026
1031,CDNS,FAIL,1_no_uptrend_stack,not in general uptrend (need EMA20 > EMA40 > EMA50),,,,,,,,2.66,,,,0.64,0.6355031297781412,58.41158863984151,0.0,,124,2026-04-13,2026-10-07,358.36,353.84,356.12,327.59329083500256,324.17215671181964,325.40656962155816,11.555249643963434,False,False,4.8671443518884505,Computer,2026-07-16,momentum_16.7.2026
1032,ARTV,FAIL,1_no_uptrend_stack,not in general uptrend (need EMA20 > EMA40 > EMA50),,,,,,,,-3.93,,,,0.69,0.6991362002265332,33.69161702495024,0.0,,124,2026-04-13,2026-10-07,7.1,6.84,7.0,7.985105488317885,8.866196824498566,9.071717170839204,0.5272876162216772,False,False,11.29902034760737,Medical,2026-07-15,momentum_15.7.2026
1033,PLTK,FAIL,1_no_uptrend_stack,not in general uptrend (need EMA20 > EMA40 > EMA50),,,,,,,,-2.05,,,,0.72,0.7750513911979767,112.49999999999984,0.0,,124,2026-04-13,2026-10-07,2.26,2.26,2.32,2.257230218729059,2.4392947467447814,2.5346591920236,0.10455175388910526,False,True,6.759811673864564,Gaming,2026-07-15,momentum_15.7.2026
1034,ICHR,FAIL,1_no_uptrend_stack,not in general uptrend (need EMA20 > EMA40 > EMA50),,,,,,,,-0.59,,,,0.63,0.644810572701475,-142.35887529512752,0.0,,124,2026-04-13,2026-10-07,60.06,59.92,60.87,59.61100425227999,61.463884140047334,62.8093939591772,3.2991473288377007,False,True,8.129983560467473,Electronics,2026-07-15,momentum_15.7.2026
1035,F,FAIL,1_no_uptrend_stack,not in general uptrend (need EMA20 > EMA40 > EMA50),,,,,,,,-3.48,,,,0.88,0.6843310873756981,-58.20105820105558,0.0,,124,2026-04-13,2026-10-07,12.19,12.04,12.12,12.758753025090341,13.21593480934192,13.33964949963268,0.35050183836696625,False,False,4.337894039195127,Auto,2026-07-15,momentum_15.7.2026
1036,KLIC,FAIL,1_no_uptrend_stack,not in general uptrend (need EMA20 > EMA40 > EMA50),,,,,,,,0.91,,,,0.87,0.7173816630433895,-86.67502088554751,0.0,,124,2026-04-13,2026-10-07,95.25,93.67,94.95,91.54601372355616,90.77474222897915,91.27501446565536,4.049998592142202,False,False,6.398102041298897,Electrical,2026-07-15,momentum_15.7.2026
1037,AAL,FAIL,1_no_uptrend_stack,not in general uptrend (need EMA20 > EMA40 > EMA50),,,,,,,,-1.9,,,,1.64,0.7428931316160573,-106.85483870967701,0.0,,124,2026-04-13,2026-10-07,12.81,12.65,12.85,13.236946713391793,13.574687578931258,13.705068595904795,0.4507921818814517,False,True,5.2621655472543,Transportation,2026-07-15,momentum_15.7.2026
1038,BB,FAIL,2_no_bounce,latest candle not green,,,,,,,,0.47,,,,0.6,1.0654709496030577,-91.55383623468698,0.0,,124,2026-04-13,2026-10-07,9.35,8.73,8.77,8.668121528444503,8.545262873906466,8.5230499606633,0.5250612113984174,True,False,8.980522429847506,Internet,2026-07-14,momentum_14.7.2026
1039,NRXP,FAIL,1_no_uptrend_stack,not in general uptrend (need EMA20 > EMA40 > EMA50),,,,,,,,-2.44,,,,1.08,0.6305504492141989,42.57319366102752,1.0123661867847833,,124,2026-04-13,2026-10-07,2.88,2.87,2.9,3.0860444290071634,3.2437182845415036,3.2907139252745354,0.15980568602868173,False,True,8.265811346311123,Medical,2026-07-14,momentum_14.7.2026
1040,AMAT,FAIL,1_no_uptrend_stack,not in general uptrend (need EMA20 > EMA40 > EMA50),,,,,,,,1.43,,,,0.64,0.5973935103508244,-111.86805306561389,0.0,,124,2026-04-13,2026-10-07,516.22,514.01,520.65,496.6219670134404,492.7047785825419,493.75926203192734,18.845522988514283,False,True,5.429421777157673,Electronics,2026-07-14,momentum_14.7.2026
1041,MXL,FAIL,2_no_bounce,candle did not touch EMA20 & EMA40,,,,,,,,3.8,,,,0.45,0.8456396750645342,66.42683237036239,0.0,,124,2026-04-13,2026-10-07,105.06,104.56,107.36,89.89753482596576,82.84640122148866,81.23828122008615,6.865712390988721,True,True,9.592556433013304,Semi Analog & Mixed,2026-07-14,momentum_14.7.2026
1042,CPRX,FAIL,0_no_data,no bars returned by IBKR,,,,,,,,,,,,5.73,,,,,,,,,,,,,,,,,,Medical,2026-07-14,momentum_14.7.2026
1043,NUVL,FAIL,0_no_data,no bars returned by IBKR,,,,,,,,,,,,1.14,,,,,,,,,,,,,,,,,,Medical,2026-07-14,momentum_14.7.2026
1044,LRCX,PASS,,green candle bounced off EMA20,EMA20,16,0.6082,329.51,309.0272154903361,360.2341767644958,6.216134414635026,1.12,2.8,0.93,False,0.93,0.791214445012548,-128.8045053625406,0.0,,124,2026-04-13,2026-10-07,322.23,321.11,329.51,318.9202363042722,314.4877254020979,314.1940639639391,13.655189673109257,True,True,6.21613441463503,Electronics,2026-07-14,momentum_14.7.2026
1045,ANAB,FAIL,1_no_uptrend_stack,not in general uptrend (need EMA20 > EMA40 > EMA50),,,,,,,,-3.48,,,,0.99,1.309010944378554,-161.45018257694292,0.0,,124,2026-04-13,2026-10-07,47.0,45.62,45.65,51.18624239939245,53.24354018725261,53.823138086398195,2.349068931069534,False,False,7.718736903842938,Medical,2026-07-14,momentum_14.7.2026
1046,CAT,FAIL,1_no_uptrend_stack,not in general uptrend (need EMA20 > EMA40 > EMA50),,,,,,,,-0.68,,,,0.64,1.803268231929268,-80.44462716224768,0.0,,124,2026-04-13,2026-10-07,846.0,806.29,813.83,823.0190700934678,827.6238166309669,832.1499921162144,26.875402185820224,False,False,4.953504205882106,Machinery,2026-07-14,momentum_14.7.2026
1047,ACMR,FAIL,1_no_uptrend_stack,not in general uptrend (need EMA20 > EMA40 > EMA50),,,,,,,,-0.9,,,,0.37,0.8414063364846016,-109.76314269208558,0.0,,124,2026-04-13,2026-10-07,72.74,70.99,72.77,75.98885050768129,76.75062819954569,77.21860838589254,4.967177298360103,False,True,10.23878788998235,Semi-Eqpt Material Services,2026-07-14,momentum_14.7.2026
1048,UCTT,FAIL,1_no_uptrend_stack,not in general uptrend (need EMA20 > EMA40 > EMA50),,,,,,,,-1.44,,,,0.68,0.8551898923148772,-103.6753637732058,0.0,,124,2026-04-13,2026-10-07,70.87,70.28,71.42,74.68835226898358,76.71053926739447,78.001242638425,4.579024134301326,False,True,9.617104734600938,Electrical,2026-07-14,momentum_14.7.2026
1049,MKSI,FAIL,1_no_uptrend_stack,not in general uptrend (need EMA20 > EMA40 > EMA50),,,,,,,,-0.41,,,,0.61,0.8655146038765054,-64.36505142946532,0.0,,124,2026-04-13,2026-10-07,271.72,269.11,273.15,267.1725175201492,273.5189547000584,277.8613365664403,11.504115049892224,False,True,6.317471197085242,Electronics Products,2026-07-14,momentum_14.7.2026
1050,GLW,FAIL,1_no_uptrend_stack,not in general uptrend (need EMA20 > EMA40 > EMA50),,,,,,,,0.53,,,,0.45,0.6779573444382809,34.74657315906882,0.0,,124,2026-04-13,2026-10-07,162.8,161.79,163.25,157.91653477007367,157.92574272841082,158.96244493873735,8.135016555717346,False,True,7.4747472181170105,Communications Components,2026-07-14,momentum_14.7.2026
1051,GTX,FAIL,1_no_uptrend_stack,not in general uptrend (need EMA20 > EMA40 > EMA50),,,,,,,,-1.83,,,,0.52,1.32702063322938,-106.74723061429995,0.0,,124,2026-04-13,2026-10-07,25.63,25.1,25.87,26.396291318579802,27.113169521799517,27.4104657402735,0.8410894888943735,False,True,4.876823476387941,Auto,2026-07-14,momentum_14.7.2026
1052,KLAC,FAIL,1_no_uptrend_stack,not in general uptrend (need EMA20 > EMA40 > EMA50),,,,,,,,0.62,,,,0.7,0.6973557477957295,-116.91389337227423,0.0,,124,2026-04-13,2026-10-07,192.04,191.2,196.83,191.49780629307196,190.99842773763896,192.00406589305558,7.739776128495941,False,True,5.898320475915211,Electronics Products,2026-07-14,momentum_14.7.2026
1053,CYTK,FAIL,1_no_uptrend_stack,not in general uptrend (need EMA20 > EMA40 > EMA50),,,,,,,,-4.17,,,,0.51,1.2348083794301306,-90.30311876611684,1.666666666666683,,124,2026-04-13,2026-10-07,61.09,60.15,61.12,66.70157606630671,69.92299695341406,70.90116544882525,2.345835925104021,False,True,5.757123507290627,Medical,2026-07-14,momentum_14.7.2026
1054,ALGM,FAIL,1_no_uptrend_stack,not in general uptrend (need EMA20 > EMA40 > EMA50),,,,,,,,-1.0,,,,0.58,0.7766257417478885,-51.83008282126656,0.0,,124,2026-04-13,2026-10-07,37.7,36.78,37.03,36.8407464493252,38.04845330874458,38.84415804665541,1.8172983506826184,False,False,7.361456997094053,Electronics,2026-07-14,momentum_14.7.2026
1055,HLIT,FAIL,1_no_uptrend_stack,not in general uptrend (need EMA20 > EMA40 > EMA50),,,,,,,,-0.99,,,,0.37,0.6939506465626021,48.42161583734613,0.0,,124,2026-04-13,2026-10-07,11.04,11.04,11.27,11.195837036739384,11.541035055984405,11.682458753067072,0.4169038746786459,False,True,5.548853700248172,Communications Components,2026-07-14,momentum_14.7.2026
1056,KGS,FAIL,1_no_uptrend_stack,not in general uptrend (need EMA20 > EMA40 > EMA50),,,,,,,,-1.61,,,,0.78,0.9266592088494844,46.504512773443395,0.0,,124,2026-04-13,2026-10-07,55.44,53.73,54.64,55.636455100995875,57.775746008830794,58.630440331291936,2.482650419756094,False,False,6.815475164044914,Oil Field Machinery & Equip,2026-07-14,momentum_14.7.2026
1057,DTE,FAIL,1_no_uptrend_stack,not in general uptrend (need EMA20 > EMA40 > EMA50),,,,,,,,-2.34,,,,0.63,0.5954748253724714,90.30907920154549,0.0,,124,2026-04-13,2026-10-07,128.11,127.05,127.24,127.01199353724536,130.99631479736098,132.60139104769624,2.2953715633211007,False,False,2.705955159526604,Utility,2026-07-13,momentum_13.7.2026
1058,PGR,FAIL,1_no_uptrend_stack,not in general uptrend (need EMA20 > EMA40 > EMA50),,,,,,,,0.24,,,,0.78,0.9827218497304269,121.57648630594619,0.0,,124,2026-04-13,2026-10-07,211.76,211.76,214.12,211.94720598755364,213.04928192927343,213.09555718035386,4.320832940311265,False,True,3.02692387935125,Insurance,2026-07-13,momentum_13.7.2026
1059,YUM,FAIL,1_no_uptrend_stack,not in general uptrend (need EMA20 > EMA40 > EMA50),,,,,,,,-1.4,,,,1.01,0.9769970625659259,120.86874409820447,0.0,,124,2026-04-13,2026-10-07,139.8,139.8,140.35,140.1874747267513,143.43542900267738,144.6670177772306,3.089857291953016,False,True,3.3023056201849115,Retail,2026-07-13,momentum_13.7.2026
1060,BBAR,FAIL,1_no_uptrend_stack,not in general uptrend (need EMA20 > EMA40 > EMA50),,,,,,,,-3.02,,,,1.4,1.348580129433401,33.54978354978312,0.0,,124,2026-04-13,2026-10-07,13.59,12.94,12.97,13.609207218004991,14.531361298946528,14.899346000333072,0.639705582382486,False,False,7.398291238039545,Banks,2026-07-10,momentum_10.7.2026
1061,NKTX,FAIL,1_no_uptrend_stack,not in general uptrend (need EMA20 > EMA40 > EMA50),,,,,,,,-2.29,,,,1.8,0.9663505630427708,-114.12151067323494,1.4675658317276783,,124,2026-04-13,2026-10-07,2.26,2.25,2.27,2.6308013957476306,2.6603581555050058,2.6625780763479194,0.17107614129482937,False,True,11.30459083446009,Medical,2026-07-10,momentum_10.7.2026
1062,GCTS,FAIL,1_no_uptrend_stack,not in general uptrend (need EMA20 > EMA40 > EMA50),,,,,,,,-0.15,,,,0.17,0.9717832781996106,-113.102325950623,0.0,,124,2026-04-13,2026-10-07,2.08,2.03,2.06,2.0873951608823362,2.0724385728639514,2.0786623407742577,0.1261868562486399,False,False,9.188363319075721,Electronics,2026-07-10,momentum_10.7.2026
1063,ED,FAIL,1_no_uptrend_stack,not in general uptrend (need EMA20 > EMA40 > EMA50),,,,,,,,-0.94,,,,0.53,1.1323346540921932,95.1998930338276,0.0,,124,2026-04-13,2026-10-07,105.15,104.45,104.64,104.50336591990015,105.71355752161068,106.15837221286512,1.6173371949585105,False,False,2.318430612039149,Utility,2026-07-10,momentum_10.7.2026
1064,MD,FAIL,1_no_uptrend_stack,not in general uptrend (need EMA20 > EMA40 > EMA50),,,,,,,,-0.27,,,,0.91,1.242098685480443,11.714589989347708,0.0,,124,2026-04-13,2026-10-07,25.81,25.72,25.83,26.08705705046639,26.122650260310763,26.04452781077942,0.8048616466500121,False,True,4.67399330226488,Medical Services,2026-07-09,momentum_9.7.2026
1065,TSHA,FAIL,1_no_uptrend_stack,not in general uptrend (need EMA20 > EMA40 > EMA50),,,,,,,,-3.38,,,,0.74,0.6344381795932168,-73.32180927686524,1.346918489065604,,124,2026-04-13,2026-10-07,4.33,4.285,4.43,4.9026044115644565,5.224377450625471,5.325003920416567,0.2648966378065624,False,True,8.969412115346358,Medical,2026-07-09,momentum_9.7.2026
1066,WRBY,FAIL,1_no_uptrend_stack,not in general uptrend (need EMA20 > EMA40 > EMA50),,,,,,,,-0.19,,,,0.41,0.3509144066222375,-104.827490261547,0.0,,124,2026-04-13,2026-10-07,25.98,25.29,25.31,25.691625996876027,25.58564901980289,25.597940455805258,1.5513663077088484,False,False,9.194189891597285,Consumer Prdts,2026-07-09,momentum_9.7.2026
1067,BEAM,FAIL,1_no_uptrend_stack,not in general uptrend (need EMA20 > EMA40 > EMA50),,,,,,,,-1.2,,,,1.11,1.0441129253761066,-21.218850234394623,0.0,,124,2026-04-13,2026-10-07,24.63,24.45,24.77,25.187034217372826,26.106421270572216,26.507663708949273,1.4432946061571792,False,True,8.740177267806898,Medical,2026-07-09,momentum_9.7.2026
1068,AROC,FAIL,1_no_uptrend_stack,not in general uptrend (need EMA20 > EMA40 > EMA50),,,,,,,,-2.15,,,,0.67,0.8293326881264126,-25.540275049113912,0.0,,124,2026-04-13,2026-10-07,30.62,29.98,30.09,30.85159191408651,31.80581411244919,32.24878124572967,1.0018042899133508,False,False,4.994039331572037,Oil,2026-07-09,momentum_9.7.2026
1069,FLEX,FAIL,1_no_uptrend_stack,not in general uptrend (need EMA20 > EMA40 > EMA50),,,,,,,,0.64,,,,0.53,0.9932784861820987,50.709531124277525,0.0,,124,2026-04-13,2026-10-07,118.78,116.67,119.34,114.27605343721653,115.13845871920712,115.95268035161149,5.314914099293701,False,True,6.6803847401881615,Electronics Products,2026-07-09,momentum_9.7.2026
1070,TDC,FAIL,1_no_uptrend_stack,not in general uptrend (need EMA20 > EMA40 > EMA50),,,,,,,,-0.05,,,,1.29,1.683385506949964,-122.24753227031212,0.0,,124,2026-04-13,2026-10-07,29.4,29.1,29.16,29.161484346155493,29.124717421053006,29.207531989345867,0.9091445724982147,False,False,4.67666961161633,Computer,2026-07-09,momentum_9.7.2026
1071,INTC,FAIL,2_no_bounce,candle did not touch EMA20 & EMA40,,,,,,,,0.98,,,,0.73,0.7991666198593099,-89.37803783164638,1.172854149369384,35,124,2026-04-13,2026-10-07,111.67,111.16,113.12,112.98799504276107,108.50936291200156,107.33549739498824,5.874163968312905,True,True,7.789290976369657,Semi General,2026-07-09,momentum_9.7.2026
1072,ADEA,FAIL,1_no_uptrend_stack,not in general uptrend (need EMA20 > EMA40 > EMA50),,,,,,,,-1.64,,,,0.44,1.063296359496711,-148.6268174474957,0.0,,124,2026-04-13,2026-10-07,24.14,23.82,24.31,25.38278744634782,25.95068533429365,26.212587365083003,1.1570728183285397,False,True,7.139486744108638,Technology Services,2026-07-09,momentum_9.7.2026
1073,CRMD,FAIL,1_no_uptrend_stack,not in general uptrend (need EMA20 > EMA40 > EMA50),,,,,,,,-2.18,,,,0.58,1.0495858840692656,-36.85368536853712,1.6666666666666612,,124,2026-04-13,2026-10-07,7.27,7.18,7.28,7.652949328736839,7.80383088734468,7.840701641036309,0.2576371909892367,False,True,5.308458605547459,Medical,2026-07-09,momentum_9.7.2026
1074,MGNX,FAIL,1_no_uptrend_stack,not in general uptrend (need EMA20 > EMA40 > EMA50),,,,,,,,-1.85,,,,0.56,0.9366792936033778,-70.70707070707094,0.0,,124,2026-04-13,2026-10-07,3.6,3.525,3.55,3.8493852557252164,3.952536436673137,3.9758204740328913,0.23014313809018053,False,False,9.724357947472416,Medical Products,2026-07-08,momentum_8.7.2026
1075,WHWK,FAIL,1_no_uptrend_stack,not in general uptrend (need EMA20 > EMA40 > EMA50),,,,,,,,-3.56,,,,1.85,1.582752101700604,-142.53187613843377,0.0,,124,2026-04-13,2026-10-07,3.55,3.35,3.41,3.8799756837070527,4.0580151686870325,4.095181562119793,0.19252011083661857,False,False,8.468626576390847,Medical,2026-07-08,momentum_8.7.2026
1076,CDXS,FAIL,1_no_uptrend_stack,not in general uptrend (need EMA20 > EMA40 > EMA50),,,,,,,,-1.69,,,,0.54,1.562502050640575,107.1428571428555,0.0,,124,2026-04-13,2026-10-07,1.33,1.33,1.41,1.4001327343670478,1.4945176806101317,1.551327976283978,0.08350149238405018,False,True,8.883137487664913,Medical,2026-07-08,momentum_8.7.2026
1077,AEE,FAIL,1_no_uptrend_stack,not in general uptrend (need EMA20 > EMA40 > EMA50),,,,,,,,-2.1,,,,0.75,2.4412806833996332,105.5263815953991,0.0,,124,2026-04-13,2026-10-07,101.61,100.91,101.32,101.6826917409329,103.77355311447778,104.56668738656997,1.547237403778067,False,False,2.290619922687624,Utility,2026-07-07,momentum_7.7.2026
1078,RIVN,FAIL,1_no_uptrend_stack,not in general uptrend (need EMA20 > EMA40 > EMA50),,,,,,,,-1.84,,,,1.32,0.8945739263590204,-124.11347517730422,0.0,,124,2026-04-13,2026-10-07,14.29,14.1,14.34,15.04091539704012,15.413567412872283,15.525325781451224,0.6428618099934706,False,True,6.724495920433792,Auto,2026-07-06,momentum_6.7.2026
1079,SEDG,FAIL,1_no_uptrend_stack,not in general uptrend (need EMA20 > EMA40 > EMA50),,,,,,,,-1.31,,,,0.72,0.6378060554290481,-1.8212246505224081,0.0,,124,2026-04-13,2026-10-07,32.52,32.04,33.16,33.48644793050859,35.11983842909811,36.192013200647814,2.3119407834424655,False,True,10.458115727272915,Solar,2026-07-06,momentum_6.7.2026
1080,AEP,FAIL,1_no_uptrend_stack,not in general uptrend (need EMA20 > EMA40 > EMA50),,,,,,,,-0.59,,,,1.41,0.9089992334468966,114.67805639753831,0.0,,124,2026-04-13,2026-10-07,121.74,121.21,122.08,120.69686283988129,122.42455305463669,123.25489363922227,2.006822311886792,False,True,2.4657875719447806,Utility,2026-07-06,momentum_6.7.2026
1081,BE,FAIL,2_no_bounce,candle did not touch EMA20 & EMA40,,,,,,,,1.79,,,,0.96,0.5820591890343059,43.53658274848184,0.0,,124,2026-04-13,2026-10-07,286.0,284.54,291.29,273.9467811074811,260.43208725888627,256.81648378835587,19.230643611187176,True,True,9.902834088633583,עקוב,2026-07-06,momentum_6.7.2026
1082,OLPX,FAIL,0_no_data,no bars returned by IBKR,,,,,,,,,,,,2.22,,,,,,,,,,,,,,,,,,Consumer Prdts,2026-07-06,momentum_6.7.2026
1083,LSCC,FAIL,1_no_uptrend_stack,not in general uptrend (need EMA20 > EMA40 > EMA50),,,,,,,,1.43,,,,0.85,1.083595431894058,-33.088082470798355,0.0,,124,2026-04-13,2026-10-07,130.78,129.55,130.99,124.59083100633619,123.21725960056261,123.48950673161237,5.227936186185047,False,True,5.98664346841558,Electronics,2026-07-06,momentum_6.7.2026
1084,OSS,FAIL,1_no_uptrend_stack,not in general uptrend (need EMA20 > EMA40 > EMA50),,,,,,,,-4.53,,,,0.49,1.553701801278691,-126.4705498960429,0.0,,124,2026-04-13,2026-10-07,8.09,7.7923,7.95,9.025184689071814,9.959112902813708,10.360956542343294,0.5318182485273202,False,False,10.034306575987173,Computer,2026-07-06,momentum_6.7.2026
1085,SNDK,FAIL,3_risk_guard,risk_pct 8.58 > max_risk_pct 8.0,EMA40/50,,,1692.42,1547.2785753368178,1910.1321369947736,8.575969597569296,0.58,,,,0.71,1.166187926484917,-72.59310390165314,1.2664378180824498,3,124,2026-04-13,2026-10-07,1618.13,1617.77,1692.42,1697.570295602074,1653.083559504921,1636.775002305762,96.76094977545485,True,True,8.575969597569296,עקוב,2026-07-06,momentum_6.7.2026
1086,HUT,FAIL,1_no_uptrend_stack,not in general uptrend (need EMA20 > EMA40 > EMA50),,,,,,,,-0.57,,,,0.89,1.3978802151397773,-10.122268991781993,0.0,,124,2026-04-13,2026-10-07,89.14,85.66,89.3,92.11280008304998,92.80874485836134,93.30273997675806,6.997215998592809,False,True,11.753442326863622,Finance,2026-07-06,momentum_6.7.2026
1087,ENTG,FAIL,2_no_bounce,candle did not touch EMA20 & EMA40,,,,,,,,3.0,,,,0.8,1.1530844236257995,12.764818837157732,0.0,,124,2026-04-13,2026-10-07,162.57,161.82,166.32,153.0232084514383,148.05835823461106,146.99214351847874,6.435257384515135,True,True,5.803803557463145,Electronics,2026-07-06,momentum_6.7.2026
1088,CARR,FAIL,1_no_uptrend_stack,not in general uptrend (need EMA20 > EMA40 > EMA50),,,,,,,,-2.44,,,,0.84,0.5457214740832973,-67.35685071574618,0.0,,124,2026-04-13,2026-10-07,55.16,54.54,55.0,56.011281852092196,57.85259248267273,58.70110269862098,1.5142181324208723,False,False,4.129685815693288,Building Prdcts,2026-07-06,momentum_6.7.2026
1089,USD,FAIL,2_no_bounce,candle did not touch EMA20 & EMA40,,,,,,,,2.76,,,,0.48,0.6425251831231559,19.4461570078093,0.0,,124,2026-04-13,2026-10-07,100.57,100.38,102.77,95.10908635603099,91.96535296617881,91.24424991018073,4.181624354896247,True,True,6.103373097542445,,2026-07-06,momentum_6.7.2026
1090,GNRC,FAIL,1_no_uptrend_stack,not in general uptrend (need EMA20 > EMA40 > EMA50),,,,,,,,1.4,,,,0.54,0.5451512755119311,63.4745048461863,0.0,,124,2026-04-13,2026-10-07,219.64,215.04,221.34,206.8067219593645,206.07123644155297,207.75050250499572,9.693373363191649,False,True,6.569106372453001,Machinery,2026-07-06,momentum_6.7.2026
1091,CRNC,FAIL,1_no_uptrend_stack,not in general uptrend (need EMA20 > EMA40 > EMA50),,,,,,,,-0.3,,,,0.52,2.281144463293719,83.03886925795136,0.0,,124,2026-04-13,2026-10-07,7.97,7.82,8.29,8.087824830535366,8.291398381405372,8.4022477344507,0.37078548247508963,False,True,6.709025617763988,IT Services,2026-07-06,momentum_6.7.2026
1092,LGN,FAIL,1_no_uptrend_stack,not in general uptrend (need EMA20 > EMA40 > EMA50),,,,,,,,-1.66,,,,0.56,1.0519648356244158,-25.15633882887996,0.0,,124,2026-04-13,2026-10-07,54.52,52.04,53.35,54.2999948452157,56.9011203444608,58.39920412307573,3.037455085755571,False,False,8.540173624429908,Engineering & R&D Services,2026-07-06,momentum_6.7.2026
1093,VRT,FAIL,1_no_uptrend_stack,not in general uptrend (need EMA20 > EMA40 > EMA50),,,,,,,,-1.36,,,,1.0,0.9963815258254449,-85.95075932905726,0.0,,124,2026-04-13,2026-10-07,244.03,239.64,246.49,251.0920903357036,258.29218425189924,262.1480253479214,11.485043421324866,False,True,6.989153771750294,IT Services,2026-07-06,momentum_6.7.2026
1094,MTZ,FAIL,1_no_uptrend_stack,not in general uptrend (need EMA20 > EMA40 > EMA50),,,,,,,,-2.4,,,,0.55,0.8719602672717132,28.731283391805352,0.0,,124,2026-04-13,2026-10-07,223.0,216.01,223.37,223.34978618747846,241.58625362551575,251.34258768077007,11.638372785175873,False,True,7.8155343948443425,Building,2026-07-06,momentum_6.7.2026
1095,NXPI,FAIL,1_no_uptrend_stack,not in general uptrend (need EMA20 > EMA40 > EMA50),,,,,,,,-0.49,,,,0.66,1.210517764087524,-122.23413442925661,0.0,,124,2026-04-13,2026-10-07,238.44,231.02,235.22,235.53532773218785,236.85596223701762,238.8983780631054,7.537193504915705,False,False,4.80647489897694,Semi Analog & Mixed,2026-07-06,momentum_6.7.2026
1096,ULS,FAIL,1_no_uptrend_stack,not in general uptrend (need EMA20 > EMA40 > EMA50),,,,,,,,-2.78,,,,1.04,1.0804890084420082,-0.46772684752161664,0.0,,124,2026-04-13,2026-10-07,67.77,66.46,67.13,67.77220878843076,71.28527542447722,73.0177652675406,2.1170470764535123,False,False,4.730479092328718,Business Services,2026-07-02,momentum_2.7.2026
1097,LPTH,FAIL,1_no_uptrend_stack,not in general uptrend (need EMA20 > EMA40 > EMA50),,,,,,,,-1.01,,,,0.77,0.8189972551492841,-119.91434689507452,0.0,,124,2026-04-13,2026-10-07,10.55,10.3,10.4,10.459436601857224,10.87124125285779,11.097829645381442,0.6882058498810378,False,False,9.926045911745737,Electronics,2026-07-02,momentum_2.7.2026
1098,ESI,FAIL,1_no_uptrend_stack,not in general uptrend (need EMA20 > EMA40 > EMA50),,,,,,,,0.6,,,,1.14,0.5613310368920743,-27.217268887845115,0.0,,124,2026-04-13,2026-10-07,36.99,36.43,37.17,35.90512347295967,36.085839411245,36.37982187059226,1.3069495440495025,False,True,5.274211235066596,Chemical,2026-07-02,momentum_2.7.2026
1099,JBL,FAIL,1_no_uptrend_stack,not in general uptrend (need EMA20 > EMA40 > EMA50),,,,,,,,-1.11,,,,0.84,0.8593991984568816,-29.800070340609285,0.0,,124,2026-04-13,2026-10-07,302.18,295.5,299.47,306.2544187587986,311.66308150766076,314.25770944873085,13.380216771753712,False,False,6.701948494884485,Electronic Manufacturing,2026-07-02,momentum_2.7.2026
1100,POWI,FAIL,1_no_uptrend_stack,not in general uptrend (need EMA20 > EMA40 > EMA50),,,,,,,,-1.65,,,,0.38,0.5667731947425377,-78.54194309302692,0.0,,124,2026-04-13,2026-10-07,52.15,50.66,51.4,52.12009697217476,54.20795804734829,55.48816980744437,2.4738278238634925,False,False,7.219341898434317,Semi Power,2026-07-01,momentum_1.7.2026
1101,FORM,FAIL,2_no_bounce,candle did not touch EMA20 & EMA40,,,,,,,,2.29,,,,0.7,0.5981466889966774,-127.59284041485444,1.580752769385699,,124,2026-04-13,2026-10-07,137.27,135.69,139.8,131.24191099979072,124.37377840480912,123.15517655474858,7.282346908100071,True,True,7.813676940021535,Electronics,2026-07-01,momentum_1.7.2026
1102,TER,FAIL,2_no_bounce,latest candle not green,,,,,,,,1.3,,,,1.18,1.0837743558030335,-86.3520119128549,0.0,,124,2026-04-13,2026-10-07,415.02,404.8,411.78,399.6297605053355,387.73108237283884,385.18058491712986,20.436845957265447,True,False,7.444574514521873,Electronics Products,2026-07-01,momentum_1.7.2026
1103,MTSI,FAIL,1_no_uptrend_stack,not in general uptrend (need EMA20 > EMA40 > EMA50),,,,,,,,2.88,,,,1.41,1.0007505014282432,56.58885739778521,0.0,,124,2026-04-13,2026-10-07,339.98,330.41,335.91,296.70025685032107,289.6584333499809,290.03176498318174,15.930845819885818,False,False,7.1138902473367045,Semi Analog & Mixed,2026-07-01,momentum_1.7.2026
1104,RIOT,FAIL,1_no_uptrend_stack,not in general uptrend (need EMA20 > EMA40 > EMA50),,,,,,,,-1.86,,,,1.24,0.9592445960057049,-149.11014467827152,0.0,,124,2026-04-13,2026-10-07,18.37,17.835,18.54,20.800103904805802,21.0712876705208,21.166203928806326,1.4081702395288713,False,True,11.392963102984396,Finance,2026-07-01,momentum_1.7.2026
1105,WDC,FAIL,1_no_uptrend_stack,not in general uptrend (need EMA20 > EMA40 > EMA50),,,,,,,,-2.0,,,,0.91,0.9876481868023941,-82.72311212814647,0.0,,124,2026-04-13,2026-10-07,401.08,397.01,405.42,442.33852593090165,456.748896813305,462.5781453062537,28.510959907293017,False,True,10.548675413383535,Computer,2026-07-01,momentum_1.7.2026
1106,VIVO,FAIL,1_no_uptrend_stack,not in general uptrend (need EMA20 > EMA40 > EMA50),,,,,,,,-2.45,,,,0.66,0.6392884194768476,-159.6777397090228,0.0,,124,2026-04-13,2026-10-07,3.25,3.149,3.25,3.667955645022408,3.856423674606302,3.91392349342509,0.2706628036812744,False,False,12.492129400674203,IT Services,2026-07-01,momentum_1.7.2026
1107,DKS,FAIL,1_no_uptrend_stack,not in general uptrend (need EMA20 > EMA40 > EMA50),,,,,,,,-4.26,,,,1.09,0.7238187493273059,-115.27777777777838,0.0,,124,2026-04-13,2026-10-07,133.95,130.51,131.18,135.73680211917565,147.74183393205396,153.90390377033034,5.335191044908734,False,False,6.100614855437643,Retail,2026-07-01,momentum_1.7.2026
1108,COHR,FAIL,1_no_uptrend_stack,not in general uptrend (need EMA20 > EMA40 > EMA50),,,,,,,,1.33,,,,0.69,0.8776543408366095,15.882430473177461,0.0,,124,2026-04-13,2026-10-07,329.1,316.85,334.56,309.5629727468684,306.35745772220264,307.5115078860222,20.336459786283392,False,True,9.117853204036672,Technology Services,2026-07-01,momentum_1.7.2026
1109,TTMI,FAIL,1_no_uptrend_stack,not in general uptrend (need EMA20 > EMA40 > EMA50),,,,,,,,-0.04,,,,0.81,1.1177236045443826,-54.45866500182043,0.0,,124,2026-04-13,2026-10-07,128.5,124.68,128.2,125.85835162805802,126.88238097004829,128.5105058689686,7.45075150593242,False,False,8.717727971059775,Electronics,2026-07-01,momentum_1.7.2026
1110,GFS,FAIL,1_no_uptrend_stack,not in general uptrend (need EMA20 > EMA40 > EMA50),,,,,,,,-1.09,,,,0.61,0.764106575578629,-96.20048504446245,0.0,,124,2026-04-13,2026-10-07,47.27,47.18,48.07,47.76490292002569,49.06882781334856,50.18590396139017,1.9408947921495854,False,True,6.056463882305758,Electronics,2026-07-01,momentum_1.7.2026
1111,CMI,FAIL,1_no_uptrend_stack,not in general uptrend (need EMA20 > EMA40 > EMA50),,,,,,,,-3.23,,,,0.79,1.0811192399845717,-69.25318020902012,0.0,,124,2026-04-13,2026-10-07,526.67,512.48,517.32,533.0669562042182,556.0847522299072,566.245266599525,15.127210684666277,False,False,4.386224392445568,Engines,2026-07-01,momentum_1.7.2026
1112,HLT,FAIL,1_no_uptrend_stack,not in general uptrend (need EMA20 > EMA40 > EMA50),,,,,,,,0.43,,,,1.05,0.6336559478836935,70.74290484140245,0.0,,124,2026-04-13,2026-10-07,321.47,319.88,320.53,315.81357510880207,316.8607258274506,317.8248478448037,6.2553795372204215,False,False,2.9273607168847326,Hotels & Motels,2026-07-01,momentum_1.7.2026
1113,DOCN,FAIL,2_no_bounce,latest candle not green,,,,,,,,-0.29,,,,0.9,0.5385764486309582,-141.97357979741375,0.0,,124,2026-04-13,2026-10-07,128.0,126.9,127.28,132.62674797434295,130.17776551572726,129.81097730691903,8.660541161568913,True,False,10.206483141383854,Internet,2026-07-01,momentum_1.7.2026
1114,KEEL,FAIL,1_no_uptrend_stack,not in general uptrend (need EMA20 > EMA40 > EMA50),,,,,,,,-1.5,,,,0.79,1.0294905831493566,-139.51176844783691,0.0,,124,2026-04-13,2026-10-07,3.34,3.28,3.33,3.582961606254745,3.664620243904417,3.716248331258477,0.2574272399720747,False,False,11.595821620363724,Technology Services,2026-07-01,momentum_1.7.2026
1115,SEI,FAIL,2_no_bounce,latest candle not green,,,,,,,,2.68,,,,0.89,0.7466342666409077,51.62144275314381,0.0,,124,2026-04-13,2026-10-07,77.39,75.32,76.46,69.6205212325968,66.12184877298967,65.4829309204947,4.100185485955063,True,False,8.043785285028243,Oil Field Machinery & Equip,2026-07-01,momentum_1.7.2026
1116,ARM,FAIL,3_risk_guard,risk_pct 8.80 > max_risk_pct 8.0,EMA20,,,294.37,268.454439743416,333.243340384876,8.803736880994666,0.83,,,,0.41,0.4303797785018025,-67.41800512889768,0.0,6,124,2026-04-13,2026-10-07,291.11,290.5,294.37,289.4822663982618,281.5304062493593,280.0116897962093,17.277040171055987,True,True,8.80373688099466,Electronics,2026-07-01,momentum_1.7.2026
1117,AESI,FAIL,1_no_uptrend_stack,not in general uptrend (need EMA20 > EMA40 > EMA50),,,,,,,,-0.48,,,,1.07,0.45919256761007876,39.075530140576696,0.0,,124,2026-04-13,2026-10-07,12.58,12.31,12.46,12.491186010825336,12.724554923389634,12.86136177695042,0.8310953940734601,False,False,10.00516124486509,Oil,2026-07-01,momentum_1.7.2026
1118,OPTX,FAIL,1_no_uptrend_stack,not in general uptrend (need EMA20 > EMA40 > EMA50),,,,,,,,1.04,,,,1.08,1.5738511063024518,-7.638287393216748,0.0,,124,2026-04-13,2026-10-07,9.36,8.705,8.89,8.143026438555456,8.04806673370562,8.121617376657284,0.7365530656737792,False,False,12.427779510806173,Technology Services,2026-06-30,momentum_30.6.2026
1119,AMKR,FAIL,1_no_uptrend_stack,not in general uptrend (need EMA20 > EMA40 > EMA50),,,,,,,,-0.71,,,,0.79,0.5933254811169328,-104.35902941808034,0.0,,124,2026-04-13,2026-10-07,51.82,51.11,52.27,52.45384476979301,53.22773837030508,54.14515413685735,2.633357950737469,False,True,7.556986657941846,Electronics,2026-06-30,momentum_30.6.2026
1120,RRX,FAIL,1_no_uptrend_stack,not in general uptrend (need EMA20 > EMA40 > EMA50),,,,,,,,-0.65,,,,2.2,1.1698603523533553,34.90467437921154,0.0,,124,2026-04-13,2026-10-07,162.25,158.81,164.17,158.81966240649518,164.55199870887665,168.05470723769676,6.002547468745355,False,True,5.48444977956876,Machinery,2026-06-30,momentum_30.6.2026
1121,LION,FAIL,1_no_uptrend_stack,not in general uptrend (need EMA20 > EMA40 > EMA50),,,,,,,,-0.97,,,,0.68,0.8907938046797917,50.64782096584273,0.0,,124,2026-04-13,2026-10-07,11.24,11.15,11.31,11.250127534104527,11.546545298942203,11.701649104370885,0.40189752754778535,False,True,5.33020593564702,Media Conglomerates,2026-06-30,momentum_30.6.2026
1122,INDV,FAIL,1_no_uptrend_stack,not in general uptrend (need EMA20 > EMA40 > EMA50),,,,,,,,-0.3,,,,0.75,0.7283065579459206,85.45557441991814,1.1278863232682002,,124,2026-04-13,2026-10-07,35.58,35.58,36.13,35.828038140764555,36.22353172560572,36.41669569179969,0.9608734499658069,False,True,3.9892338083274566,Medical,2026-06-30,momentum_30.6.2026
1123,HYLN,FAIL,1_no_uptrend_stack,not in general uptrend (need EMA20 > EMA40 > EMA50),,,,,,,,-0.55,,,,1.15,0.8825069064531341,-138.65147198480585,0.0,,124,2026-04-13,2026-10-07,3.98,3.805,3.85,4.059996197048155,4.014767238678493,4.018293690665176,0.3045120015142749,False,False,11.86410395510162,Auto,2026-06-30,momentum_30.6.2026
1124,KEYS,FAIL,2_no_bounce,candle did not touch EMA20 & EMA40,,,,,,,,3.51,,,,0.98,0.99672180469744,-12.928001876172717,0.0,,124,2026-04-13,2026-10-07,380.78,375.0,381.42,358.98626644538126,347.33851532346125,344.6027380699245,10.479177641270333,True,True,4.121117524488883,Electronics,2026-06-30,momentum_30.6.2026
1125,VIAV,FAIL,1_no_uptrend_stack,not in general uptrend (need EMA20 > EMA40 > EMA50),,,,,,,,2.44,,,,0.81,0.538573792335267,3.8122162254772336,0.0,,124,2026-04-13,2026-10-07,46.82,45.96,46.27,41.51824515571188,40.30021054673779,40.33603213906522,2.4290181497412044,False,False,7.8744915163427835,Communications Components,2026-06-30,momentum_30.6.2026
1126,WULF,FAIL,1_no_uptrend_stack,not in general uptrend (need EMA20 > EMA40 > EMA50),,,,,,,,-2.24,,,,0.9,1.0494148387698365,-126.38612863273728,0.0,,124,2026-04-13,2026-10-07,14.49,14.07,14.4,15.563857255480647,16.316448109765652,16.72837924627489,1.0399205642455143,False,False,10.83250587755744,Finance,2026-06-30,momentum_30.6.2026
1127,TSEM,FAIL,1_no_uptrend_stack,not in general uptrend (need EMA20 > EMA40 > EMA50),,,,,,,,1.36,,,,0.56,0.803218331271411,-14.128767258870548,0.0,,124,2026-04-13,2026-10-07,247.58,241.76,248.25,232.7120045768323,229.3827388306724,229.50568484683862,13.833108589733131,False,True,8.358373770231498,Electronics,2026-06-30,momentum_30.6.2026
1128,ADI,FAIL,2_no_bounce,latest candle not green,,,,,,,,2.24,,,,1.34,0.8650448194489063,-39.458001847381944,0.0,,124,2026-04-13,2026-10-07,411.85,404.6,410.08,394.02039128514633,386.2584455028081,385.12175584553233,11.165075582718583,True,False,4.083986874287425,Semi Analog & Mixed,2026-06-30,momentum_30.6.2026
1129,MCHP,FAIL,1_no_uptrend_stack,not in general uptrend (need EMA20 > EMA40 > EMA50),,,,,,,,0.14,,,,1.31,1.5962301211413996,-83.19132015451092,0.0,,124,2026-04-13,2026-10-07,78.87,76.54,78.02,77.2400221697269,77.14228180123882,77.61525052261315,2.8513198792238312,False,False,5.481901844188345,Semi Analog & Mixed,2026-06-30,momentum_30.6.2026
1130,NI,FAIL,1_no_uptrend_stack,not in general uptrend (need EMA20 > EMA40 > EMA50),,,,,,,,-1.36,,,,1.8,0.9496821401811241,99.92625368731574,0.0,,124,2026-04-13,2026-10-07,40.61,40.3,40.54,40.15548709761713,41.04058379657287,41.49249165106234,0.6981079005718238,False,False,2.583033672564716,Utility,2026-06-30,momentum_30.6.2026
1131,VECO,FAIL,1_no_uptrend_stack,not in general uptrend (need EMA20 > EMA40 > EMA50),,,,,,,,1.37,,,,1.27,1.1891088328631196,-53.4155110426295,0.0,,124,2026-04-13,2026-10-07,54.01,52.88,53.53,49.96503851254417,49.31842906745294,49.64920237960528,2.826402141820024,False,False,7.920050836409557,Electrical,2026-06-29,momentum_29.6.2026
1132,AAP,FAIL,1_no_uptrend_stack,not in general uptrend (need EMA20 > EMA40 > EMA50),,,,,,,,-2.4,,,,1.01,0.677057164384029,86.75213675213661,0.0,,124,2026-04-13,2026-10-07,41.12,40.46,41.2,41.502750299751376,44.26408015829503,45.48065612672928,1.7830065486719744,False,True,6.491528696621265,Retail,2026-06-29,momentum_29.6.2026
1133,STAA,FAIL,1_no_uptrend_stack,not in general uptrend (need EMA20 > EMA40 > EMA50),,,,,,,,-0.73,,,,1.13,0.8444771381996741,-29.045643153529454,1.6666666666664893,,124,2026-04-13,2026-10-07,22.08,21.96,22.36,22.051566504818076,22.724169478533856,23.100394267112637,1.0169296361287448,False,True,6.821978775461169,Medical,2026-06-29,momentum_29.6.2026
1134,ENB,FAIL,1_no_uptrend_stack,not in general uptrend (need EMA20 > EMA40 > EMA50),,,,,,,,-4.59,,,,1.25,0.7446009450153918,5.765199161427042,0.0,,124,2026-04-13,2026-10-07,46.5,45.83,45.89,47.417355675188354,48.87874625402394,49.46801321902361,0.7799503509605448,False,False,2.5494127837019334,Oil,2026-06-29,momentum_29.6.2026
1135,BHF,FAIL,1_no_uptrend_stack,not in general uptrend (need EMA20 > EMA40 > EMA50),,,,,,,,-2.86,,,,0.58,0.4909903079888034,-166.6666666666684,0.0,,124,2026-04-13,2026-10-07,49.58,49.35,49.66,51.110588236583936,52.96352243700806,53.85015388018774,1.4636292410071752,False,True,4.420950184274593,Insurance,2026-06-29,momentum_29.6.2026
1136,WH,FAIL,1_no_uptrend_stack,not in general uptrend (need EMA20 > EMA40 > EMA50),,,,,,,,-0.18,,,,1.44,0.6266567872092554,53.789083200850484,0.0,,124,2026-04-13,2026-10-07,72.04,71.41,72.24,71.054098097505,71.96803215758166,72.60569823484639,2.027656197868098,False,True,4.210249580290902,Hotels & Motels,2026-06-29,momentum_29.6.2026
1137,KEX,FAIL,1_no_uptrend_stack,not in general uptrend (need EMA20 > EMA40 > EMA50),,,,,,,,0.06,,,,0.88,1.0466403300165872,10.226933412959223,0.0,,124,2026-04-13,2026-10-07,137.36,135.47,137.36,135.8474285931451,136.72525346010713,137.1304718999483,3.617206209676352,False,False,3.9500650222150027,Transportation,2026-06-29,momentum_29.6.2026
1138,CIFR,FAIL,1_no_uptrend_stack,not in general uptrend (need EMA20 > EMA40 > EMA50),,,,,,,,-2.27,,,,1.74,1.1007993285758644,-166.6666666666655,0.0,,124,2026-04-13,2026-10-07,14.99,14.47,14.56,16.424431567264236,17.14730729325858,17.49810082992169,1.293865300120289,False,False,13.329656251239241,Technology Services,2026-06-26,momentum_26.6.2026
1139,DOV,FAIL,1_no_uptrend_stack,not in general uptrend (need EMA20 > EMA40 > EMA50),,,,,,,,-1.94,,,,1.76,0.3910438540629099,-44.38706504364874,0.0,,124,2026-04-13,2026-10-07,189.85,187.55,188.29,190.48640308828536,194.1851974582722,196.0361837260516,3.9987242150621034,False,False,3.185557556212839,Machinery,2026-06-26,momentum_26.6.2026
1140,CORZ,FAIL,1_no_uptrend_stack,not in general uptrend (need EMA20 > EMA40 > EMA50),,,,,,,,-2.49,,,,1.42,0.9137833564877749,-95.083152566883,0.0,,124,2026-04-13,2026-10-07,16.19,15.66,15.94,17.041702228774504,17.965238069797913,18.41703109331213,0.9940863677473744,False,False,9.354639596117075,Finance,2026-06-26,momentum_26.6.2026
1141,MARA,FAIL,1_no_uptrend_stack,not in general uptrend (need EMA20 > EMA40 > EMA50),,,,,,,,-1.56,,,,1.31,0.8336742544775443,-166.66666666666666,0.0,,124,2026-04-13,2026-10-07,10.62,10.16,10.36,11.591956199498197,11.60063194436353,11.620721049461915,0.8075310403737982,False,False,11.692051742863875,Finance,2026-06-26,momentum_26.6.2026
1142,CIM,FAIL,1_no_uptrend_stack,not in general uptrend (need EMA20 > EMA40 > EMA50),,,,,,,,-7.51,,,,3.62,1.0024266329248197,-141.8624891209762,0.0,,124,2026-04-13,2026-10-07,9.14,8.89,8.96,10.150077793252905,10.807266248242568,11.045529736177283,0.277537079934355,False,False,4.646268079258174,REIT,2026-06-26,momentum_26.6.2026
1143,COCO,FAIL,1_no_uptrend_stack,not in general uptrend (need EMA20 > EMA40 > EMA50),,,,,,,,-3.56,,,,2.62,0.8418609260821289,-150.27839963262684,0.0,,124,2026-04-13,2026-10-07,54.02,50.45,50.65,56.37774896838376,58.68199249967096,59.68846587438408,2.5418202911495795,False,False,7.527602046839821,Beverages,2026-06-26,momentum_26.6.2026
1144,ARR,FAIL,1_no_uptrend_stack,not in general uptrend (need EMA20 > EMA40 > EMA50),,,,,,,,-5.65,,,,1.98,1.264613026902096,-129.10353535353542,0.0,,124,2026-04-13,2026-10-07,13.3,13.16,13.29,14.353328021165039,15.051182425468035,15.284403685725405,0.35279834001486804,False,False,3.981922573531242,REIT,2026-06-26,momentum_26.6.2026
1145,MOD,FAIL,1_no_uptrend_stack,not in general uptrend (need EMA20 > EMA40 > EMA50),,,,,,,,0.56,,,,,0.9883126352712234,64.5777977836821,0.0,,124,2026-04-13,2026-10-07,185.1,181.18,189.44,177.79624500509306,180.7470731071747,183.82415708660545,9.976577839114537,False,True,7.899528483251586,Auto,2026-06-25,momentum_25.6.2026
1146,CSTM,FAIL,1_no_uptrend_stack,not in general uptrend (need EMA20 > EMA40 > EMA50),,,,,,,,-1.52,,,,,0.8946014148918232,57.34536082474198,0.0,,124,2026-04-13,2026-10-07,25.22,24.93,25.42,25.404745441436795,26.308280936444298,26.736712556647866,0.8665212145850341,False,True,5.113225105733876,Metal Products,2026-06-25,momentum_25.6.2026
1147,WY,FAIL,1_no_uptrend_stack,not in general uptrend (need EMA20 > EMA40 > EMA50),,,,,,,,-6.34,,,,,1.739099697058776,-11.168384879725004,1.290322580645165,,124,2026-04-13,2026-10-07,18.55,18.36,18.57,20.207316507001128,21.471563430041968,21.862917505325196,0.5195129284037883,False,True,4.196388759319776,Building Products,2026-06-25,momentum_25.6.2026
1148,CTRI,FAIL,1_no_uptrend_stack,not in general uptrend (need EMA20 > EMA40 > EMA50),,,,,,,,-1.59,,,,,0.8763074681532984,-26.875483372002936,0.0,,124,2026-04-13,2026-10-07,20.98,20.38,20.76,20.54015910135483,21.39324721065789,21.979715578825196,0.7692656683392777,False,False,5.558277950428306,Utility,2026-06-25,momentum_25.6.2026
